Unique Words in Subcorpus 1,Unique Words in Subcorpus 2
shurdhahut,afreskun
baird,sulmuet
recensionesh,fundamentalizëm
bilingue,padrejtësisë
bistricëvagalat,pallavicini
boni,kuantizuar
leber,titisto
enzim,indoariane
fjetë,hysejni
specialet,gjolekën
keenan,tregtim
dezintoksifikimi,shitalan
zenelajt,vendimtarë
krisodharpara,tsk
pafajsi,procesore
shfletuese,rraskapitje
nobuteru,projkti
lëshuares,vaital
hedhuri,branka
kulçedrës,antiplumb
suedishte,heminguej
magazina,vishvakarma
pergjithshmja,vargëzimet
manusmriti,psikogjenë
subnetin,mamunigalin
lakrorë,indiviual
qele,kutejbah
computehash,amoruso
doa,editorialet
kolonias,beagle
middelfart,palaearctic
rrugeshpetimi,vullkanizimi
ganymede,valerius
design,kamping
zaloshnjes,trombozës
smartkartelat,tierboskat
myslymi,dantiquits
krytares,poetic
rides,shkrumbuar
mamiko,larsin
tejdukshmëri,çjanë
shkumëzuese,imë
halucinacioni,themptander
vhong,porsakrijuar
mozambikun,brerore
detrat,keelës
programinrevistë,arkansasit
gruanë,kloruri
statocistet,dobresh
kobellarin,ripërsëritura
livia,antikoloniale
kolobon,moats
intervistohen,constantia
purizmi,ankizi
anasara,llogorasë
postblloqe,sundi
nxuar,ndërplanetare
stimulantët,kaishint
kalljaxhinjtë,gjurin
telemakun,mijëvjeçare
gjysëmllogaritjet,dicerorhinus
pemëtaria,eoisodave
phagusngrënësi,heshëm
portkey,amorfë
çsynohet,corobius
shkëmbyeshëm,uris
detoxifikimit,surrealise
proveniencës,kotsion
kuptoja,herbivore
osroene,pazhok
bhim,aif
gjeografë,terezinë
osbese,sfidimin
kethimit,shpenzoheshin
smiley,nepola
shfytëzuar,kaçanikase
kisamen,esadin
theofrastit,mutizmit
rodionov,mejtimi
ekzito,frankëve
këngetar,sorafenib
antolina,marcelino
louvois,frikeshme
shtrengohej,transtromerin
hamptons,garrigue
bodibillder,patishkë
stomatologjinë,akhenatonit
plin,bashkëperandorë
apithy,kaçin
qirez,tajlanda
ushatrët,njehësor
robotikës,pichore
dukaj,jethrib
prindja,epirotë
rrëza,ngurtësim
gautier,dizenjuesit
elinlin,dizdar
filmimin,pakice
argjendaritë,njimend
njëhidroksilike,tarascos
olu,inland
teknologjigji,bismillah
projektidoc,lensnordouest
inkubatorit,lulezimit
dokumeteve,vallader
mbijne,bashkëlagjësve
kdu,sitës
corneliussen,protestuese
civic,euthecodon
linjtat,norillag
peertopeer,revoltohen
softverit,sexhde
algjebra,marresin
zailef,franci
saruni,pervujtshmeri
konservonin,ratke
seer,vezzani
tapin,mëlqinja
shtegtar,hetohet
jëlldërëmit,nallbani
mghierat,agalactiae
titruar,biletë
vetëangazhimit,groote
emmabodafestivalen,brookfield
davidin,jaya
dividentët,reformatore
poliedri,alamelu
flesh,duldulit
përkthym,personokracisë
pinkbeard,kadetëve
kibles,satelitor
xhek,leprave
palatare,epiphany
kadambanagara,bookmarksave
thirre,korrektohen
dermoptera,pcrelativ
pothuajseshtet,eleftherios
spekulua,gajalakshmit
normalizimi,oath
errësojë,padashtas
suplacu,nicassio
ploieti,sueton
saintlouis,cake
supershifrës,kombeëar
herodit,kom
bureto,beaux
provimesh,shahiq
zëvendësanëtare,stromberg
pseudoshkencor,shkoket
deas,kazanlak
edona,meaulne
përpilojnë,elektromotorët
borsipa,lure
këmbëz,pushtimesh
aktivizmit,gratz
specifikuara,soditje
atonit,paraqeramikë
petën,komoranin
ripunuar,ibit
folezon,torreense
indirektë,cem
rritjet,skjë
dollna,berkoviqi
cry,epsh
sansonese,hidroelektrike
tainan,civitas
kabinetfilm,tunesia
shilpin,kerkoje
skenderbe,gjethëzat
heung,jezuiteve
preston,ultraviolete
safikhan,yakovlev
gusto,jaanr
inkosit,aktivistësh
qifllak,irokezët
pavërteta,kodeks
helioscopia,normes
torsten,chuunindhe
borgese,alfetta
sqotë,voldemortin
radiacionit,bishtbririn
vokalisht,feder
bombash,fitness
kronosin,nxënie
fiksimin,oecdsë
corculum,ux
akiblk,infarktet
orfeon,formalizua
tërpeza,theçkat
zjarrfikjes,derallës
nambit,skenografik
injorojmë,ardhshmen
emulsionit,joshqiptarët
universiti,pesëakt
tutmosi,gjenital
yëvendës,vendlindjenshtëpia
keqarmatosur,koronit
kumbaro,simbolizëm
shpërfill,paycheck
kameleonit,klauzolën
invazione,mikluar
gjatënobel,nkrumah
buzzati,kryeqytetasve
khaakhayaja,antropogjenezës
sevillan,karrem
europes,rakipllari
kraheve,suez
preokomiteti,dehkanëve
rrufeje,severusi
amelie,ejubidët
shengjinin,bashkëqytetarët
posterior,abulfazl
hiperreal,paradigme
arsenit,pipetë
amritsarit,mezzosopranit
qendor,përceptimit
unharmed,kreacionit
larisës,ndryshmeduke
sonetet,sidi
nytimescom,ferronikeli
msheha,pisani
promotorit,stilonte
elefantidae,teroide
hydronym,fatimes
nozick,baseball
municipale,anchorage
halucination,ensari
hakë,novoselic
cuny,çolak
stalinistëve,ryshfetit
polifemi,agregatët
sanksionoi,pranina
gjelberimi,lekbibajt
strasser,allotropeve
pana,prasaida
votrenin,nedovoljno
ellery,palatinës
pershkimit,anketat
ridistribuimit,animalis
ntonia,mjesme
skott,amdah
riatdhesohet,jorgaqi
thyestes,vetanake
laureua,kokaqafa
olive,mutacionet
trajtojne,shembi
ndermori,luxse
gjëmuar,draç
grafikee,minifutboll
itarov,kqyr
einhorn,rriqnat
paleokristianë,filharmonisë
egistit,mbulushmërisë
pesëcepësh,lepospondilet
shajakun,paradhe
zaja,stampimit
samaticë,concertos
shpyllëzime,gjobitej
paich,akhoria
kalibangan,fortifikata
përmirsimi,perfomojë
srotriya,permetiviteti
rrefimet,edesi
turqise,gjedhin
recenzentët,arsiennieva
teferi,sozialistischer
iaz,quocunque
kers,elbasandhe
prabhamandalës,kilisë
intelligjencën,dugati
zmadhua,carcharhiniformes
hadum,ekerkojne
nanaghati,maulin
rrangulla,paratanzimatit
moderonte,lucionon
nemestrina,monarkinë
kroacisëterritori,tempat
proçesesh,unorg
çiftelisë,zyrtarizojnë
barke,iken
kundërpërgjigj,telefonash
dolna,transliterojnë
kufiritme,jutta
tëthyet,baballarëve
pasimazhit,mangjolli
smartphon,veçantapër
fokusuese,violin
ectskredi,gurrec
zekirja,aldehidi
ndihmosh,humbisja
nellelit,harresës
shfrytëzonë,chaturthi
tunisë,avancojë
prkos,keqësimin
abonuesit,shrieks
komunikimt,kahrtum
sociolinguistikës,amnistimit
malc,topjan
ballard,podgoria
kabuni,gilbertit
cinhua,përqafonin
lartit,fanaripër
intolerante,këo
memorizon,fatura
stoils,metaloplastikës
krjtësisht,tajfunët
prakrit,rijkaardin
medicare,shfajësimit
mbjelleshin,makarije
eid,gumenicën
dialogojnë,mayukharka
gjembit,vërrtet
gajreti,arsimtarit
kasetën,aksamala
fantazinë,temos
eklipset,bajernit
martanesh,skulptural
tradhëtove,fireplace
luzitan,tarracimi
membranen,dekoratori
perimetralisht,sporofit
hemisferikë,komodin
fshatifshat,farkuar
papërshkueshme,peshkonin
krabs,gjithëkohore
komercializimi,aktoreje
vh,vullnetari
dilin,qepen
papirologjia,alesio
xhafar,poliketidës
mymleqeti,uterus
ebilmeali,surrati
juho,venitjes
fundërrimi,uno
diosçea,tarikatit
pinyin,shtërmeni
asikkalan,daltons
terre,oqeanografë
pratapaditya,tng
kecat,gjeoshkencave
miokardiak,duomo
pagëzohej,lokhartit
nëntoksore,amery
rrumbullakuar,informohen
medresant,mosbesueshëm
arthritis,senjakut
palëkundshëm,xhush
rogo,nivicës
shuajti,elektrokardiograme
gironës,conus
ripohuar,enkriptuara
aproksimime,payet
darsmë,soyuz
bedër,myzeqare
kekkonen,komentimeve
shumëpartiake,asire
xhaguarit,verdit
nanon,paralaksë
qindarkën,biberoni
mësyu,sllavishten
durresi,gundan
pankreatitin,likeni
yokohamas,thermia
mosmarreveshjeve,publikimesh
ofrojmë,okinavan
romanizimit,gorleben
survejuara,musala
solidaritetet,kista
kozmos,arua
kanellën,armenofranceze
sherbeti,djamel
maniale,alghaili
krishtertë,zagrosit
gonorea,kulmak
pikturohen,tujue
bareilly,mexefest
sathurthi,ellora
savantizmit,trre
kapedaneve,suspensioni
tziolis,këngëtarekompozitoren
najbolja,mërkurës
aksionomi,detali
meriban,golding
divorconte,opening
feministesh,skorbutin
vllatko,prelo
pmmp,ajrimin
permetej,aspiroi
discussion,kanalizim
bauerbund,dykrenare
mauzoleun,piknikësh
torpedot,vështirësinë
tobita,shijakun
partenonin,neutralizuese
abramov,patale
qafte,sporofite
fuku,shkove
surrey,zezaket
bharatsvarari,kalkidikias
tringles,simhavishnu
bothnia,tematiken
strukturalizmit,deportuarve
cankarsë,oneal
beadini,prenses
zenmon,asgard
mbritjet,shufrës
ligjvënësit,gjurmën
kontracepsion,preveza
çmëndur,qylyma
pakushtëzuar,auditim
deportimet,avalokiteshvaran
enielit,magjeps
kapanonit,matos
venger,greminë
fyhej,odrat
cetina,helikore
canada,rumblers
centralizuese,region
gjalpës,yalova
distribuoi,tridhjëtave
sthalasayana,crame
milionthi,leshkot
vilave,fërshëllen
ridente,indrën
shallvares,nippon
associationsa,evulucionit
vittorino,qëndrueshmëria
shingenit,eminin
marrakesh,shaquille
turbullirash,ndërkomëtar
veliki,pitagorien
charlottesville,topana
jospektual,institutini
tjerin,maurizio
endoskopikeeus,lëvdohen
fagus,benxhamin
kontrapunto,absorbimin
përgjakshëm,printing
sinusoide,koncipuar
pontiac,vendiose
hekubës,hindgut
shpetoje,implikimit
thekëra,gjina
coronavirus,meanstreak
rfcs,filips
frymemarrja,tatl
vahnave,councilors
lobimit,ridotto
kapilaret,loka
attorney,fiereve
nicolaus,anashkalua
rigpa,ranalizueshme
yjo,lluakrit
siçili,cheile
perdhunon,popullesia
bashkëvepruese,seleksionimit
poliesteri,kryeemer
kripësinë,urtesise
popziani,poshtërsitë
dakuini,ipotesë
hasitmarrin,motelet
ushqeheshin,qabenë
bashka,nënkryetari
timeout,lajçi
kofsha,vaterlosë
tatarë,rakitin
konsultues,montcheutin
mandarinadë,amanites
regjizurë,debi
kulçedrën,puqërr
çfrikë,jogike
ghillie,shëndrua
polati,vetëtimës
shënm,sienën
holandezin,vuajë
adb,viserys
mukli,zaptuesit
kompilatorëve,alipashiane
nergal,bannerman
braka,kabaddi
rrullat,daibutsu
gjuajt,nabire
terrorizuar,nënvizojnë
mossuksesit,aradha
bezdis,karabinierët
delano,basë
tetëkëndshave,proletarë
oistrakh,hypertext
shtraus,urgike
baculum,kërthizorë
aulidës,narayanabhattas
nouvionetcatillon,proteza
ibnuddaghna,sokrat
karierë,canzone
azumi,rrokjor
kuressaare,manushi
ashabët,naha
dachau,ashpërsoi
sherre,quietus
djelës,barishtor
kijac,hayao
chirac,tirupparankunram
endësve,turbulencë
kaur,shishkin
tregtareve,brahmanin
rampat,përkujdesja
qartësie,tyrol
legjenden,mbulushmëria
playa,ultratingull
rodinit,konfirmonte
shaqo,endergone
reçin,platoneze
shprëngulën,zëvëndëspresident
kurshumli,ambientalistët
defi,ngurtësisë
aktoresk,zehn
marëveshjet,rvanon
sfondi,vatre
implementime,vrapin
çadrave,përbetimet
citan,arame
zakonëshme,punetor
diogenes,getafes
kurdisura,faktoribolag
dhenesit,këshhtu
konkluzioni,jiu
remo,kuqrremta
tiketave,kerzner
grammaticae,ankesash
predrimsko,neonaziksin
jivanlal,henke
lenergia,sifone
gjysh,shkrepen
karaza,marrëzira
demari,shmangni
claus,superstratë
panjohurës,kompozicioni
ehe,licee
njëriu,coptues
dobiprurëse,manekene
furgonëve,atrofiedades
dërgimi,ajrosjes
planprogrameve,shrikhetra
shfryrjes,vazë
gesellschaft,duprez
gjurmimeve,spiralizuara
antagoniste,rëndëgjithashtu
nimetja,çoroditës
pritët,superstrada
cteaux,përmbajti
rrugaçëve,kristalografe
shpëlahen,nurka
ndihniën,atlantas
përqasje,tabeles
njihorit,proteinëkinaza
zonjusha,vetëmbajtaj
toksore,nukia
doktorin,bananeje
mathë,çvarrosë
mesnatën,sagibarba
piali,protonit
oogie,vërtetësine
kontriboj,politikologë
repkokrrizor,skuderise
banoje,marim
spirave,trinitrate
divestment,moszbatimi
mbinatyrshmeai,taksuese
nëpunësish,veprineve
shirokë,porkys
radeshës,diskretituar
sërmur,realsocialiste
hevneren,parandalojmë
begann,koroshisht
kontribuimin,ecni
pedantë,hodge
isniqit,vag
rangaku,hicksa
votuat,luajtës
izotermat,zbaviten
iccl,sterlja
kulturoarsimore,prashikon
sejdia,fodullëku
mendo,revokimit
demokracine,thjerrëzes
arkitektonikishtë,rigjeneruar
vjellja,feed
ringjyrosur,hipokrizia
sekundi,solidarë
meditimet,retina
olyotorsky,imunoterapinë
dalse,fmritë
dhei,jahtin
antagonizuar,përtacia
fresketa,çiteli
fejeses,përfaqësoj
popullacioni,gepardi
tropojes,clucas
kristalin,propozojn
brazzaville,vedavallithayarin
dinah,brëndshëm
pershkruajnë,rendites
aghor,frashëllinj
melaminit,playoffeve
kaucuku,bulqizë
lobster,skulpturash
albanicum,respektivish
anmary,turpi
pele,shpateve
repgrupit,rosario
individitfamiljes,komtare
fshi,gjeshnikoshit
shkëlqesisë,maqedoncinborocin
rekha,yangdi
udhëzonë,ashuquajturës
plagoste,kastelfranko
jashtëmartesorë,kyrburg
dobitë,divisie
dyqint,monopolia
draganit,barazojnë
përmbledhin,mesuame
inagurimit,zetën
hernernobil,griechisches
kandidohet,conan
perfuzuara,vessalius
andar,cilësojmë
fosse,ekzekutuesi
mvm,plugimit
munisuvratnathit,sakaroza
vetëgjymtime,salajdin
privatenë,colorectal
nënvlerësim,oktrovës
izgovor,gemsbokët
ekonomisi,teoremes
doo,prespektivat
hemisferave,kethiri
gjuhapor,bjelashnicën
jetuari,hayam
cakrani,variboba
gjamie,lorealit
experiencat,ushtart
rishkrimesh,laurel
mahasivaratri,valencianët
spahivogli,trillerit
zailefopulo,ilusha
andrejevna,rivokuar
euremenin,ofshameve
dabishecin,fotografët
diskutoheshin,peshmerga
vertetsin,destinacionesh
kitties,qendërmbrojtës
kumbonte,manchu
edebiyat,gjykohej
digjitalizuara,poetikën
tepricëfatale,dalmatian
tessin,krihsterë
zujnullah,urojmë
shkroj,musakës
kodren,ngjallnin
verejtje,murlani
adhuroja,shbaalbumi
bachi,ishthemelues
rrufesë,ledinat
investiguar,qumiper
dsm,probabilitetin
khar,tambe
krërshtërë,kutimin
vockël,sitges
dekart,bifenyleve
donatorë,shrimtarëve
xhejsmi,britney
autariatët,njervzit
pil,tarciso
lippina,sortveri
romancën,mielotike
afirmimit,marcianit
ndashme,inçestibile
demografikë,lejfi
courier,fitontne
antiteze,hebrenjsh
përçart,dimti
opozitarët,tabitha
përudhë,genth
receptuesi,gjuhëtarja
çeçini,performojnë
rehatoje,telemachus
deget,earths
thks,qerqeve
rrudhat,cokos
procvitaju,notte
pribisllav,certifikuese
paralelopipede,dialogjike
vergne,brickyard
prishës,pasanikë
caenorhabditis,lartësija
kërpit,përpunonte
adonis,çesena
nanzianzus,tuvalu
preteksti,pounueshme
ahlen,peruxhës
albonë,brakiblastët
shfrytëzuesin,daljës
dijir,ingests
monadat,evëtori
vizatojnë,asketikë
nayanarët,pirates
koordinative,kirbi
kallurën,cishte
thomaidhën,luftetar
palltoja,shtatzënësi
parttime,afrimitet
paaftësija,longman
mujshar,hoxhes
valet,pudi
virsakryen,kompozojë
shkopinjë,kapsllëk
halabak,vegle
fiordiligi,arkitekturimin
marër,ioannes
shërbëtoret,sintetizoj
samgori,mnrë
diri,dionisi
pleonazëm,rivendosnin
strabizmin,josensitiv
engravings,ajmi
pornon,peleponeze
koncz,morse
jupi,bundeslige
pamatë,elektrum
tehexhxhud,vëdekjen
lamuresurazergues,royalistët
holly,proantgrupi
pendore,fijeje
pamundësojnë,surjeet
drekën,mirepritet
korresponduara,kolonisti
mizuame,fustanellë
arsyetime,galanter
nënkresë,grassenord
emerin,tiegulla
kollazhet,muzikologjisë
bardock,inçat
rëndësië,lipih
elan,slogani
varshmeri,batvi
hipofizës,marria
diskutuese,skepsën
zejnepen,miopi
blogere,plasaritur
asamblea,germës
përkëtej,tahikardinë
pikasso,ravidass
naivitetin,gally
hamitin,sklavonis
skotome,jolau
doktorinës,isami
elzybair,tundoi
pakveprën,mikrofag
nazifashistë,nderuem
maiken,suspenduar
ekzosferë,skeptikë
ishdashnorët,gërryese
danica,muhaj
fabia,lybek
menjanon,rheumatologjisë
transportojë,njëegeldinstitut
mabharatës,klte
friulian,jeronimin
fernn,ballëlart
ekëtij,voca
superficial,maredhenie
qulltë,icili
kontrollueshëm,kontraktimi
srcu,godas
konvekcionist,orvateshin
kongjill,elizabeterine
quintin,kynakynane
serializim,uki
ngordhura,avullime
gana,qesha
dashamire,kembezbathur
hinkë,boku
kasemit,etnologjisë
efektiva,qiriako
ndërfaqeve,termopilet
modernistëve,sheshqeku
ngrutjes,pepeli
poo,poliomieliti
ugandan,aureliuscredence
aksu,pabesimtar
anullimin,makalengu
loci,vijes
vijonin,shumëfaqëshe
monitorul,averoesi
ahin,kinofile
lashtëve,klit
huvinahadgalli,metopa
palok,pelerina
malushaj,braggu
platz,bylmetin
katave,helenalinit
longannet,luthienes
kongesi,enigmës
tropojanët,andajduhet
interfejsi,tërheqet
oroville,njihnit
undelineated,kosmologjike
urijanghadai,pëllëmbë
akustikeqë,gjermanoverilindore
bazidiomicetes,peyton
rimor,ringjallerohet
brocchi,cerrikut
kryekatundari,skënderajt
latinoamerikane,llamkos
uill,marcia
bashkëtingëllor,panagoulis
ukonetaish,diviner
tezn,fermentuar
kontolloni,çehovit
courte,stermas
austin,lubang
mikrovalës,karbonateve
skendërbeut,dhoji
parllaku,funte
pastrat,potifarn
tixhanisë,ribashkojë
shqefari,meci
furrtar,palatuar
bullgarvve,polifazës
ottovonguericke,shalqin
rikrijua,gilberts
garancia,insider
reichsgau,vegetto
fillimeve,callixtus
ungheni,polisoprene
mjak,direction
karnivorave,kontestohet
kalif,vetvetishëm
gross,maksuti
navigacionit,pejëspasi
dekalogu,rushajeve
çrregullimin,manaferrat
ilpas,shkenctarin
lëpjeta,untold
mungua,rezarta
staneve,samsaris
rappels,voest
jostrukturale,fetin
vathat,natura
dfishe,chiassos
carbide,kioto
naivët,kange
interfronti,drureve
solstikut,intuitës
atltic,inkoherenca
okinaua,lendësh
përdorësh,lipavec
monoliti,lëngëta
vhs,njëanshmërisë
zhivlluar,cordessurciel
novatorai,maly
juglindjes,lasgushi
lëshoje,garashanin
siguriintegritet,masuricës
madhavas,janjarit
raionul,gestation
blakçori,mesic
maskarada,mbjellur
nationalist,cpennant
novobërdës,nxor
prashitur,abstract
letrarefilozofike,meskiana
orthon,rahorakhty
xhelalit,valentn
shënjëzuar,observator
globalfoundries,inspiruan
përmendjet,ndrronin
zhvilluesve,shkodren
protosllave,achna
panjab,shenuar
lahutën,tercina
ngashërim,minguli
kadmin,qemerësh
bihen,kajali
ripërpunojnë,moskovite
zhillimin,bubullimësqë
nurembergu,konsolidojë
mërgimesh,defo
gjellës,atëhetë
mon,njëjtëve
stabilizojë,nxehje
bariun,përbashkimin
kundershtoi,polac
dualën,busby
dualist,zuniga
paramendojmë,farmacisteve
lman,kalkulatorin
çertificates,giimbiyu
përshiu,loder
gjysëmelementin,urtësisë
late,katabi
largeta,shumbat
shusha,koncentratet
salamandrën,koinone
lltë,asanovna
kinematëfilmat,hipnotizojë
danae,rocamora
skanderbeku,kërshëndellat
dakaj,tepricavepasi
barodas,hierarkin
univision,aberforthit
stankë,joromakë
mammogram,prevalencë
hinduism,saintamandleseauxrive
cilesojn,habipaj
herbonit,petersborough
neuroleptikë,citim
mundësua,stigma
përmbajtjën,sinain
qetësimit,lucchese
tregtojnë,kanalizimin
indikon,interaktohen
kalyanakat,portament
bashkkoheshin,tesalisë
labyrinthodontia,lorcan
eichberg,isrës
grekohelene,hafnium
ekskaliburi,sabotatorësh
jezuin,radioja
nervozoi,pretendojmë
nursin,fushëlum
merakoseshin,salvia
norska,ekuaristia
kunorës,nitish
logistic,saintgineisencoiron
filua,përkundë
logoheni,kromatinë
suhareke,prokofiev
ezquerro,konsidernonte
gjejlane,juristët
lansojnë,vanidades
dibbern,ndërtuen
mërzi,labiovelareveve
ilusive,parisiane
tifozin,cernicës
fagoti,komunikacion
bucks,simulues
litri,beast
makroblaste,varangiane
kripke,bey
cingëronin,professionals
lamazares,ahesë
lehën,bork
taksës,fillioi
jourdan,kairoqerim
arellius,njri
jugqendrore,motocikleta
armor,mirmëngjes
luzat,babua
karaxhiq,alinë
skedarin,drg
gazërash,ekspoloronin
ushatarke,birnbaum
ekozhvillimi,dealu
montaj,mejzhii
temperamentin,besueshmëriajo
srirangam,mblodhe
bjond,katësh
naihmesë,kalvinist
simi,bayonnenord
ibra,çokollatelajthie
përputhshmëri,cuzco
fiken,paleofiziologjisë
faqësor,qurrelin
pasuessulmues,përpiloj
inar,veles
minski,denoncon
kururugi,fokuson
bivizione,marthas
kalevi,kopsitur
ndëroperueshme,nogueira
intelektuali,kundershtaret
hartuesit,përfytyrime
infektoi,curriculat
kultusprotektoratit,byakugan
sutherland,dhikri
benificione,mahnitën
banias,fallso
palosshme,majer
scenes,eordëve
fshatqytet,planare
maeonianëve,qaji
kerkeses,cinq
drejtëvizore,chantel
rezultantja,teleprinterit
atak,seksualë
nojbaherit,hopit
balyntra,shkathet
ndrrojne,taziyat
duftouni,pbcro
aktualizohet,aonori
kuptojme,ndërkohëedhe
mongoliane,mbytet
nuno,spiunon
xingzhou,fyer
dancin,siddharta
valuar,cad
aneurizmatike,pulsimeve
smogovina,vetëorganizimit
gërnçari,financiale
shfrytezoni,shumëtipare
pantullet,periodave
neurotransmetuesit,vrojtimit
austroosmane,hyso
skedare,kleoniqi
xinhua,duruan
stafrace,tdi
paqortueshme,bassist
shkëpusë,esence
nocajt,mouseve
islamoshqiptare,ulçerës
synojë,allahi
mikroaerofile,kryeimami
strukturimit,theksoje
fenerbahçes,shtrembim
guitë,krosnisht
mourinhos,enprojection
filipinesë,hallesh
specje,kaniformet
mainframes,kostallari
nyrëmbergut,brokë
qarkullua,luzsaintsauveur
thelstan,ghaziuddin
optimalë,boombayah
vientiane,segundo
ballokumeve,rret
varend,tupanet
suhogërllë,rzon
pieve,teri
comella,hajrit
hapit,ilinoisit
jonikoiy,alavandar
melanesian,maxhorancës
shpejtëia,vizualeve
plage,rrij
magnituda,impossible
parëtë,lëpirje
verpimtarisë,proitalian
xy,keimi
orusti,zinoves
menteje,çipros
tangoja,meydan
siguresë,gjeologe
lilly,papërzgjedhshëm
ddos,administruartestimi
ëmbëltoren,maakar
rizal,mingrelian
smundën,gjësende
shaivaizëm,orientalizmit
liveaction,petronio
iniciativave,parisorli
qoku,vargmale
californians,lodhënim
stendave,pushtuarit
sateliti,seuil
pirofobisë,nihilizmi
entit,gramma
dial,hdigdppapunësianiveli
shëndrimit,pirsos
garderobës,raquel
vaganti,robertën
velleda,maritime
perec,demarkacionin
aromave,asirian
shqipëruar,fetvas
njuxhersi,rubens
papërcaktuara,mutah
verteton,nivokarsti
desivojcë,greiser
nnjng,dyjor
përgjegjësive,rehatia
tiktokut,pjesëmarrësin
maksuell,irisit
kaniformëve,promilë
degjoje,muere
sahure,amilazë
lavjerrës,delvinaq
merave,ahmedit
konsiderimi,kapitolit
kameleonë,vargëzimi
morfema,kuqlina
darfurit,kryemadh
errradifeh,cannizzaro
pneumatikut,hcken
sondazhit,erald
caesars,ogurmire
kostomarov,ndërmarrim
salmon,suhrkamp
roccella,penetrojë
biokimikometabolike,pabotueme
torusit,revizionit
transgjene,dhisë
proteut,çmenden
marky,morrissey
pastërt,përjashtoja
mëngjesë,mirsjellja
dhudiraj,xhelatinës
produktëve,partit
atali,ilindenit
centraal,vrojtuan
koherentikisht,vetiniciativë
simpozium,orvatën
loriku,paugussett
normalizuese,gal
macon,beadgbe
përhajrua,antiopa
cautela,gifutzu
pëllumba,nesin
illutana,auteurs
përfitojmë,virtuosie
muskat,njëmbëdhjeti
desilizionuan,condes
doumit,greyfriars
displinore,amori
kapshticës,shunt
sakrakririn,baignessainteradegonde
altarëve,melcise
bruke,bërditjet
ajrimi,kualifikuesve
zbrazëtisë,dcve
rakiti,burgeoning
kershi,grumbullonte
jelili,krushja
baptista,pyrometra
lare,transkodon
kuvare,pullë
gravidencës,infleunca
bejsbollit,piton
argëtojnë,dashamirësia
farma,shkaterrimin
cdt,begaj
rilindësve,celestia
mortelle,niuserresë
serosa,ekstraqelizor
ligëss,luhat
namazinjepni,artikulohen
laserëve,hartuesi
suksseshëm,samanidase
zbrastësirat,dhunshem
qetësisësë,fabulë
syracuse,stines
humoral,përbindeshi
intimisht,sihte
lagjën,lëndohej
karbonatike,psikologjie
screenshot,skëlqeu
bulut,hajdaragaj
prezervativ,enzimet
stilizimi,medauri
fotografësh,shffa
xhan,maccabiah
indiferentët,riaza
pyke,kyshir
vajtonin,agnathans
luftuari,alishanëve
anak,serbojugosllavë
smederevën,vetequajtën
maçurkut,gaya
mbingarkim,memmi
legjitimuese,çihajtibet
vesalit,kollokotronit
topuzer,brahe
kafebare,frymërat
paramecisë,parashikoni
xbiex,bloku
marmiro,alaziz
varfanjakëve,mahmoud
titaneve,kroatoamerikan
italianeqe,havells
guarnieri,thepi
oruç,lehonisë
pieron,hilderbrandin
ekonomite,gurdarë
kyçeve,redologjia
overture,rinovimet
brezgjëra,hordhit
tangsilla,konformist
kaleshiroli,zthoma
ndërrohuni,alnaser
schtt,bonaparte
presidentësh,tubimeve
sekulare,edukativearsimore
bashklojtare,çardagh
pitagoreanët,qenani
hajdutin,mcrae
furtado,luhanski
ayhan,liturgjia
amalisë,kharkov
lëvizeshin,gorki
naginit,matematikorë
zhushi,kadrije
dialektitheksi,pakën
guruji,pasteurellaceae
tranzitor,kolektivizimin
proshohen,çizmeve
gurojnë,oazit
ismailitët,thaunë
egjiptianojudaike,turnut
figb,vagullta
qytetitshtetit,novitiate
teanovi,telefonatave
almeida,commons
kokdodë,poseidonit
sacrifice,mangozin
sotit,faullit
devocioni,aerodinamikës
shkurtëza,kundërshtaret
antifashisti,boranë
safe,ibishi
vollmann,mersch
adherojnë,ajantas
tegmentum,osmaniushtrime
vm,hetuese
paraardhësja,jakupaj
tirqve,infektohet
kato,përvijimi
ruterëve,venbanimet
apartamentesh,mahendravarmanit
interferencë,humilissima
integruesit,sfax
livijn,vokalistët
kentaurit,delegimin
literate,hobhouse
vaska,ardhjene
daryaganj,didëroi
arsimtare,hovet
brengdetare,metil
vazgenashen,stanislaus
hotël,çoroditjen
kubratit,gjëmat
mazarë,giovan
torimono,fizkantet
sakiamunit,alfabetikisht
shkaë,zoterinje
llapa,telenetit
louverture,broboniq
gitare,zekeria
konfidente,bokës
ambiciozët,kunxh
bibliografia,pumë
zhytën,manifestimit
cefetmg,postura
lumjanë,agralaknau
frenuese,spiridoni
vizitasionit,portae
prolog,madden
cyle,terrell
edukologjia,diederich
needs,falanga
vallëzimeve,raxhatë
inxhinieringun,antikapitaliste
ribotimet,ndërpritej
pëlhurës,brenge
memushaj,përplasjen
markovendlindja,japish
kaldatores,parkinsonizmit
kares,shplarje
madhuvathammani,jogrekë
gjashtëmbëdhjetat,lypte
dubsi,vasale
rigjenerohet,byggelit
klç,bajzes
fisnikerise,mbajtësen
mençurohen,saksonia
çelikun,influencoje
macrosceloides,chauvel
axhendën,albermarle
pakohut,fungjeve
konsultime,aliçka
shkarkonin,kyçje
pastërtisë,lilleest
adoleshentin,pashiq
gornjani,demografisë
ngërthimi,shpenzimin
olimpe,kercovar
rreshtoi,dasmafestivale
lberg,gevax
togfjalëshi,logorecit
concorde,padron
kanpurit,zsulo
savanne,kriminalistikë
sanhedrinit,ndijojmë
goverdhanpur,longmenit
kaijin,guarachera
cvetelo,kidnapua
xhuvanielbasan,aksp
etiketohen,pjalmit
perspektiven,pataj
kirgistani,purnima
vlerësojmë,burkert
traverse,kartagjenës
beam,hassel
rrjedhues,rotundedhe
mtr,eshref
hatemtai,sobës
merimangë,rregjistroi
elasadi,skocezë
ngazëllente,vatinës
auditit,trainuar
gieen,kurveleshin
navarajyam,verirore
bozdovecit,kindergarten
buzëne,aktivizmin
dubluesi,binishi
kenaqet,ndërthuren
formalitetet,gulielmos
martësore,alergjik
qartesit,rakacolli
kremona,bekoj
ahishtave,frutdhënëse
tapë,aktivizohej
paraqituara,shpenizimeve
nallaneve,pluralizmin
afaja,mëny
skeptikisht,kombësitë
rrepat,burokratizimit
yojong,klasicizmit
mekanizuar,folikular
krizi,babasë
nidhrës,arkea
armendi,cholani
kachya,imitonin
iredentistja,couen
odette,shënjimit
rizomat,lkka
shkaktërronin,leknes
cynara,konkurroj
mastiku,elemit
admirojeni,budat
njëmendësuar,kredo
ruhnamas,shtrimit
cetuia,ujlie
ianiditët,vërshëllimën
schimmelit,vuçitërna
shëndoshtë,neolit
xhulian,perëndimizonte
maurani,përfitue
gjolleshit,seasonal
fshikullimin,bengurion
verbalisht,gjeoshkencë
citaku,kadifeje
parullave,nadhe
ebrbdben,burgosjes
marksizmi,kaftë
esh,relevant
menheteni,kadë
inicuar,rohan
gramenon,kaminën
dehistoricized,tautologjik
mature,mageve
thesalët,chailland
spërkatni,rizbulojnë
sicilinë,stereotipik
milosheviçi,birë
teoretike,ditorë
hidrometrike,lluri
rrashidinëve,prishrinë
tiranëdurrësit,taish
elektrostatika,aipa
shkemb,erkanit
rockets,lëkundën
banjicë,rusifikimi
lejedrejtimit,tolkppiyami
sunna,ramsesë
mudin,xëcin
tihamahut,zilës
buburrec,vion
norsefire,mospërf
shtrëngimet,perendimor
scientifico,hipokritëve
tripolicë,lycopene
pathinarukettut,hekura
jamanin,antidepresivët
dubocit,nikolet
jolinear,metabolix
juloosi,citat
buchhandels,gpsit
tragjasit,turnetë
gabrore,prbhet
hunjtë,secure
perlin,erostrato
schyman,islamist
basin,skandale
fredj,hughie
phragmites,ngarkimi
talentuarit,burjati
lunë,artdashëse
zgjatës,anastasia
blertës,folklorist
evidencim,gorrica
pazaraket,rëndët
ëndërrimtare,brazilianve
nit,rropatjet
bullgaroosman,ahavit
savrës,mbrojtjet
duetit,arhondë
pendësh,fitonim
dirigjuara,marien
persishte,kinematike
lleshet,div
skoliozes,paketohen
guximtarët,pikasos
mufail,askanjeti
shtofi,jahudizmi
hercules,karabullakun
pemtore,priapiscus
zinai,ndërmarrur
huaorani,raun
oktetin,numë
viharat,glukagonit
drejtoheshi,lëmoshës
teksturën,gjysmëfëmijërinë
mandapami,getave
donator,sindromin
sklerenkima,thaddeusit
vendorët,lamniformes
hegjemoni,minosit
fundjava,hesiodi
gjonmarkut,transferus
stijn,shrekun
gulçuese,augie
bolognës,enciklopedikoetnografike
pandare,bashketingelloret
magmat,monumentesh
bashkëveprimin,pervizit
olives,atkinsonsë
tralisë,vezirët
kryeinspektori,histrës
elseb,pierce
grillotalpidi,fosfolipideve
krushken,antidemokratike
turkë,celticun
trekendeshi,demoralizohem
itachit,informativo
doldebretagne,krytare
rikrijim,krevatit
irridentiste,bakelandi
ekendahl,ballata
horsley,turpërimit
feign,kujtojm
lozhanit,bramantes
stic,xcution
buondelmonte,omairi
gaqë,agjenca
ral,eksternalitet
zabelit,shkëlqej
servantesit,hobistët
rekursive,marangozët
përformancës,vietnameze
dyslexic,udhzojn
përsëritjes,lëvrimit
alelesh,përgjithësojmë
mylit,deportes
holmalunds,brom
vendemiano,synoni
kolonis,cemeroni
mësueme,akceptueshme
objektitsepse,abodrites
oket,described
biokimik,eufemizmave
manifestit,fleçeri
konspirativ,zyret
fluskave,metematikë
colit,përtuar
pilivesat,sandier
okulist,gaetës
rrjedhoj,himalajet
kamelie,sociocultural
cutro,perthshire
blacklist,rrëshqitja
nnshtrohen,ëhitney
linguistikë,anesore
introspektive,kediet
dekompozoheshin,përvijuar
kankandidat,bfsu
rrfimit,melodramë
persllopi,xhaxhallarët
shkelqimin,sirdar
dartmouth,perlustronte
nyrëmberg,vetëvetiu
armiqesore,njohjeve
stivën,gjysmëfusha
gabimesh,teë
agourlaio,pashkanj
emulohet,pretendoj
administrtes,anno
aktuali,frhlings
bazilektore,narodnaja
tayeb,shipra
ricciardo,podyj
vyetovn,opine
sinanaj,zabadanit
mbramit,xmas
famshën,modelon
divizonet,sukarno
ius,mainardi
lejimit,crashes
keltotrakoilire,joselu
pseudocarp,sallata
mirëbesimit,mutules
laptopi,rickard
risistemim,chinard
pallatine,ovarianit
glottolog,asif
patkoit,pegasusit
livorno,deshifronin
podbreg,pavithra
njegoshit,këndëdrejta
bashkusakura,gjesteve
darmstadt,avignonit
tradetua,peshore
kryesoreqendrore,tradhëtinë
nataraxja,fajlli
kostoefektivitetin,firmon
tangiri,bloqesh
brahminizmi,nikincin
kavaletën,salma
kullotë,mesuesi
anër,antonimet
monitorojinspektoj,komedie
dratselkammarenit,vpnat
cintrn,diaz
breshërisë,tribusë
bërkovica,konkurimin
shpifëse,dashashavamedheshvara
eklogitike,mjellma
augsburgnrnberg,holberg
hezbollah,azulgran
izraelrituali,mahabaratës
ishxhamisë,kallçijt
heidenhain,hiçi
parkinson,quraish
shtresuar,panuar
ralle,pronësoi
përhime,hidratimi
titulloheshin,klauzolat
zogus,haxhet
ushqenim,romantizmin
meillard,kampionimit
dëfrim,temenosi
marnoviçit,sbëhet
farah,vrapuese
mcu,sulovari
agrikola,darmës
investimin,ndërlidhë
dillinger,garentina
mangustës,rënditjes
televizorëve,fleischer
gehrer,qeshin
rafaelos,banya
inaat,tomorr
touraine,palases
ilkokulu,sanctorumi
gjelit,contralto
michi,egzekutuar
augeut,livadhar
parnesianët,abasit
relaksuara,troft
plocek,akuitania
karnaku,mirei
intimissimi,cousin
pradakshinapatha,abstragimit
golashënuesit,vilt
mazda,megumi
coolsville,distribucionin
shëmbëllen,septumi
ditërrëfenjësi,virashaivizmit
sharja,ostfeldzugs
cleare,mitokondriet
irvine,kategoris
finlandia,centromerës
ettajib,zes
adaptueshme,sov
tjetërsoi,veselaj
planifikimet,groove
dolo,gelltiten
krisse,kursorit
tendecën,giskardi
hajdutëria,toptanimema
diakoni,koetschau
inxhineri,karikatori
soyombo,shtembëruar
lock,engelson
univesitetit,khajurahos
harishena,heiligenhof
ngurruese,domethenes
fillonë,papëve
pilots,bojës
mrojtës,shkuljen
stolonet,gvec
grazit,grupimin
arrijne,kryesoë
pahal,jarrahy
gjuhëzore,lonnie
ndihte,isobelle
albanesi,drinopolas
dekoratat,sajbilbili
neuroshkenca,anisotropi
rregullativat,qështjet
ristanin,daule
dtre,ottoman
kërçovën,krrabës
shpërndahebn,egrit
frikësojnë,korr
amavasai,qejfin
titogradit,escobars
ekselin,parivara
shqyrtojmë,casademunt
musë,toskërishtes
vrasjën,jomaterial
hulumtue,vomeros
ahmetaga,burroughs
grupojmë,mashtrimet
torikon,kalimtarët
frymënxjerrje,jenish
ndërpreheshin,adaptua
kungfusë,toyopet
shumëpartiak,ilirida
krahasojme,peshojne
miqësoret,trasformon
kishiri,insideout
certifikim,zëvëndësueshëm
debatesh,diversifikohen
murgjë,rougemont
konstatojnë,krishtlindjesh
montral,kurskut
gjashtat,rezervim
shpejtësin,sativa
parauejtë,gotave
kafeinës,ishtrainerin
lejo,feksi
hasanbegut,kengerarve
jolegale,hartfordu
temjanisur,tarracore
reichutn,aint
vegavathi,palafitet
kreshniket,palez
schyffert,titistët
vasa,gnostike
tolerohet,përshtatshmërisë
kinëse,hortikulturistët
fjalëvepërmbledhje,folikulet
dardhare,shenjësisë
vallezuese,ngadhnjeu
forms,vataapi
credits,pëlleshme
harcburgiteve,spink
rivarrosën,ilaster
panayi,ksenoni
gradientin,zeles
përrallit,amazoneve
nauen,kraheror
shtuese,dhembshur
ghattas,moro
heep,kolorature
rexhimi,cyberstates
shaqirin,vendodhjen
tunxesë,fettyn
intelligencer,sakramente
rëndësishe,kriptim
scamozzi,praçfarë
kapsamunit,yury
cornelius,nikolicës
mospagimi,dominic
michiganit,vegjëlpor
kosva,lvi
heterotipë,topillës
baraspesha,vetra
advlerësimi,hartsfieldjackson
shaptilograf,pazgjedhur
maduro,gjuetarëmbledhësve
jonosferës,rindërtimet
rezervimesh,ekuivoke
gheghet,varfanjakë
antiskolastike,tablela
karafilat,hamidit
effenberg,ceko
fisë,restad
herbicideve,vijimë
pulmonale,gjyqtarja
dyndjen,malësise
metrikës,milimeter
alternativash,sinkronistike
arpanet,pjerrtësia
salierve,shpi
kilo,derick
darlene,joidentikë
bazn,oragnizuara
udder,nordmann
ruterësh,gjashtëmbëdhjetërrokëshi
mbivendosjen,kërcënoj
traversarit,eliminohen
eliminonte,magazineu
durant,xhanzxhan
minber,pjellshmëri
pkssë,pbdsh
vëzhguara,shakta
roebuck,titanët
metës,neuchtel
yorkëve,pregatitet
sabrinën,auleta
varoshit,antonn
granulimi,ekstremitetet
distancuan,shimshon
hindin,gangrena
mundësish,malakasëve
permbledh,landëve
samatise,naftëlente
hearn,lekundja
ibrahimoviç,udhëzonin
individualitete,patriarkal
shpalljeje,hetman
shaoran,sikotari
itv,escorial
tranzitorin,partha
qytetshtetit,azaz
greqiturqi,likoja
albers,velirë
brahimaj,fuzione
katunde,thneglat
hasaj,prutit
shankaracharya,kosovainfest
filloreta,chalcedon
prozat,ethnogjeneza
ndaluesi,shekullitedicioni
bishnupada,minoru
grmimet,provokacioneve
merseyside,afreskuesit
platoja,lencës
kongnitive,zylos
ketino,garnitura
akp,besuarnë
annapoorna,kuadrate
sfidimi,artistikoshkencor
substanciale,nomisma
postdoktoral,kus
caglarit,shatobrianit
gjakëpërzier,xhekut
kranja,çeshtjes
savino,vaganicë
fjalëkryqi,sdp
koordinonin,rindertua
supers,liv
urthi,candido
kulminacioni,prisleyt
krakarnicë,ngecja
qianjiang,serato
muho,dafne
theret,caspaserat
filter,revokojë
sinqerisht,mokshin
trekëmbëshave,shqipninë
hiken,thirrin
kolikat,malai
deni,rezervuarit
koftëzës,progonatit
pinci,kujtesësdhe
pirtmëni,parimore
gerontopedagogika,fahriye
shance,sitkom
leogriff,volpe
accapella,pasteri
leshnicë,kamionave
sonsorol,bimësinë
gavroche,jassin
guignicourtsurvence,infermierit
tegra,greenleft
moshash,privimit
femerore,ekrishtere
supersport,zorrëvetaitjessekrecionit
erozonit,televizuv
lëkundjeje,erikson
synop,durov
observatory,përgëzuesi
dhimbes,kaying
zboret,ivoclarvivadent
damarëve,pleqësia
nexhef,sinusoidës
semipalatinsk,kamata
pështjellaku,driblimi
norës,sidit
nëndrejtore,përjetime
rikthejnë,hulmtuese
konstrukte,mainfranconian
parase,pazolini
karamela,bitë
zejdi,pavlefshëm
atribuojmë,madhenë
abdeshanen,batanorum
buricë,sipërfaqësorë
analizuese,ozait
kromuar,sigale
marcelini,zaje
pikellonte,deto
peshklenës,harrojky
degraduese,studioji
përngjashëm,radioindeksi
kasa,kojin
selvie,patarine
bunini,masao
joviktimat,pamir
mantovë,vauxcr
kerauni,zygote
shitësve,vinayagarit
vclav,mosveprimit
jelekët,gjirizin
njetë,golikov
videoshiritat,reaktorin
rekomandua,ruanda
shqipatere,shirazit
videokaseta,karakterizojë
nb,zoja
gjakpethith,valëzimit
changi,bayazt
todhrit,elmystansirit
mbrritn,raqi
radomit,topinime
futemi,parshme
serhat,leopoldino
dizajnohet,mesatre
sreten,brnn
eksploratori,vuani
ndreajt,naoh
mohojë,elsticos
jorgucatin,rizgjedhje
bellmre,vidq
klumushti,pjesemarrja
enumeruara,egmont
bishtënxehti,mahishasuran
mberritur,karizmati
bletëky,rilidhur
mekanikekuantike,samaniego
veçua,sebastit
izraelitopalestineze,serbomalazezet
bashkëqytetarëve,pavionit
cindy,harrojne
steinhardt,harushën
ditëlindje,hoskins
dëgjohen,irregular
stekerit,zvguvernatorin
juanë,piketa
prognoze,riohacha
konsuntiv,kaloresit
eurodif,ugnylegay
chibisi,quedagh
jetesore,deutschverzeichnisses
bashkepuntorë,kaien
lubaga,jordison
brooks,lojonjes
mbathja,stolish
creusotest,ilaq
sabers,qindravjeçare
kapitalistet,sieg
petrovicëpara,joshës
absurditeti,pz
pepusha,ijë
majesty,kuartetit
përsosurishht,gjëmë
doina,kikaku
pashtunëve,inflamacionin
shkoqitet,informatën
lirizëm,madhu
babas,agrokulturore
anktualisht,narasimhas
plgosurit,vendosu
kontingjent,luizën
jëhezkeliezekieli,fraction
ngjale,manos
eksperti,përjetëshmi
bublicët,veena
jefto,paraburgosi
nobelprize,satunou
trasferua,nivnicë
hallës,stagovo
yingluck,shqiptarizmin
tillich,pojani
elezherit,diskutuanë
kurrizujëndarës,risalen
diearea,rangjet
lejue,grudamileshi
qyp,decimetër
fisnikta,strukturen
shtatëzënave,përthyeshëm
souzay,patitulluar
jorrethore,lakuriqesh
obelix,natyralitetit
bindurit,dimitrovit
skolinat,mikele
neoplazinë,kaisale
pershkohet,calissendorff
dfg,zvingli
adela,novelistë
ejshan,hitrec
delilah,ëmbëlsisë
dolya,stafetë
trikromatike,sgjë
progni,subhadras
gjakëderdhja,bashkëkryetar
rigjeti,demonstruara
jeanclaude,cortina
higuain,dekretit
jakiqit,trimble
korët,michelet
multithreading,rajadhiraja
vektorin,miljanov
okcipitale,posedimeve
pulian,shkvështë
radniki,let
paguaje,perandoreshë
psikokirugjinë,rrëmojsë
xhebelët,toiotomi
reprodukimi,baltosllave
viiixx,propagandistin
smundjes,bruna
moca,jiminy
perika,thonjëve
universitario,mervin
brophy,demolimi
fia,llorenç
fikëti,tetëmbëdhjete
përgjithësuese,jonegroide
shpërlarjes,chriss
praxis,kallaratas
hapesirës,biljanini
largoni,novelist
shikarave,analizen
ashlan,ducgoninaz
shumëzon,përbregun
pryce,turjela
inkubacioni,rrëmajit
proenosis,xhirga
rinjeve,dhcp
bujanovcit,monopoleve
aragos,këndonjës
dështuese,freskimin
fribourg,nëmur
çisterne,asociuese
transplanteve,baldoci
skripnikut,butrica
tëndryshme,palokës
bobbie,intensivë
tajar,naso
jospecialistët,antidepresivë
orinoko,pacipë
ornithischia,ceiloni
sono,turnbull
numëroret,herci
skellington,reorganizoni
gioacchino,langobardeve
depove,parking
blej,sllovenin
verbicashillova,huzejma
snjezhana,skuld
menaxherial,kaltert
perqendruar,harxhuesit
tiganët,ballofc
nashi,dashamiri
emetues,procedoi
pilatos,bulganin
gjerontologjisë,tenzoneja
vejsiun,vilkaujikis
gllogocit,transkript
rainës,fmri
zëvëndësoni,fillimsht
colline,zeref
arrevoes,fertchevresis
endokranial,hemisferat
vleror,nestsotra
nuik,cenjat
hecit,mijut
ftohëse,ripikturimet
tozama,fraktale
blumin,kronologjik
mitokondra,vvra
karnevale,didakea
koliciont,rrethkryqe
ndajini,spqr
shuperka,sugjeruara
vobeket,nishaneimtiaz
certifikues,cryptomeria
uzine,krushqicën
pëlqeheshin,shalqinj
multisistemik,përbërësi
tishin,ishujte
pensionit,enciklopedin
ecco,drejtkëndësh
bolivarian,vdekjesh
tisën,justifikimin
muk,bihzdit
iazyges,mehmetjtë
theoni,pllakeza
targave,alkilin
drayton,llojllojshmëri
cdokush,hopes
ngriteshin,janukoviçi
shkathtët,fluturojnëshpendëve
carto,spacex
biantit,lafsha
tërësie,preferencave
gjendjesh,konaginata
asher,brnnbollscupen
brognon,deidara
bolshevizmit,dehte
konfeksion,ekspresin
marigose,drogimi
arameik,feedbacket
queryin,ndërmjetësoi
kangas,bollocërkë
eprane,punëmarrës
rrgullore,monolitit
burimzë,përheshme
gjëmim,burimasit
moebiusit,virusesh
nobels,kushtimishtsituata
dramatizimit,ribosme
oaklandit,nëpunësisë
kanatierë,rrash
shirjen,dhiatën
hologramet,belgrano
shkurreshbimësh,amazonëve
malishëve,lëndor
përfhsirë,nordhaus
stamina,helshan
kozmologjisë,zenë
chui,parameter
vrasjev,vah
termometra,sarandete
fustanesh,pfaall
shlyejë,stojan
vigjilen,djegest
gjelosh,korrenspondojnë
chnyo,demokratizuar
kusheririn,përçëndruar
torakator,makaronave
prijë,spedicion
brëmda,zamifresku
porositësist,funkcionet
fshf,perjaku
studimoreshkencore,zhi
njeritjetrit,centaurs
socaliste,khaula
dallur,ndocaj
emocionon,ndikueshëm
rusta,pengues
formin,erlangen
parbury,çorientim
darkene,psvnë
pinky,mnemosynekujtimi
metaetikë,elektronizuar
pamposhturit,hipen
llapusha,astasin
nsherë,krahasuesi
iniciative,provica
mbebet,akaln
druidt,usames
tsukimi,mikroekonomi
kryeprokurorit,chaitya
olimpinë,tundi
linguazhet,elshafiut
fejuarit,shikueshem
barabartët,sopas
ariun,pazgjidhshëm
jetishin,tirumangai
antiku,kerkohet
nekropol,ushtrite
tebdil,shotë
partizaneshumica,kureshtja
remarque,donacionet
stukun,petrokimike
catelet,rindërtues
musli,kaizer
fink,kursk
maritsë,mithras
koprik,kandeze
sovjektikët,datagramet
stroke,rizomi
preç,tenkalai
sohodor,bashkohëse
soup,biologu
lugny,bllokua
duclair,fasho
obrigheim,mbajtësitë
shtyj,frengji
hamad,jokerët
maratona,marrëdhëniët
cucës,jairodn
thekseve,veterrik
ktitori,chikuhei
vellezër,principate
inhibitorëve,markezën
inkuadroi,timar
grepsin,thoët
nepunes,montoya
toton,riselitjes
lorenco,lero
skicimet,koronavirusët
përfrocim,gazatiju
maestrat,ashtavinayaka
rodby,polakesovjetike
hafn,hindustan
kriposja,bilishtit
ndihmësave,clancy
lumitkëto,petresku
katërrrotësh,petan
proxy,ideoestetike
jattit,kobrave
duktin,tradhëtisë
gauche,joprofitabil
deljan,dodekanezët
universitetesh,soghanalian
mbrojtjeve,testaceum
ledian,ringjallen
mesojmë,entriss
zgjerojnë,neville
palosura,korniz
saudëve,gjalish
poligamia,zhelavas
kartelës,hamil
hajla,kavallerri
tregëtarësh,albaidavi
abhishekam,volmunster
bz,peshen
rolando,përkthehej
metulase,zhdukë
firmin,arianitët
aus,faqëshe
palencia,mahotsava
barrikadua,adenylyl
justifikuara,bedena
durrsaku,shades
pleurospermum,punësojë
reservoir,grame
eksperimentoi,furishme
fundtë,sfastikën
montim,portugal
musagetës,hajek
damieneti,përgatitjeje
lakmues,doktoraturash
vreshtarisë,bovari
lezhen,ottomane
dellanima,dalipaj
paige,shqyptarë
çajrave,bonagiunta
koncesionare,çelesit
konjuguar,capellon
polikrome,dritëhije
blunë,vertex
hanuman,lëmenj
anijebartësja,ljubjanë
birat,dridhem
gërçec,psii
sythin,handanovi
përsëritën,gustavit
zickler,maus
jde,ndaluapas
frymëzoj,tomadhesë
rheinische,eliade
gastronomi,buqesore
jokryesor,cudi
muruganit,volter
anodes,frikacakëve
ronson,kopi
përplasjes,matrialeve
klasi,glicerinë
federates,provokohëshin
xoraxane,anastetiku
jugëperëndim,kalcedonisë
cmendurnje,storien
terapeutit,mëmësine
alfabetizmin,rafinuan
konventespra,megas
patty,ruajtesi
kometrika,kantalai
shehlerësh,mplakur
varadin,vetëvete
aranzhimit,etnikata
kontinuitet,nacionalsocialiste
cela,rifituan
shqiprisë,universities
sasit,këshilluan
niilb,mbështetu
gjiruan,hedhës
gjysëmsferike,portosummaga
fërkohej,aspasias
nevrikosur,shkathtësisë
vous,amilopektina
bombardier,japonishten
nystad,ndaluesit
metan,imri
smirëkeqit,fes
arturiane,karmas
yatran,veteraneve
klip,taksitë
aludonte,anatoly
ekzistuse,avdes
mbimesatare,qendrimi
dies,fontanarossa
torturime,zeisel
ishaku,unescosë
ngjeshjes,protozoan
bashkëmendimtarë,meditonte
fishtjane,eketë
kuksian,panoramat
socile,knjazit
evil,kryeduka
genazzanos,pbdnj
ndërpren,arabeve
tyreqe,polarizimeve
pafajsisë,pseudovektoriale
smyrneika,reflektimeve
leptotyphlopidae,grrumbullua
stratigrafi,jepuani
gjurmështypës,harroj
hipparchus,zvarranikësh
kazekage,shquajti
penta,adriatikase
pritni,zvicrra
kadijan,rimodeluara
frasnitës,gjonsoni
rëndëdisa,zbritin
arabike,akujt
impulsivitetpapërgjegjësi,brendan
luto,syrakusiane
amur,avenida
resnais,zhvarrosur
ligjtar,lakhpa
brendshmeidriz,hitchings
elartëq,sturup
qortimit,shikoheshin
gjuras,polli
prdor,kulturësetj
vetiake,preh
larmishmërisë,ishdeputetët
gring,raguzane
ry,qendrorndersa
guldfgeln,rapuli
suo,iremziut
cilandodhet,arkat
gjinekologët,mborjten
parapetës,mërgimtarve
vanity,crisetig
qybra,qëndruarit
xherahët,sundara
mundeni,ritminëse
gajren,mandollë
abondit,pinkett
donzy,intelektualizuara
gisteni,nostradamusi
tica,sisët
ndrydhjes,fugës
prampram,tematikash
arshinë,pontaillersursane
grantit,moreja
julit,gjurma
sinkronizohej,organizatorit
reninës,friaulit
kalasës,boakye
lumëskukësit,angviruses
frisinishtes,sveçle
shëmtuarën,abencerraje
shakyashribhadra,elbehmenjari
pashmangshmërisht,kadinjtë
vapor,loral
process,godancë
padeshi,aoos
isoiec,target
kardhiq,merzitur
ashieteyodunton,guinplenin
kurukshetrës,russe
nikeje,pajtushme
zamira,adolfo
akkerman,ajan
kriptografik,gjunjëzuar
skandaloz,dyshimte
cal,sheqere
ualidin,callahan
imm,izomeri
fysunin,tempujveapo
bënçës,mordvins
kameruni,demtone
rasë,vitësh
tourenne,lindholm
skeleri,shthurrjeje
apartamentit,mëdyshjen
plase,internetboom
qhej,departamendi
jinroh,ninxhash
miniere,xhevën
medituan,fatalitet
kraniumit,afrekset
vetëzgjedhur,populloredoke
ij,klithjet
vaccharaja,loterinë
astra,shkrelin
kurejbe,jampel
bronzin,endepërtëe
kryengjëllin,pjelloreka
civilizuara,corn
gypit,pelagonisë
eruditi,infrarende
vëndemrave,yonin
markante,sterilit
ndodhja,ushtrtonte
bethge,harru
gullit,naosin
elias,tetsuyës
ndaluese,vishveshvaras
barrikadë,termorregullimit
bahceci,njiherit
fraisse,akomoduese
lalitgiri,fornarina
lagrangian,smbteni
sucht,skocezeirlandeze
bayati,hulus
riprezantimit,skizofrenise
ansa,shqyen
arsinoenë,righteous
palatin,kusanagi
hannu,shar
arrtije,metodit
mospajtimi,mikrovalë
varfërim,damati
pauzave,nënshtresuar
cobain,nerv
fae,komplementin
vetëvrarë,gjysmëfeudal
arratinë,lozana
mediumet,jebtsundamba
ervisit,sinjalizon
klingon,furnitorë
specievetë,raniero
preceptoi,tantra
likovac,kolitin
klaukkala,edesës
maclean,zielasek
abukir,monadë
korresponduese,uma
ikave,bobinat
shumëpërfshirëse,sulmuesve
tetëkëndëshe,befasuan
gavilanes,garuta
vërri,nelle
evokon,kultre
përdorimshe,cabiria
kombëtareliridashëse,minushit
markash,vërshime
rrobaqeps,keshillim
jetu,kolonizuese
kundërveprimi,copez
dinnys,pështjelluar
kramrisch,haemachatus
tyrejo,brevincës
qarqesh,qetëi
afrikanizmi,gjirokastritas
diktohej,bytyci
galaktikë,saintcloud
schmitt,avestas
contrastingly,amantat
gomath,hestonin
grushtshtet,taijitu
bashkëatdhetarëve,dëshpërohen
busullat,surprizën
lëdina,pli
attouda,stabilizuan
dialektikore,bogëve
histologjia,panagiotis
tijgrandfatherpapa,njerin
shmë,hao
papineau,jobregdetar
durojnë,reklutuesi
ridizajnuar,kuintalë
sekuenconin,irlandishtja
përhapjet,bajraktaraj
sodegarami,seon
mancubus,koburen
objektivizëm,vaun
vratnica,andrianovna
azores,thirumanjanam
pireut,serov
karttikas,emigrantibuch
variolën,nishavë
fresket,aligeri
antonacci,aktuisht
njëkahore,plakes
lymishtë,cecchino
eviga,veshtirsite
nostalgjik,rrotlla
moree,thakurëve
bastidas,grapcit
montfortsurmeu,natesme
rasën,moçali
moshore,qeshura
badr,grifartin
keqtrajtime,magica
inaktivon,duns
mosulit,jipnin
pluses,instant
ministrisës,aeroplanmbajtësja
shikueshmërinë,bundi
revolucionares,diciplinave
kalefi,studiusit
shpërbleheshin,songda
rusishten,kssh
albero,dauer
implikim,franzsches
lindoro,gjëlpëra
avdush,vetëadministrimit
coco,radonski
polakolituanez,kocaaga
afel,pishpiriku
certifikur,vocance
simrekulli,osment
fnla,fjalurtave
çavolli,dobrosht
pankreatik,antipsoriasis
dublin,biseduese
frontinus,jeros
ennis,bioteknologjia
organizohn,haplofil
amanetet,komunikohet
sorbon,statujëza
jipen,tienjing
uesteri,faraonia
cenzurën,holman
rishqyrtuar,baqer
formalizmit,narratori
drenogllavës,eriona
murëmë,guadisë
transparency,skillzkenga
dancehall,rekombinant
naska,fototranzistori
mansas,psudonimin
cantodeas,shqetsoi
arsimues,yamoussoukro
heredia,izu
përgjysëm,ministrine
entropinë,tendonin
reaksionesh,rifortifikua
dhima,montebourg
egërsinë,dlirë
mandolinës,parksi
kacageli,besëtytninë
lugje,neuromuskulore
geco,vandalizua
llogarisnin,nderuara
akumulime,puyenvelaynord
palacios,konfesione
ndëshkohen,mink
baghiyas,krishnapura
maranzanos,konkretizua
eksporteve,alpinë
zotkaj,bronson
ishbllokut,sekiricës
djell,kriminelit
skëndi,arete
çelajaktorë,dolloma
servilë,hidraulike
psikopatike,hertica
bejleri,lehe
griti,nobility
ludbreg,skuqa
nov,suzane
carley,gorea
studentja,izedinit
famshmish,pemëtari
misisipin,historiograf
atque,sofomore
senriku,përftuar
mouskouri,desire
marzuki,bodruni
sedka,slloveninë
analysis,monolitet
rezistori,pavdekshmëri
përshëndetjeve,hamletit
kinematekës,masmedia
pandershme,islamikhispanik
montero,shpeshtimin
atanasi,manjanuar
caranë,others
gërvallën,shafiu
timinës,trazirash
lavdërohet,vëndim
subvencioneve,nxinë
vërnicës,aerobikë
bagërdan,tamerlanes
gastropodet,sapoardhuri
prson,blsta
kallzi,armëpushuesve
etnolog,vranja
jepe,konfiguruar
kuajët,sekrecioneve
pepsicola,shpifin
mobilua,ofenbahu
cezaresë,homoglobinën
produceret,zbulues
shqipërisëtiranë,konstantë
libonia,luzhnicën
elipse,reagueshmëria
arush,miqëve
infiniti,arësim
screen,paketas
velës,simple
vuksan,hafuzali
botines,drashovicë
pardeza,abonentët
stevie,galda
nëndorit,ple
hortnesia,sudarshan
devijante,poemen
ndërtu,machibugy
melburnit,vetëdëmtimi
perjudhe,mbarëstorja
gollozincë,luhateshin
cronin,terzinjtë
amfiloki,meshon
ezeli,csrds
bollettino,vatatze
gorakhnathët,mjeshtërve
ligrat,zhpm
marburgut,egzakte
gropave,reportazhesh
combat,astronomë
kantatat,amblyomma
unstable,kriketi
ortotteri,duli
fergusoni,meloritmike
dekoderin,segel
jozeau,musain
blessed,hooijdonk
vitiligodepigmentimi,podensac
budo,nestoriusi
falsitetin,zezakëve
azili,mirësepse
perndryshe,compulsifs
altusi,rekrut
gëzoj,solunci
alburnus,kavitetit
koeficienti,garimit
dodger,egjeun
totalë,duruy
eisendrath,protestantët
menadria,mobs
ferrarës,dardharëve
felinëve,tomasz
crafts,ppf
kdalton,desiree
cure,egjiptasët
kallajxhinjtë,nevila
scared,jakupi
milicit,mureshan
patharë,horrheim
ndalën,isesit
seldiut,rosalia
ilirjan,prizmat
mësuari,uniformitarizmit
debatuarsigurisht,teutonik
pologut,përligjje
kontibutin,dalmatisë
debattë,ndrkaq
cuan,përmbajte
qiriazidako,cilesite
thanave,teacher
aragonese,singlemode
ledheve,misionari
skt,pasiones
gojmbarë,laskiaispulla
miteva,myshqet
charlotta,magnetizohet
konstruktivizmit,preke
fobos,supozoni
ngurtësimi,batutave
përgjithshëme,bisekalsu
ramosin,riemërtohen
kangra,shabir
skore,semitëve
actor,mrmol
hussein,pinjeshit
hyja,morata
irakoiraniane,shukë
nënvizoheshin,paorganizuara
elektromagnetit,kelami
shngen,babëzitur
roundhay,molda
pacifikut,shkelmin
komediaksiondrame,ajakidit
milletit,ariobarzanes
demonstrimet,desamparados
bojkotimin,turnesë
sein,reformizmi
adio,ndëshkoheshin
gjatajt,beckham
mbarsje,bodhidharma
antipsikik,miresise
tango,vendëbanimit
zimokazoina,tau
ramesvara,gjobitet
published,reit
dynjanë,timet
bharrat,veselëve
zako,leskovci
lupole,kypriljoti
proteinik,guerre
shumësportëshi,janapada
ausones,çimabueske
strega,kapadia
çobenjve,focus
taller,shkruen
nassigny,kapitanatë
iceburgut,dallohuni
pastudiuar,perzihen
maitravaruna,nominuan
hristovuljen,nderrimit
ayla,semantikën
ndryshinme,këtushme
postkeynesian,ajrosëse
verorë,mashallah
virabhadran,seuda
shtyrja,konsolit
laberisë,brahimit
nevojëçlirim,mehmetagaj
denpasarit,salavat
luftat,polistadial
svm,yamal
nightmares,fundna
negrit,ëmes
sadist,impotimin
nivelim,margaretha
vento,bartje
padyshimtë,shfrytezues
dieulouard,zauri
libianët,marja
spiunet,lundrëz
jepeni,ënjtur
lektora,fitil
igbo,kristmas
zinoviev,asgjësimi
lumenit,instrukcione
mbështetësin,havelëve
matosh,kendejmi
transistorë,numa
procesimi,sns
esved,purfundim
sepsee,kokërdhake
numrash,gjedhi
cornificiusin,pert
sahertulla,gjuhte
pylos,takur
nyjëtimin,katolikoni
bavarezë,fisichella
fierzëburrelelbasan,revolten
realozojnë,habi
feka,meyde
semenishtë,elaminit
antoninus,avokimit
maqellara,singularitet
myrah,dhëmbelit
khanas,ashikut
filiatn,drerëve
saturnus,trk
kautskyan,hayal
aegidus,ovuluar
vlladiçin,ishrepublikat
skg,ardhshmin
egzistonte,remesianës
njisi,dixhitalizimin
hodonofcit,boloma
këmbëngulja,nxitojnë
nonprofit,elegjia
kanyen,kutner
promt,kurtin
konosuke,përuruar
shymët,përlarje
antirevisionist,pangoppur
vokaleve,narakun
demarkuar,sousse
tredimensionale,oganizimit
alegria,informatikanët
suemori,sezonës
gropeza,ligjëron
politkanëve,kailasanatha
kad,jetima
phonograph,grosse
gritur,munnd
pericles,antitraditës
kristofor,ngopet
jakobsen,imhoff
dobisë,themelin
empatizues,kristalizon
biofizike,univeristare
edukimkt,baggins
heti,domenech
furgonë,skulptorë
tsuka,memoriës
tramp,qytetrimin
orainville,banerë
periodizim,melon
shumëkjo,hasanin
tuei,firmosni
mullinjë,ballinat
personalizuara,njëtrajtësuar
zeamete,morikazun
houghton,bx
katarin,geometry
barium,shpërfillnin
palloin,uhf
trajtesa,hebreoromake
rrugice,fqinjës
shumezim,dubravë
atofjalë,rreshtim
drezdenit,hronov
impossibleshtë,kadambini
roster,tournament
minutazhin,frenon
shortia,ismajlit
dekurajuar,serbisëedhe
fenek,ashuquajtur
desheruar,ashard
fung,koordinatash
antropomorfizimin,interferencës
neoni,askurrë
harresa,gaares
gjermaneushtria,communis
njërezish,trashegimise
cungët,romej
kotiy,childebert
drejtojnudhezojnpara,saib
shkatruar,alldefensive
metaforikisht,adoleshence
alina,sarutobi
sonate,përndekjes
vdisje,anashë
magical,udhër
romansier,alfonsin
tharmë,pediatri
lulo,sutra
dogmatix,lulebasani
bejhekiut,jomoderne
saintesnord,sickinghe
malan,patinazhit
isu,autonomiste
molosi,milionëshe
soraj,eyp
laodikes,gallyt
boksitit,rehati
patericë,cenestetike
zabërhanët,parahelenistike
deniqet,sailor
demostroi,lëvizshmërinë
talkvariety,vancouver
kasos,vetëvlerësohet
adigjeja,este
transvarunas,çerkeze
hibernating,iustiniana
koralet,khori
almeridha,mdv
kontrabandë,busch
vërtetojmë,fiksë
prozatore,frithiofs
brhmer,rikuperoj
shfletuesve,gaiet
veçomë,tallash
konsidrojnë,totemizmi
zirafet,bernatzik
letërsise,astor
hobsian,ambivalentedhe
korcë,apatike
platinocyanide,zoncolan
gjsyëmfushën,ervylechtel
fylberi,taciani
perbashketa,anuluan
honors,sinkronizohen
afazinë,komogllavë
solsticitdhe,oratoria
cermnica,ndërlikohet
tropikën,simeoni
insistim,petalet
aljedid,lëvduar
içp,retroaktive
palmtop,tëtij
alfat,qubec
lavdëroni,relacionuar
kristalizohen,mallëngjyen
inqizon,kulluese
mueaqly,fujitsu
kondor,sveçla
ndërkombëtarja,diodori
provueshme,mirëseerdhe
ld,holt
akadanë,tranferimi
vrerit,çmjeshtër
konkretizimi,ardiana
konfrontimit,halifët
lartesine,heqësh
tapit,extraa
daneri,darsana
pierrelatte,pakultivuara
verrucosa,mbarësues
neoplatonizmi,okultë
namami,reservations
karvan,neolite
ifu,shkatërrueshme
pikëpyetje,komunitetë
flat,monuments
thringen,renegatët
observatorët,bonuse
nyjëzime,telaje
hugesen,pranosh
mbahën,shpërbëhesh
korrektësia,konektiv
besprechung,dyshuan
ethologjistët,patreus
bisk,shtetëroreadministrative
intermezzo,tapopullsia
ostrom,mickan
kadatkarai,methadone
kundërpërgjigjes,shkeputur
hipotermia,zogje
marketet,pilotësuan
nxnënësit,fms
beshqipëri,trajtonin
nayaku,rirregullim
gjoku,dyvjeçari
arriteshin,biopsinë
tuareg,kondi
qafirët,rriqrat
revolucionarizimit,pikturik
persianë,ayyappanit
dispersionin,granxheri
uleten,gërmave
obekte,jitsut
stenografi,vetëushqyerjes
khuurit,alvarët
kapalikat,saintgildasdesbois
ambasadave,nekoi
irituar,torpedinieres
shfrytësonin,yllanijes
linua,shehadin
jiroemon,seijtkyorin
sobjeksi,malevich
hartografike,gëlltitje
çmendën,fifpro
dekretua,zgjedhësh
gjurashit,superfaqe
dumnonii,ranpo
ushkurin,shtupë
yathothkari,rimodeluar
kimin,fibrilacioni
alleithi,meposhtme
postumius,therepel
mitsuko,zodiaku
dehjes,monakon
njeritjetri,varosi
përshkueshmëria,antishqiptar
kefisit,elxheuf
përditësuan,kbd
zbrazëtirat,kombinonin
amanton,dobësonte
volaj,ganave
xhiruesin,rikthyes
veneriane,rrihini
përmbaruesi,verneuilsurserre
angloburginjone,sulfurike
theçerizëm,akacies
acarohen,ministrorë
ahumada,periodë
divorci,antiparalele
majtaspër,shpije
karstika,gave
modenes,mbulojmë
glomerulonefriti,ditelindjen
coveri,pakso
elms,atlanta
farkëtarë,diabetikë
melanoma,shqippo
rinimin,bolenë
aferm,dukagjinin
uber,diagonalë
hekal,rosans
priam,expectancy
delikuent,xcertificate
përcjellësat,jomigratore
briganti,ndërhyrëse
eurove,financuara
franziska,tensorial
diellir,leaddisin
naujo,solistëve
cohenolga,vajrash
regnar,veshëa
kapërcall,sovjetikeve
damaskë,brssi
alioti,gllogovcit
murtez,kajmekami
pjesëtaret,vokacionin
aktgjykim,kaidos
fateve,mayako
ancsë,alcobaça
ujung,heraikliu
trikala,dualizmit
disidencën,persekutohet
pandës,mjeshtrinë
christiananjë,bubulinën
minkët,parks
punëtorit,trombetist
filozofikë,shariputra
beria,sanas
arzikon,njerezish
shqipërin,ssk
treebank,tufan
laksmansevara,grimcim
fortese,hidroenergjetik
achyuta,azilkërkuesit
kryesuesit,qafëdardha
jeshe,trotskistë
habitshem,rankoja
shtogu,skycargo
camel,hasbunallahu
poloniumi,drakoniane
meditohen,benzodiazepinat
kortizolit,merdare
perfundimit,elbzollfregatte
pacënueshme,darthur
intravenoze,skanues
chuna,perati
pastro,holandezëve
lachrymology,fo
thira,remnikun
riemeruar,inteziteti
isabelës,lukajan
labinoti,bernoulli
antologjik,rrihen
prizrenprishtinë,berretti
bombeji,medhenjete
bisedimorë,mushkri
shtatëzënë,nderen
ghaziuddinit,përralli
brendësine,coda
minaretë,uncle
mjeranë,miraldo
duhanxhi,theksonin
qed,eurolinguistischer
fridman,synnetit
yukito,bisedonim
shperhet,kornizojnë
hajduti,alyson
cupkat,krijmit
dilmun,kimifizikës
fitoremadje,novoselë
delvinën,ruajmë
shenjen,dykoka
peshkaqenve,teleradiomoldova
siqecë,becki
tatran,hitçer
bolculeti,miniaturës
gilgameshin,rregulluan
perthit,pauëll
joule,deputoi
safeti,dividentet
fliria,deshifroi
floronvdekja,hidrogjenike
artful,kolerësinfeksion
azizit,grihë
rrjedhshmërinë,samerkand
tratativave,sasanit
editon,gjashme
mbiquhej,qeverisese
kcira,fromm
sizmologjisë,parafillor
magjishëm,vendosët
seniorëve,mecklenburgu
nenshturar,bhadrapada
okult,hebës
dhjam,folurin
riadaptim,mbathe
abbe,ofroje
thjeshtimi,gadish
kaligrafinë,nënrajoni
eugeni,pentikostisë
xhilda,hakmarrësit
leskoci,harin
serpulidae,ishnë
kijamul,urdhëruam
gdpsë,kujdestare
maddison,kampanie
simbiotik,akustikës
pjerrësia,zachu
shkopinjsh,jahangirit
vonesën,arratisë
infrakuqe,shampanjën
sosipatrit,flakëruese
bolivin,trendafil
materjalit,renovimendërtimi
kushtë,melpomeni
kroatishtja,iuds
vaspas,baronne
thuani,shkelmoi
pruse,propozuesit
kembanorja,filtrin
eybens,housemate
farnatti,lejuarndërsa
rihelenizimi,dualiteti
stakaj,përshtatja
kangoo,avemetatarsalianët
legalizmit,monoceros
amblyfleury,beylikut
transilvane,nicolieren
liberalizuar,ahrondia
përtoni,nënkryeministre
presupozimeve,mbërthyeme
zhulati,efiçente
fullmoon,lamina
lehje,nënshati
vëte,majstor
shivalinga,cleary
badaunit,trapp
mbështjellësve,trners
griezi,raperin
lazika,integrierte
skuludhi,nxënëset
permbledhje,dritëmatësit
kthze,hintim
xerox,doddahundi
trivunas,hidroterapeutike
dokumentuan,rikomin
kofarkade,kobun
dymbëdhjetët,nehebkau
dancer,femuret
mikroelementësh,arpica
gjeostatistikë,psikodelik
djeltë,placentale
parsekë,shënuesit
pagëzimoren,picardi
kandidaditin,geldin
monospecifike,finalistët
abdurefi,grihen
humanistëve,komunikimitkontrollimit
hapn,klimoterapi
sopockës,konfrontonte
bjellorusinë,piratërisë
pushtoheshin,dyzuar
pakendshem,beans
ref,kundërsulmeve
chauk,shtrydhja
kolekcion,carlebach
ngosan,zkan
odzalakokoua,poligaminë
maharaj,mamalla
solonin,zëi
shkarpë,antikomunizmit
britëse,bazaltit
qillore,skinneri
stegosaur,krahasimeve
vinji,tseng
kds,shekkulit
iliroshqiptar,majen
firmëtar,visiting
ngushtua,biskotash
gjurmohen,solenoide
shamin,shestani
sartorin,pndara
nnkupton,pbx
upssala,edes
ciano,islandisht
zkupi,frymezimi
subkulture,sociokonstruktive
shvluçk,imazha
beselam,akush
paraguajit,eleferonin
blitzball,xhushe
gjunjëzohen,sagapo
pianist,peilon
xj,demoralizua
bacë,dainik
moche,lungarës
njeni,diftojm
cërrnicë,sanxhakur
shkakte,harresën
vaclav,alopecia
meksikos,artificave
tenson,arlecchinon
reperuarit,cambuur
sahabët,fcm
qualcomm,somerseti
tbcëja,reklamues
gingivitis,csmaca
mobilitetit,saintpaterne
tanikomuna,mënyrëshkruan
stampers,syzeve
alushaj,perusilor
polican,darkroom
antisemitikë,peres
cumbia,muraliste
balnjari,kundërindikacione
rrënuese,baso
higgsit,petifer
prijetare,shndërrimet
diktonin,urdheroj
fingerman,keeling
devatat,haclar
koktosë,polivalenti
samimi,habibie
përparse,bisnes
marshuar,juvincourtetdamary
specialistike,klasikmeqë
letrareshtjefën,mburremi
shqiptararbëror,clifton
kalueshmëri,rreptëve
lozhën,batenberg
justiniane,steves
biographie,okarina
manscentre,lulishte
minigolfi,shkallen
adhuruesi,specialistja
uzurpimin,korcar
valkalit,albanskiej
hickories,ashpëra
bhattacharya,hipomenit
korintit,lazri
rrapëllimë,spardës
marrosës,dadar
obetniku,dekleratë
turbinat,paracasi
ofenduesit,dytëpor
fsë,splavarstvo
dokumentëve,ndërregjionale
lipoteikoik,hermetike
sazani,fshikullimi
metersh,pishes
thotena,mexhlis
asimiloi,iur
clancys,bashkësis
qiriazidakon,përrojtë
harxhojnë,transpozicionet
periegesis,vazhdimsinë
galo,lynura
sheshxhirim,mbretëresh
ndëshkon,anullua
rënditja,konfliktualiteti
haroni,shpirtëzon
demonologji,nabucco
asuka,leave
georgij,cofi
kapsllëkun,zverdhje
gazzanin,lunijaz
abdurrezzakut,macclesfield
lrt,tenchi
qiten,profesionalizimin
hundore,madgeburgut
kurbantongut,oraf
homofobisë,realizimine
filosofise,robotet
përkulin,konfiskimet
kerkesave,tedencioze
raucourtetflaba,pararegjistruara
toçi,flonja
ruaje,radimisht
koreve,dygjuhësinë
amidzad,theodorit
beinhorn,babuna
ngordh,dhjatrës
tdma,valvul
maturisë,helmholtzium
elektrometrat,hlsp
vellimi,sadush
serbokorate,kajmak
amritrao,kontradiktojnë
portishead,luftonit
shpengim,lartësish
kamperi,vigjanit
chteauneufdevernoux,rafshnaltës
nënvizonte,shqipëroi
mashe,sassuolo
messengerët,cubinjeri
suportit,maderno
jabalpur,jashtëqelizore
lehman,kopie
amoris,autokritikë
harapanëve,vivit
kahlo,presbiteriane
archaea,tomorrit
joproduktive,mikelanxholeske
frish,eminesë
therje,shtreses
stantërgut,ortografinë
nenshkriminne,madlen
joklit,drenices
antaresin,njëvlefshme
kinezoamerikanët,kalkulim
timarliu,erskusioneve
kifozik,rozalias
renie,parnaz
llapjanet,ferrareve
bunarë,paraardhesi
rajca,dushkajë
dashure,salihe
nënsektorët,bërës
transettos,dekoron
kujtojme,taraba
reduktonte,pinjollët
ndreqin,metalevee
satelite,përgjuese
teropodësh,bashkëthemeluar
martinajve,velkov
çerekshekullor,sihanukut
buallica,mëpasme
neonatal,ringrihet
diskografia,pashpjeguara
fedreratës,ufmg
imperialist,leonhard
ishak,murgeshe
kaçurrel,llakuara
pravnopovjestni,romantizuan
kondakçiun,parregullsinë
bujk,ligoratë
kadastra,ardi
vuklit,shukri
kakariqit,dyherë
kacafyteshin,adreson
sërishme,luciusi
lastrat,tradhetare
legjislaturat,sakatit
merci,padelli
patrullë,almaidah
transalpine,campit
munchausens,agjente
çiftëzohej,garabr
kkai,shnderuan
vdese,tje
jeonjangun,pizgauer
qepujka,grizitur
divorcim,penine
satani,skyros
inicoi,rinascita
hysenbelliu,financimi
epidemiologët,tushës
kandiduese,drums
ipeshqevinë,darezzo
chera,bindesh
scupishkup,belgaum
perfshira,johanit
voids,infokosova
asociativitetit,lakshmanan
bashkëluajti,lojolës
sëshpejti,temyxhinit
titullepika,çarja
markezit,lanes
vetëpërcaktuese,nënfletës
normalizimin,ujitshme
argumentuese,fërgohen
shonen,elxhurxhanijjat
mustelidëve,koburg
delikatesën,shkretëzimi
mclarenin,ligjeratë
bajonetë,baladës
arafë,kinetikë
vrarit,oposumit
lyubomirsky,shtëpihotele
nom,earhart
genipabu,antifagocitare
elfarisi,miqt
euriste,telefona
yadan,princore
humusin,hegedushiç
përleshjeje,zëzë
mashen,fransisko
tomme,txsë
cirqe,nasiraddin
plantacionet,arbene
konstatojë,paasë
men,atulya
hyut,stabilizoj
molos,varrosje
armiqësisht,sonarit
rinokeri,kalendulash
suplementit,dërtuar
enciklopedise,qytetarinë
lnpsha,kercimit
stadtregulierungsplanit,paqartësitë
dhënëse,bamatatin
kuqerremta,jetue
parfumevesapunevene,zabit
ercole,oficiale
mëshirshmi,vullkanizim
shehide,novilara
haikai,strishoja
esnafi,vazhdo
thiruvanaikaval,kisit
shihje,aryes
froidin,isipatana
citoplazme,mbindjesiv
tenikave,ukgjini
spilja,joofenduese
teo,demonstrate
financuesi,njëbrirëshi
kar,atikase
rënës,ptolemaeus
bhairavat,raine
coast,braggut
personifikimi,papeni
vedati,joagresiv
rrolin,vasillaq
çarmatosën,miyakonojo
merise,pediatrinë
përlleshi,lemnicës
archeologic,saadat
asistim,çetash
podiumin,diplomes
liberalen,futbollistave
arvanishtja,sanxhakbejlerët
zebegeny,gjysmëshkretëtirë
forumeve,gurzave
shëndetësohen,streptokoke
cpoteti,traversën
erilda,gryket
kontrolin,cuces
bushatlliu,provuarit
marinkoviq,birol
varesive,rulleti
sydney,haesires
uliana,migroi
murdoch,idangai
vicksburg,boliviane
refuzova,pamaturisë
bujarine,kaskadën
parashikues,përpilues
nemërçkës,beghal
fremantle,salm
suetonit,njëmbdhjetë
angora,trekking
orheit,nderove
operativme,divergjenca
riktheu,pastert
jalen,neurolog
mbishkruara,elitre
masterkandidate,gerqishtja
ladies,djame
meku,mellerit
thame,murgërinë
dyfeku,këmbanën
piquet,champagneenvalromey
caltha,komptonit
jonjerëzor,strumës
papandreu,ciarn
dirlammen,dones
baisho,nevojëshme
jurka,uruguait
protektores,sparks
dekoroj,rrëzëlliti
bm,maholli
profumuar,giurgeni
plake,skizma
bergomin,muttraraiyar
centaurëve,mukata
milivat,konstantinopolit
ngatërresat,kostelacionet
tapetum,alfi
tamin,dreamtime
hapnin,europrint
dridhjëtvjeçare,otolaringologji
korsie,sasukes
gjtur,konstrutive
fjorentine,elfmeter
festuan,divahanja
caravajka,discoverer
paraprijëse,çabrat
himarjotëve,hartëzimin
vasopresina,vetëmbytjen
elmenthur,balil
astrafobinë,dhunime
hipotalamusi,mezhgoranin
marsejës,qorsokak
sida,etnosit
vëzhgoi,cano
storga,levante
sfungjerbobit,vrimabartës
zigoti,braggite
ennio,nekrotizohet
afirmuara,fitopatologjia
ktheheshe,thurrjen
kohfeldt,mhabitores
poradeci,boshatis
britanikospanjoll,emrinmuzakaj
index,urbanogjeografike
dinarideve,minneapolissaint
persons,gaussschule
murtezve,devalvim
epancin,bishtbardhë
hrad,printerët
neopragmatisti,përnjohëse
honsh,tetradakos
teorit,marsamxett
produksione,krehur
kilmer,rgen
sobave,kompjuterinqendror
agha,thin
pergaditjen,mesentea
tajlor,ubë
indiferentizëm,ragnar
mercy,maupertus
rodopeve,tetordhjetor
insoll,ndermarre
posttelegrafit,pulsin
skanderberg,vara
afektiv,konfigurohet
refugjatit,njësuarit
rifreskim,ricoverati
kapilavastusë,gojen
distiluesit,shoshit
burgundy,shelby
toll,mbill
granitoid,fedonin
vaçja,termikisht
klerikal,peridotitësh
manuelle,rogent
kuca,chabestan
czerny,chevregny
safavidët,zgjatuar
cenabit,poshtërimin
pharos,motoçiklisti
copëzore,virgo
recenzenta,mënçur
nereun,prezervativët
medicinës,artificialitetin
flladin,raimundo
korne,reiser
aftisë,çlirojnë
mërguarve,inkursionit
proçedura,informator
bollëku,korrierë
ulise,xhufkave
supernatyrales,lutëm
ipis,shëmrikolgecaj
israilitë,udhëzonim
galiformet,ptsd
poshtërsi,eksperimentimin
aplikacionitmund,pelagiu
rrini,zaccheronit
doikinci,plepave
honeycutt,xhexhegjegje
ngakesave,etnogjenetik
varley,columba
vërtetime,herri
shkapërderdhur,meritash
qestra,përnderoi
përkulja,cile
felip,sqë
kert,baferave
rrezës,inskenon
klandestin,vinaceous
tahirit,thërmijave
shejhët,ekonimike
pohorje,përçorin
chancellorsville,ishkomandantët
përmirsuan,ajzerbajxhanit
melosi,jakën
flight,edx
ngurtesuar,cirilit
pteh,stollacit
vdc,akuarium
iië,kodrinën
ebali,ebulhasan
kelmecën,aaronit
umt,singidunum
halmstas,todo
pashakos,mutation
pankresasit,plutn
bresje,burhanpur
turkomanëve,nenujor
pësofsh,rabin
binarin,germani
karlmaria,ndryshimevete
legenit,grgoire
afresku,pedagogeve
vllezër,kazinoje
confderatio,kallaisnin
pervetsohet,machiavelli
markojnë,vrajnt
barinjtëmjelës,tane
përjashtuan,quadband
sharda,prozafjalët
ndërmarjeje,ksamili
onomastikës,ndërronin
tuinit,rikapur
aterit,shënelaz
seydoux,suzi
matter,shëlbimin
gjysmërrethi,shpënë
silvana,guillermina
danilo,saini
kopjime,falënderimit
kobalti,mkabksë
salza,knidaret
vidaiyaatrit,sabinëve
ozz,iposë
ndërprerës,rihapte
plenum,rrënjosja
bihor,pangolinë
buatit,rishfaqur
dvarapalëve,pabarazitë
eretrias,nrreport
eshshafii,papusza
paleofreatike,atletiko
dredhi,raimonda
naforë,gf
psychometrics,ujqerve
jovana,kopërnica
doug,polepërpara
koshtrave,paralizuara
brunein,pseudodiferencial
përmijëshi,fima
ndoqa,gnosis
tëpërbërë,artikuloi
roanoke,pileshi
pozo,akullnajën
jepi,buldozerët
shijoje,aprovuan
eats,gjysmëgjermane
shpirtëkazma,zrittsch
huanë,folët
çuvashi,intermediate
mesdhetarekontinentale,shravanës
rfohd,rizajt
kilkis,bashkëaugustin
telegrafistin,kambanoret
bpd,dhegraphia
gjelbërtblu,kaduku
capitalism,arsyje
piskëllimat,faraonik
kreitton,proekti
tsepelovo,mozambikut
lfrhr,spinoff
tershana,ottaviano
haley,pazëvëndësueshëm
sofistikimit,shvejk
ruperto,parashtronim
mospërvojë,moshohet
airesit,bulevardit
infinitezimalet,ekonomikogjeografike
lekasin,pangrënë
kirsikkapuisto,ruenit
batllava,pasterizuar
paarritshmëri,patit
louisphilippe,nirvana
rregula,naugatuch
indiferentizmit,reëpublikë
eksplodimit,hrant
sem,hemispatial
skedafundjava,dhuntine
lirivrasës,udaina
resolut,teertham
dhanore,breiviksë
rrymim,tolstoj
rancagua,shelegar
kriminologji,pasdoktoraturë
tuppence,parashikueshmërinë
kategorizojë,mespikë
osteoporozë,legistëve
luboteni,revolucionarizohemi
marquesas,antipapale
gjëegjëzën,tijgjyshin
fenix,merlini
xhastini,metoxyethylenedioxyamphetamine
qarkaxhiu,premçi
haozet,sopaj
parodizues,kualitativ
liz,prfundimisht
amidës,eshtnash
biped,toskanë
mirëqenja,vlonjatët
kamjanit,etiologjisë
ifitin,ulëriti
biçikletës,stoja
asnjëhëre,jorealiste
radiostacionet,miqësisht
kategorie,tibia
rivendosej,scratch
ersek,jodizuar
zotërohen,ballabanin
tongue,shoq
alelor,parvathi
korrekturës,nanjingut
ideojnë,boufidis
cirkumambulacion,rezultatesh
hvz,leks
marienbad,përrethojnë
tankiste,horia
podgorec,juristeprane
cheick,vetëgjyqësisë
riatdhesua,impulsivitetin
përpjestime,vetëdrejtuar
vejselit,celëssimetrik
barazojë,përvëlohen
tregolëshave,zëvëndëskomisar
sorcerers,bottagisio
mëpara,kinshiki
ngrënjes,selektorë
akarnaninë,delte
magdubi,schldl
ripaguar,komën
sert,emërtuese
impedancat,olimpo
appiano,vidhana
luanje,ëmbëlsire
rrenjën,kërrkoi
boksiti,saintdizierouest
stenella,gjuhëtarësh
emnakja,ruvenzuari
hormonesh,gandhakutit
festimesh,distributorin
kostrzhevskit,basilit
hebraishtja,mjedadirigjent
shurikenit,vinçier
faleristikë,unna
gllavina,psikopatik
vjetërbesimtarët,ndryshku
cho,kullues
lcprosd,davidson
progrmaeve,perkaj
ngacmohen,turbandish
arabishte,roleja
capace,eamit
thrakas,nysa
aplikoje,vëndasve
lcdliquid,kaluarë
menam,arkonti
stagnelius,clauss
sinajleve,bretkosë
ribëhen,enterprises
alo,shenjtën
lovëgudi,universitin
fizikun,papergatitur
katërtin,tharmitë
kirit,nënënse
zalatnay,dukatët
cdromin,mne
gjallesën,tetraedri
kirchlauter,olokaust
artmitraliere,luçi
trichodectes,echecs
shaanxi,fibronigjeni
kritikuesi,vstergtland
transketolazës,mediolanum
penalitetit,etherneti
gaspard,fraksionist
kryepolicit,publicistika
chagai,prcakton
uist,bomel
rigrupohen,ant
kth,gastronom
kristin,neumarkt
emocionohen,peripecie
njujorku,adresuari
ndrekë,temporomandibulare
ursavus,mërgatës
diskretizimi,ishizu
stryphnos,lamave
spfs,histories
repit,iniciojë
mapping,muzaffarpur
dinamiken,georgievi
azzahirit,viça
tanzanisë,krisodharit
leuctra,shëngjinin
përmirësojmë,shënuarit
poplluka,homopolarë
plaçkitja,singen
buisin,quhetme
villekulla,daki
çerçemi,messinia
tavanxhiu,bashkëpjesëtar
mbetjetve,stanën
bënjës,mbipopulluara
sajals,turqeve
doktorratës,loste
camps,rdiger
placid,mendijnë
epinefrinës,çen
plumbzink,shta
dhethis,renoir
romanokatolike,mullah
pivetëm,mikroorganizëm
stis,ngyrimi
kripen,luvrin
koaksial,zskemës
manierizmit,dielektriku
sevenoaks,harriette
mëkatshëm,armiqësuara
mallapert,karabakut
vravashkën,vorrin
votonin,sqiptar
insulinë,inekzistent
përpunohej,muzikorepoetikeinstrumentalezakonorepa
ango,bastijë
tetrabrik,banjolejt
ihtirakil,letrash
monogame,puqin
grabocka,salcat
siebenbrgisch,imituan
hamendësime,frekuentonin
lypsa,lodheshem
biniqëve,bazaar
kiotos,regjizoret
gajabahu,mahesvaras
alarmante,palmyras
qetsin,brieullessurbar
paketua,etap
kundërnatyrshme,finish
reagonin,federuara
rafanolit,dorsey
gjelber,shkollash
likuidime,mendjemadh
nimçë,recipientin
portoromano,ndriquar
tribunali,internetitndryshe
materjes,clumanc
lingë,fotomekenik
culme,hfz
murdochut,zeumer
autosomale,italishtgjermanisht
miokardit,outarville
rektumi,userkhaut
kuqeevropiane,aurangabad
zarkali,kaçja
cilt,begraca
omura,shkaktoje
zhvulluar,pissarro
fotografistes,gubaidulina
skualifikimin,bastarnëve
fjalëformat,tëi
streetit,perfeksionimi
vizatohet,baroklinike
apostrofë,kaitos
eltefsir,gëlqereje
posedojë,ligamnetum
iucnja,veprimatëritë
couture,zyberiklarinetë
sicard,nuçi
tadjellabit,gjinarari
suicidas,til
preokupimet,shovinisteve
zijai,programiose
serbokroatishtja,okllapi
botsme,ajrosur
conservancy,frunxe
aysem,jezidit
karagjorgeviqi,sexhades
diviso,ndëmarrës
luajtun,luzitanëve
labelin,fantazmave
zvogëlimet,pinat
hongkong,qytetrimit
pranojn,josasior
qindarka,trenapor
medal,dscription
pregatitës,techcrunch
kuve,estonezë
xhizje,glutationit
tipografi,dokumetrae
garantuesit,skurio
artiodaktilëve,gbit
marseillen,kuvëndue
urashima,balzak
supergravitetit,mesmet
perzierja,pls
shfrytëzoni,rrnoj
iriq,propozojnë
zagim,placentë
ushtarakepolicore,drejtkendesh
zatën,ditura
nishecin,alabastrës
senyera,balie
shumëllojshmëria,bero
crispus,ballon
monceau,përzënia
abacelli,konkretizuar
brodha,kuplë
kornellit,gjp
arabomyslimanë,sigean
acorralada,nefin
identifikuhen,baçardha
fontanes,grabitqeve
arianëve,sakon
tavoline,chiarantana
gottfredson,ponglani
maricës,sundue
ngauruhoen,blloqesh
crisprcas,tejkaloheshin
vaterlos,yugat
plasman,aqube
paqëtues,zallongut
nitimarga,riggoleton
variety,vlef
rohani,vëzhgosh
pyetjeje,abscisimit
florin,niros
kredos,lëzja
xhordano,thyeni
kpk,hamou
otiae,tagët
koalicioneve,hibridizim
ruins,lengu
seksologji,pasupata
valvula,ardinis
lepush,uebsiti
frederiksborg,moga
eprore,kreuz
nëpëer,hemmings
ëmërin,seress
samsungu,artefakte
matricë,xoxi
breznicës,kajmekamë
keshit,shpërqendrime
marjetës,ngjiteshin
diskutabil,seora
ngrerë,alenca
kumria,dibranëve
ringjalluri,kandilët
gypore,kissed
ngacmojë,pravda
makrofamilitë,nelspruitit
kalitur,entuzijastët
preferencat,keungit
ment,kyenin
ekzitueseve,qjanë
bakteriet,muçollari
rejës,padëgjuara
obiliqit,therrëm
blerësi,seconds
guerriero,pogragjë
nënfamiljen,perbënin
transeuropian,cfaredoshme
shokëshkolegësh,abdelazar
deagu,sahinit
konsumuara,iranotheriine
tvp,militarist
mundeok,propagandes
sencanos,marchal
spërkat,minin
labithine,faljës
seneca,apefasisamen
idadisi,mitar
kërcënohen,tufash
miodragun,punue
posalindur,transku
këmishat,menazher
grujo,filomenës
karbonat,pekini
largoheshim,adjunkt
zastava,ofiqit
kordinonte,katalonjase
dërmaku,ëmbëlsinë
relational,earheart
mcg,bislama
millosh,larmisë
ateizëm,buricës
karondelet,njeratjetren
ofc,rindobgu
perona,memorizonin
kilia,animim
komentohet,lkmpdp
lanci,degrand
isakut,transcended
aramaishtes,gambia
pathjeshtueshme,paeonasit
huntingdon,microprocessor
memaliajt,dharmakupa
hyne,vivre
eduartit,epitetetkompozita
anes,krimbave
robotëve,gërvishtur
dominoi,rhone
bajnë,çertifikatat
dajëve,parry
menccura,faks
leksikografive,komisionua
zosh,pangolinët
hutisë,nimfoni
simetrikisht,pastruan
mikpritja,tenisi
falsifikues,çifligut
riparuara,toraji
oozaru,paramartesor
fshije,unterentfelden
spirancës,lift
fletëvotimi,gibelin
rreptene,doraemon
ardit,spector
shqiptaroverior,kryeregjent
distributor,ankronim
parafeudale,akumulimi
lëpinë,pkksë
skandërbegu,psakë
riparuese,brae
studjuesja,connectionoriented
abcbanane,kërcellit
agona,medalionet
mbinatyroren,kezekutimpika
hipoglicemia,turkmenistanit
katren,pomeriggio
dalet,uzurpohet
turkikë,tlscompressed
castellan,antiortodokse
demirajn,kasaj
stipendi,çomleku
angloamerikanëve,higjiena
karmenit,janullatos
politikor,zemëruari
bettering,djellore
dezinfektuar,endotoksinës
kërshetin,nelspruit
barkën,gorazhdevc
barbizon,hysi
vepëra,psikopatë
zite,çelëse
mianmarit,kugarët
shkrifërimin,verifikimikërkesa
dniester,inercial
buleja,burmës
zheljko,opojarët
zajmin,mentorit
çduhet,melodive
alkestiden,anketimi
arshiven,skllavopronarëve
gassendi,damarët
intitucion,bruz
shfaqnim,shpatarë
fonemë,trocit
shpështë,danteja
strandzha,zvarrisin
mardhenieve,qëmoti
vetëkorrigjimit,shpalosura
mburimi,erzës
ndërmjetveti,muderrizanj
lascer,aeroplanitë
tereus,storia
formuarkurse,oti
hipoterozë,tirantit
krijmtaria,poshtmen
kallitrikid,martesëes
legjislacioneve,linearogjeometrike
ramachandra,inaugurimi
barney,marreveshje
anioni,itinerare
dyfishin,irefleksivë
senast,debrea
velinë,çiftëzuar
automatizmi,përndjekjeje
mekanikkuantik,kumtojnë
ngashëruar,matohitit
fadilin,hyperian
dëshëronin,rrëfenjën
sajtit,tsukishima
mahishasura,aterballeto
liceumi,yuyuan
mërive,dam
abdurrauf,colombina
scipio,shtamet
trokitur,shumeanshme
bielsa,udhëpërshkrues
lodha,pagëzimet
konektorin,baxhaku
intravaskulare,sica
kuarkut,prolaktinës
avokimin,solanes
osteopeni,ksantit
landasit,centrifugal
përbuzi,idiomë
jomyslimaneje,cërrca
parakohe,çrrënjosi
jetëgjati,kuintal
bosnës,kamona
kalidas,trishtimit
kron,braziliano
kulturoroartistik,umpa
rustemit,gasperini
luftn,harac
binder,skeçi
leoharit,riblerjes
idet,resnje
butshin,anri
istihares,hipopotaamët
gll,activity
hutuarnojën,mahkyapa
mezine,asfiksues
dholja,heshtën
izedini,auditorë
skicimin,melvilles
kraepelin,ishbasketbollist
kragujevac,riot
varezat,peroksidi
breca,rrugicave
përkeqësojë,rubin
jankumadje,gangadikara
çeshtja,luftëdashëse
sistra,titulle
lelovës,baobabeve
kanae,afruara
terrorizminderkombetar,zahmet
nattereri,posthë
biome,thjerrzat
pecic,siuleung
aktivishte,foss
davet,skufje
planimetrik,xf
neron,lombarde
ekzekutime,klorid
pathënat,rënësishme
mbrëmshëm,alkooldehidrogjenaza
piranja,plasur
skamjes,paralaksit
puritanizmit,sherrington
perichati,paçe
pogradeci,ndasi
roxy,iniciuan
vata,ela
conmebol,favorëshme
formëdhënës,hidrokside
hitesh,skifteri
shpetimtar,gjarprinjtë
juglindjeveriperëndim,dothraki
hipoptamët,gjndsë
komonuelthin,hominide
foxes,pravetz
nikki,marramendja
campi,manueli
ngasësve,piktorealiste
spastrime,roksolana
perveçme,oberstdorf
investoreve,breuil
kretaku,dasho
pjetrën,expansion
tradhetive,laureates
mrekullira,abouk
grimce,dhionis
gasparit,softeve
islamaj,konserve
gjëndrore,gangrenoze
ryo,dhimjeve
kandidatësh,bento
acute,androgens
savane,milioni
potenciometrat,aftesohet
tiruvorriyurpuranami,myri
heshtja,ryshfeti
predispozicionit,cysat
lafourche,dërprerjes
sugarhill,aartit
gëlqeres,relaticisht
formu,allsng
taze,agmia
dmthnë,çina
largesise,depresionet
rreshtoheshin,ushti
suplemente,itineraret
peshkatarëve,pigmentim
organët,krasniqin
gjithsejë,helicopter
kundërvyen,regurgitacioni
marrsit,cedars
majorin,signerinfo
trazime,vujoviq
gjeomancisë,dyshojmë
sejshelle,vindel
mystica,partnerizua
fishek,karave
qartësim,krasik
palestinezë,simatoviq
thellësirave,sukesin
gjerantit,smuer
alpage,radiotelevizione
shtëllunga,qëndoi
lgbti,dyren
yoncq,mutacioni
iluministët,adsorbentit
dirigjim,rubiks
amendament,tmmler
krohn,adventive
rrol,dipol
aubervilliersest,spikere
glumerulare,albumimos
pandërprerje,nordiken
jingzhong,sperfaqesore
respektivë,dimitriadhis
kurotomesode,matthies
egoizmin,mapp
smut,qytez
valltar,prokurorite
shqoqëror,kaskadojnë
riparim,tifoide
andreevskaya,tiryak
fushëbardhë,mikrofibrat
osteopathic,snajperistët
stambolliot,fshatarake
izet,taxonomia
fobosi,improvizon
leksemat,dizajnerit
zbatoj,bhattarakas
tatarstan,dunga
fujitsubo,permeti
scholes,shkollohej
constances,masakado
lypset,uruguajian
kundë,kohlhammer
antidotit,samtia
udisë,martoni
trishtuara,alkestra
xheva,rinoqeront
masivit,territorialë
manua,osoje
seleznyov,informatori
paiute,enkriptohen
antony,kumën
njekur,sunjata
qerekë,potamon
epeter,okzherit
gënçari,gliqisë
bivoltinë,patra
paramenuar,bouken
benediktine,sofonisba
dëshnica,parapongia
midhjeve,hilmiu
tjeterperfshire,agjëruar
pranoua,ucpmb
hapkidosë,përhajpjes
rajhshtat,skulpturoi
kidzone,chimera
rejhanës,aliene
hio,eadministratës
gjermanistika,rotondos
ghiggian,personalizoi
mozarabe,paleolitin
sidoms,evakuimi
vrojtoja,kompilimin
parashteses,reformues
sinjifikative,ofertasuksesi
paraguai,laço
tetëkëndësh,varengeville
tashnen,igd
dominicit,bebëzën
amet,medhe
rrefeu,tyson
koc,marimanga
zgarë,kontienti
mahavir,manjati
greminës,amazonave
cavaliers,diatribë
proengineer,epilogun
renjit,ngopura
cezarioni,zhviluara
perendite,majkopi
opsionesh,ariosto
bav,bejsbollistin
shprehishë,peshkatarësh
mandio,ardhmës
kapërcehen,paralelizimi
popoviçit,hakrun
azgani,adhisthana
ndërrmjet,ramazzotti
prusianët,ngrië
eminët,krokante
siheyuan,vescovato
rrymëmbajtës,sulltaneshat
tendat,nënndarjen
rijanin,kundi
shendetsore,inteligjencies
shishja,haitin
notere,ramëhyseneve
boulanger,përdithsme
transferove,aradhen
ruseserbe,shportat
ilker,eurodance
analizuara,pyetësi
vikendi,biseksualëve
gjirafa,karkarofit
paprekshmërinë,hematokezie
rezidentëve,kerkesët
kundërlëndë,mcv
volim,bredhesh
kirill,odos
transheje,edmundin
scoundrels,alhaitham
çengeli,sutras
samuelson,njëmendët
ludvk,gjyljeta
bergkessel,treyarch
njëmujore,bexhevoli
egina,trepalëshe
therjen,hansen
fluturakun,rëndesi
appunti,laycock
filipajt,përkrahëm
linus,identifikoj
inercia,gugash
mësipër,çegran
harraq,amboseli
azhagiyasingari,bashkërenduar
përputhën,brazda
parëmanchester,gamboa
bashkëdrejtuese,ojqja
mellitus,murrej
vjeçarit,klaudit
pacaktuara,erazmusit
partridge,miterrand
pini,hela
harkëtarët,dollare
kilom,shurupit
elektroindustrisë,shiitëve
vemendjes,xhunade
dorët,paresisht
bltsa,pasolinit
ivkoviqi,satusi
ambulancës,studiuesin
pvp,tarracuara
sprinting,kriminalizon
patejdukshme,bajze
hordhive,regia
kuzhmiç,bariumit
buciumi,kontinuale
pjer,mirepoix
shpresave,elektros
prespektive,kushtëzoj
jakovë,tmol
antonetës,izomerëve
thaçer,noms
dimensionalendërsa,beh
goiti,pylltarine
azizija,yuanmingh
shumëbashkëveprim,cabaret
riplotësuar,riccione
konfiskimit,bashkudhëtarët
nistelrooyt,bilionë
konkurojnë,lanxheron
filistejve,madhërishme
fournels,najjar
zbusin,shenjtërie
rrezikuesi,poncije
njëkundërnjë,kadaste
ngadhnim,amaral
isabela,capriles
olympiakos,miskolci
kreatima,pozës
sureje,supervargjeve
konceptimet,ajshe
almustasim,plasomela
qytetinnë,kulmohet
eternal,mirëruajturat
rnb,volitshnme
kaçak,vishni
fshtit,ngyra
fenolati,buches
ziusudra,bartësve
zzekrem,nëlumin
ngurosura,pixela
kimep,agresiviteteve
anastasius,igncom
ndiesh,paper
brues,huffpost
pigmentit,dentisteve
octavia,vëndeve
alimë,rrefenjat
tinkturës,fieskos
lidhësh,greqishtes
shkëputeshin,dolomites
zverdhet,industrialistit
iz,marxism
fantazojnë,marlieux
mlaga,nënshkrimeve
zivojvodina,banesen
shtatëzënieje,diablo
gjerësie,kyoseivanov
bekuarit,shtatëtelëshe
auneuil,tymojnë
grijini,xhenazesë
kansui,edonëve
gjarpërore,përgjithësiplejada
orevi,bhishmas
klinakun,bashkpunoj
konjikala,stratifikim
grip,grosharet
matim,notarët
aminoacidit,alli
serise,dorezon
pafalshëm,ndërmjetëses
jumper,mikroplastikat
vazhdoja,nexhmetin
oratorëve,dashuren
bernheimit,sallonet
letërkëmbimeve,dizet
gernikalumo,bashkuem
jopraktikant,saintagnant
mantisë,petrologjisë
vishnusë,scherbatsky
arbenin,misini
besimtarësh,frëngjishtafrikanë
blek,ndikimtë
kullurioti,universalët
plaqkitjeve,krudo
pëgatitjet,informalë
kushevica,pavërtet
mayfair,kafshuar
zhgunit,inocencia
vejushave,podgorit
dakut,kefalin
magazinim,konvertonte
museddedi,demshem
uzurpimi,gauntlet
gdhendjeje,përtje
masae,herderin
stafidhet,langford
chalandriani,hoodit
maristas,tangjenciale
danenë,ulëtporoz
vëllimshëm,luksemburgët
adocentyn,paranoik
usamës,strehoj
mihalogllu,tradizionale
flish,pavijone
grafikën,elat
davy,hanhuidi
palla,djemët
dimitrios,pedagogjikedramën
arianë,lëngatën
sumerianët,shrodingerit
joinfektive,marubbit
ersekëkolonjës,gv
maties,vendodsur
sllovavisë,hoanghoi
hillelit,provenca
dythundrakësh,atributin
turbekulozi,gramaçel
berishaj,korrikulimi
crociata,posashpallur
rriturups,demokratikë
maksillofaciale,mandatet
derrë,vaishava
plutokraci,debuan
heaven,rrokëshat
intervistua,shumllojshmëria
guanine,jarifa
stadt,jakë
siperfaqësore,zhiti
supersticion,bezhingu
gjobiti,shkaterimeve
pucca,zakonruajtës
hosteni,smajli
resturant,lpkdroga
viacom,dorëzueshme
lusnjani,pacenueshme
danjën,sheg
kliridis,habsburger
kaliumit,nurmuhametqyzy
godisnin,rusogjeorgjiane
zenebishit,infrastrukturat
animet,pandashmërisht
amc,armutlu
dalldia,lande
idiomatike,qiriazimaster
empiriciste,pasluftes
coil,merxhanin
gjyli,teorish
smundjen,bahias
mathuras,sylva
xeherori,vandaleve
lukmanit,lifeboats
normativat,kishert
polycarp,barabartanjëra
papaca,pauperes
marathas,hippotragini
angloasante,aec
cornegliano,japodëve
bucaramanga,plazmodin
cireni,pejgamberët
cigareje,territorialitetit
manning,nursery
noesë,zejtarotregtare
kriticizëm,gjeometër
barkmadh,melankolinë
dvadasheshvara,kallamarëve
intervistuarve,raftin
boilit,predispozitë
desnoyers,honour
sjellen,shpij
breglumore,pronjarët
zippos,pretedente
petrovi,etëtë
kalinga,akuariume
shkurtratë,menaxhmetit
identifikimii,bergmanit
bernac,mareshalit
mjështëria,gjysmëpëçues
falënderoj,përvetësonte
rrjedhimin,filialin
vantaa,sektarizojnë
leonia,përshëndetën
vrmland,mkokolari
dritëvarur,skalarë
revistes,gurdvarës
deklarimet,menkulas
vaksinimet,totali
cantolao,pohumi
naiku,saintmarceau
paraosmane,herris
pedanteria,rvsbs
bsac,smom
kanchov,politikanin
homofilia,plya
nikeforosi,marquess
trefaqëshe,mjekime
avdullahu,alergjen
magsaysay,grimcohen
jetoje,veteme
synojmë,bytyqi
vlefshmërine,sotimit
tarsi,videoje
kandasë,spiralin
urashiki,curation
kroatishtes,hna
nëndialektet,muajsht
summerbee,stilemat
autodesk,desmostylia
lëshohendiafragma,calque
manatia,jinan
ngutshmen,regjisores
asperger,tboi
estevan,mirëpritura
speedit,cratchit
ngjitjës,ocampo
gravën,cci
shajë,tristhalisetu
veravet,vetëmotivimi
bledhim,zejnel
skulpturale,bios
baert,kitinore
zvoglimi,papapamo
shpronësohen,elser
nazca,tabakhane
takuua,bloger
ltc,duhemi
mandinit,keqbërëse
ripërkulrecursive,galopante
herpesi,katynit
ikonostase,ackovic
redaktimi,topal
leithon,hideioshi
ndërthyrje,fehmiu
dyshonin,koganajve
belligerently,albanopoli
bedriu,kthjellojë
gjithëpërfshirëseintegruese,stelar
tekniko,shënja
bllogjet,jetimëve
nënshtruam,ashtayatana
fishekzjarret,tëgjerë
bornholm,grint
permet,perimisiumin
punesimi,gjenovës
jazirah,thurjen
rimishëruar,procter
imunologjike,badovcit
tabaku,unçjs
chaityagrihas,publikuese
pernaska,lypni
ofshamën,rekhanagara
patsy,izotropike
sippenhaftung,meshruta
kamzhikë,marubëve
vlejti,berlinkreuzberg
rhizous,villehardouin
jyotira,kanunore
stealth,gopuramët
pavarësohet,plakej
vincentit,mbindjeshëm
skicash,mahizmi
vonicën,granville
inproduktive,largti
kishinaut,pestivirusi
tanusio,gaprindashvili
punëmarrësit,troismoutiers
germove,distribucione
vetëidentifikohet,rouling
stuko,skeçeve
ndërkurrikular,llogaritare
çehov,shtrije
blades,çrrënjoseshin
hakiut,iuris
avancuarat,zotëriu
neogene,avllitë
zelenodolsk,floema
youre,vititë
bajoneta,nilaya
luksemburgu,savanën
luvenit,kapërcime
akacisë,intesa
skicuar,çmimie
guilty,siqeves
baçanji,menes
iluminstin,platori
kauzë,juridikekonomik
ypsilantis,kapësve
perleshjen,vodkës
zalemi,mbrëje
glikopeptid,angulan
ekperience,pandyanit
hasna,bnden
tezeje,gjysëmproletarë
harxhime,besnikeria
hiqe,demes
follorinën,paditën
limogescorgnac,selo
raperonzola,dative
saprissa,lippo
fushëbetejës,resnjë
charlottes,marinarësh
litarët,torzo
rikthyeshme,helenalinës
prodhueshmërinë,absolu
minatorë,barngrënësi
rekomanduese,komprometohej
silabike,likfidua
kompoziit,nikenë
lokusi,calabro
tamar,thinjën
simonin,borglum
gjenoeze,antonia
rrafshohej,skenohen
përdhosura,carbon
ritem,rezisto
gjyatje,galabri
sakse,viiitë
fenomentit,centrope
mbrapsh,brestoc
ushqehej,gjebrea
vikram,borgjet
valdomira,symmachioi
pamohueshëm,buxy
kodërvarreve,harbi
gratis,erdoanit
mauriac,feniketonuri
mbështjellim,largova
lëvizësi,domenikane
lakuestrupa,cifti
franciak,rocha
lederhosen,humbinë
dermatologji,heronjet
pavlloviqbarilit,nizhny
tumblr,dembelizëm
rishkruajn,rn
arsyetojë,ush
pendesa,imagjinonte
ushtareve,parealizueshme
zhgënjimesh,morenë
atanasosvski,fikhun
betahcg,largësitë
skalitjes,interoperimin
konspirative,terori
tepricë,linvasion
mirijen,bekstejgj
socialkonzervativët,dugaijevë
zhar,deportim
kroz,reduktohen
timberit,storvreta
kurtizaneje,akbarnaman
buttigieg,bhaktin
koshit,spekulimesh
nemanjideve,bytet
kokteji,këndëshme
nezir,boboshti
potencjalitet,thyrjes
pallaber,ribaund
mëndjen,miluaukee
kllstrm,mahamadou
mendafshi,lituanezët
adrianopojë,duos
mbuloje,shtatëqind
kompanisit,peisistati
transformues,pocizioni
rko,ndodhjes
keqkuptuar,arlington
alvaniki,inbounds
furini,krishlindjeve
jemima,brejtes
konkuron,pastruese
perjashtime,prla
sobran,maminas
karetarski,shigjetar
adoleshenca,annapoornas
absonuar,erida
arberit,shkrepur
stanishor,ohrid
misisipit,resort
agrobiznesit,konvekcionit
urumi,rrezor
menjanim,muyalaka
membranave,antifetare
leguerney,hajmel
lumtë,celularësh
dpf,pastruesja
muslimanet,bllokohet
tregtoi,dharamsala
baatar,sitan
asizit,aftëson
heshti,shegë
renovohet,hinduve
lajthia,milonja
tradhëtia,orissa
shtijnë,softporn
lezbikeve,kucove
azhurnimin,antropogeografike
sukth,akhtabit
mangapuram,polog
strisho,isser
pocantico,veshtirësish
konsultoi,tirthat
quajm,enet
spiritus,garudës
ambulant,arabishtturqisht
alkoolizmin,qafore
monetarizmi,palmer
sheqerinribozë,kurorëzoji
jodritë,ribiers
bibë,bruci
just,chemine
krimalstikë,belgae
acizike,pyjorë
mesrop,trepikëshit
zëvëndësushme,poplavila
mushtisht,atilius
rënde,hajdukë
joshej,toshiba
kulece,kulombit
depolitizimi,gjallni
hyji,formulua
parregullsish,caveolae
degjua,dherr
puthte,binenfeld
orientin,okulu
vvi,famullive
pridërit,dobreshit
malate,dërçikth
bite,kokërza
kullotjes,dekorues
psikoterapia,transformojnë
gjuetarit,kuturisur
grurin,burgë
gjyle,jellouston
scaraggi,fluturo
konfliktuale,amitbha
ripaketuar,tabloide
bshp,chelsi
medardo,refortified
donferrante,populous
violines,larme
qrrinë,quaresma
metelin,koraci
alloys,qeë
pullaritet,dorset
kontribuoj,njihori
dat,gurusë
arizi,antisportive
ngadhënjejë,elefantësh
oshilon,muayt
fasionuse,prizrenitai
harmonizohen,atraksione
gordana,dublje
kupin,riformonin
sinores,graphia
joadministrative,dëlirjes
alkalbt,hollesite
kasaforta,bally
squat,ausëve
deputetja,huesca
rufius,subspecies
shahmat,muziktarët
sherpin,thahej
estrogjen,gssf
chemosynthesis,papermbajtshme
malad,kriptorchidism
ruleta,scrubs
iuti,samatica
vatatzes,qumshtë
këmbëngulthi,suadra
aplikonin,okupuan
gazelën,plotëfuqishmit
venetikut,dimpsej
antidopingut,mysafireve
fotokopjimin,skedapanorama
psikologjizmi,ital
gazetadita,udhëtuarit
territorio,labët
mbajturit,jorel
africanus,papirus
shaho,buhiçit
skajshëm,florit
francuska,shqiptarësinë
meksiken,texanum
elektrolit,kaprojt
stilolaps,artez
hungërritjen,hoxhatë
eterna,humusore
bestuzhev,shvan
kakavia,nivellartesi
nocovi,rekalinjtë
manzetti,zekrem
insbrukut,shlodhen
thundrat,kobo
shinit,fnshkkgjk
prosimianë,avarosllavët
rfgj,kaleidoskopike
dirixhuar,fdd
akkas,skartament
dollomaja,danielit
gjethegjilpërë,guthrie
mërkurriane,përcaktoje
foka,bujkrobëri
bhuja,anapolisit
kryem,hgnorsk
shpifjen,çervonetin
vrella,kuminantë
parapremierën,dhurohej
korruptimit,nominis
heterociklike,përftojnë
dieudonne,orniçe
huanglaoit,qylafi
yuroichi,razhnatoviçit
hartim,krue
daniamërllahu,purushan
asketikësh,totemit
prokariotet,sudokuduke
kadaif,moratliteti
kinoditarë,cpi
qyre,multipoint
simplegadët,lansimin
draggin,nobuhide
përkasinnë,bitshe
pësorevetvetore,makaun
ambleny,nodhen
liturgjike,merytrehatshepsut
manufacturing,cimento
rasave,rijesit
disposizioni,jod
commandments,crack
ehlisunnetit,bengasi
apllauzin,khelbnikov
plasimet,mareci
skoces,gjoko
horvath,vetëmnjë
cmpie,ishzëvendës
polydectes,anarchist
baroneshës,pamat
uj,ndryshuara
erotika,sobrero
czanne,akritike
tagliacozzi,guerreiro
tainter,jainalaya
finaliteti,secare
vranoci,kundas
shtirur,gucinjve
landnmabk,shitalas
kjosh,millanovc
denigrimi,majevicas
hipotekonte,paramjekësi
pergjegjshmeria,hilandarit
imponohet,nordsud
interkonjeksionit,gollobordën
enciklopeditë,sangam
starkey,teshash
stopeve,venizellosit
dimensionesh,burjatë
kemajl,lotsjellës
bashkëtingëlloret,tëkores
launchers,kinmochi
erinetet,vikramadityas
lëvoren,kompensonin
uollter,pëshpëritej
korana,atdhetarizmit
ifitit,drang
grekofili,sociohistorike
fotbolltransfers,stennett
sahatin,eurorajonit
dorcia,substancash
zrichbergstrasse,adaes
delfeve,narkolepsia
mirëorganizuar,decos
përdoruesiuser,kablli
zhuzhnjë,kuidiçi
tihomir,miamiflorida
shekerinska,trashëgimtare
lovells,koreografua
koisianë,infant
morio,poeteshë
dygungaçe,trebicka
glukogjenit,colette
neutronik,revestsaintmartin
harishchandra,parg
bakersfield,mendjetrup
shkuem,gjimnaze
rrubikut,mirënjohura
zyberaj,franklinit
suall,lbbe
perkatesisht,mjatueshëm
njezet,cupolas
griha,ruanden
ofendime,alpit
monogamë,agjitimin
stetoskopi,kondoemër
barbarossa,pafuqishme
mpiksëse,skolioza
motherboards,njerëzishme
joseksual,radimishtit
uraniumin,thermopylae
giovinco,parafytyrimet
historis,moviola
nënfazat,hellman
diferdanzh,remscheid
konstancë,krionikës
shtypësja,boneve
chaffautsaintjurson,bimstec
monarkive,skuqim
jetavanaramaya,pelts
palolomua,pejçinoviq
rrumbullaku,brugklas
fiqri,kavaleri
mogadishu,selimoviq
cithet,reate
marksistleninistëve,trichinella
vajtojne,desova
venta,farze
saintgenestmalifaux,blogun
tunafish,gler
coupe,polise
erisit,presinonet
turirit,ripopullimin
shërbehemi,perfaqësuar
kvarternere,cigaresh
rrudhim,raspasani
beledijes,elsimmah
dëbuarit,georgica
aftësohej,transballkanase
beram,allkaj
bashkësundimtarë,batsi
nformacioneve,subjektivitetin
rishqyrtoi,koncepsionin
jagosh,rosn
kanalizuar,terroristbombardues
treteau,ujësjellës
visalia,britansë
marres,riglietti
gllama,arkondët
thalamandapa,vermic
monodrama,logjikshme
efektivi,tienit
alix,umres
perparsi,cuitlatecos
burovi,fregoli
sherbëtorëve,keqpërdoren
rrotullën,papazhuli
iski,cyles
skllaveje,pikturoheshin
kapitalistëve,anamneza
printues,dragjat
ariet,ailla
steatitit,reduktime
shkurtimi,nëndetsja
miçigan,karvanet
petrografisë,triumfish
tryezave,fina
emetim,ymca
parabronchusit,artdashëve
xhovanit,hajdhia
ishshefi,indentifikojmë
infektimi,muzen
mathias,kozjakut
agrd,hilja
rakia,forcimet
kapurani,kurbeti
plumbat,mveshura
rogerit,epiphytes
korrektojnë,hidenomiya
essekini,tryeze
monbush,dhomëza
maqedonasëve,bargjini
philosophical,gluone
furnizuesit,çrrënjosja
bing,egjër
villierssurmarne,logosa
shpalimi,trasmetojnë
nxhehta,diagrameve
berjes,basad
dizhon,lame
idealizim,emrohet
kolagjenit,unsorted
bllokuara,licetë
adultet,parmenionit
beduin,gonococcal
psilomelani,kepleri
evropiandhe,shpellal
nukleik,freskimit
negociatori,brikena
across,thaosë
rabbia,kohezgjatje
ndoci,monsinjorit
postale,përvetëson
rigg,nryshimi
frankenthaler,ruzante
stermci,neurokirurgu
metodaqellimikuptimi,rivarrimit
lakohet,eutropin
spastrim,endosomale
devijuese,kampuçisë
fermantët,benedictson
kirurgut,filmor
dënueshëm,schaffhausen
jorealë,hajdar
cibona,gaeshi
certaldos,devotshmit
burokratët,tejzanorë
tastiera,ripërdorur
tenzing,homotetia
shpiente,hipodamik
hakodate,patrik
ekspozon,rudari
alhakimi,toponimik
mobilizuarve,biçim
kilean,supermasive
ngordhësira,interesohen
ekranizim,kaskada
rëfatit,bioteknologjisë
ngela,shtie
asisti,kik
supozojnë,formësuese
thiollet,potkoi
kallkendeles,shkatërruesin
furtak,imerit
yabasan,saionji
panicucci,egersirat
fso,kaake
afgan,voskhod
institucionalizimi,alaskën
brogy,dinard
kanka,neuropsikiatër
cornulaca,shkarkoni
argjendarët,ultravioletë
quezon,kurreshtar
postrelativiste,punëdorës
viz,cyclase
oclock,adlerbeth
pështjelle,edukatoret
pengfei,dervishinë
pragut,gravura
dyrrachion,këjo
kanopin,punojn
ayiryi,trakal
abarat,jurise
xhafzotaj,popaganduese
jomiqësore,reduktosh
brahmeshvara,vishveshvurit
plano,relievor
lunel,schmorell
finistre,kurrikulën
kulothungas,salvadori
qc,automekanik
sren,sinterizuara
famijalar,nëpozhoran
romakolindor,vietnamin
prusi,shuguruan
kontrollën,figur
entrepreneur,lancelot
fotionit,dodd
tërealizonte,përkeqëson
prinicipatën,shme
nizame,gënjen
shperndare,përmbyll
pionerët,fenotipi
pergadit,lokaliteteve
pumpernickel,përndiqeshin
kongjestiv,eskilit
dhekelia,metamorfoze
intepretiin,ribashkohej
marketin,trashesia
agoniston,pasazheve
publicus,jodie
mënyja,lhl
klckeskoby,mushken
higjienën,berhudar
sauropodë,mergele
cler,ekuivalentet
gjonbalaj,gurashin
tjot,bhaduri
tavane,qenunit
paapelueshëm,taddeo
shoka,vsterbottenskommunernas
vajshopi,moorei
mikroforma,gauliga
fasiliteteve,rumpolt
ekonomikeshoqërore,zhasan
shesha,multisport
matematikenatyrore,filoni
incidenca,valences
capfort,sorra
lëjë,cajld
lumenjte,psaka
ujmanit,hedjet
xxxi,finalizur
jakupin,desikozën
vakuolat,kalimesh
protagora,monofizitët
dunavat,gotije
umbrias,vc
ungjillëzuese,konfuzja
baslerit,kategorizuara
planck,kuriozitetin
lansojë,perberja
osojnasit,puzanova
qocteauut,bopp
shkëmbimeve,nordikë
ustadhi,akbar
staunton,paskalit
tualete,pacemin
hubspot,magyarization
trilobitit,granatimet
rektumit,drejshkrim
bazooka,njëzingjirore
banknotë,afternoon
esetë,zglodhën
tirrnin,bizan
cilesuar,paarmatousr
ndyshe,gogolët
shkretnue,kreshnikut
drejtueshmërinë,riprodhojë
ekzoplanetëve,perqeves
tapës,çvillojnë
këkrojë,njëdoreshe
bakraqi,aramike
luksemburgas,shenjtnorja
gatein,përendine
bridgeman,mitri
tenisin,faringu
borgjezie,trodoni
trebenisht,llojlloj
prriti,apek
konotacionin,historifilologjise
nisjeve,meena
specien,gabrile
leucemi,shturmit
botuarë,jovertebrore
persefonin,xhomara
pavarotti,vartësitë
aflatoksinat,bashkëbisedim
teksianë,pirunë
mesimin,gëlltitën
lumezzanen,skandalizoi
joformalisht,konvergjenca
xhith,florentino
zhuljeta,vedavalli
parapri,prato
kohrat,ishgjenerali
pucarevo,hippodromit
fikjes,millennium
lirshmërinë,frankojaponeze
bastune,impiant
portashtojne,gnaga
kadriut,mohonin
amshimi,selective
patrolluar,aidssh
llulle,mekajshin
bradycardia,sternum
çiftëzimin,hairstyle
axiomatic,majtëve
hroque,kënaja
loic,korcavizion
oksiduar,koguryo
balldren,emrinpasqyrat
fminist,ltimo
toussaint,popit
mianzini,vituoz
konfiskonte,proglacial
astrafobia,printuese
lidasit,pushtetmbajtësve
diferencimet,vegeta
chteaurouxsud,gardë
rodja,spdsë
pjeserisht,lexoheshin
mamallas,sedrik
mutafyan,versulur
porzitivësi,progreson
dollames,testamenti
reflektoret,tuncay
astronomy,kapilari
pagon,navën
tomski,kinesiterapike
uubo,tretësve
përziente,shqipërie
paniçar,komandimi
reres,pdg
ventilim,hobson
analizator,qrbu
paraqitjeje,rakocit
shpallëur,kinezi
ushqimorë,cadafalch
francëa,apolitike
pilsner,buxe
ripërpunuar,leiris
pianetën,superioritetin
yamoto,laplasit
rëndëndotëse,chikago
haxhaliut,pengjevegjendet
papave,lapsana
gjestesh,latpontius
njëjtët,govermentit
ferncliff,moroni
cvc,furgona
sakramento,damm
aosta,ndrea
tiglon,bohndiek
fantazuar,radanj
rakka,salabhanjika
lampantsa,serbomaqedonisht
jaketerinburgut,rregullohej
kulturologjike,dhënjen
renditeshtë,stinore
plazme,merckx
omlo,bërd
këmbëngulte,tejlidhjeve
idhujtarisë,mberthehen
spelet,infobitt
monofizizmin,rreptësitë
montgrand,ostrobothnia
malësorçe,tarnovo
serval,malitbadakhshan
mbylluara,venosus
radioelektrike,gazsjellësve
zgjebës,kardinalpeshkop
kufër,rioshi
cuartielles,yja
vjerrës,ndriturve
rezidente,vjellat
ashures,malakasi
akre,gianotti
zyren,lakonte
makemake,plateau
stimuliprej,dospineti
pseudopodiet,ushtarakestrategjike
prefrontale,tsymukha
veçantën,konakun
rrapush,nellarcadia
shoqërueshmja,jugosllavisërreth
dealului,arima
zëvendësdrejtorëve,kualfikueset
përbuzëse,basiluesit
kendra,përbindëshim
meds,ornitologji
vizcaya,neologjizëm
ardhmërinë,vedit
lançimin,poker
sokut,leço
zt,lelo
litiumit,gostimë
çmendje,rryshfete
lautaro,pantomimat
qemë,raphaël
kolegjiumit,erdal
qliruara,shapiq
absolutc,llavrov
mushkërisë,parrots
legjendarët,chygrynskiy
adchu,antiquiora
angjelinën,njohurivë
obligacioni,autobusët
skincare,udo
getoari,mraz
dafines,tjetërsimin
shkelet,tç
studjueses,enchantix
shndërroheshin,ruralomalor
dalbania,hcortez
kqijapër,fogu
alifrosti,shtegdalje
mandjej,hips
cetarës,perandorise
bakërnikel,mbështjellësi
salvetur,ganja
normalenf,sultani
telegrafinë,inspektohet
iteu,njikëto
ica,halland
traktorët,adresen
katolicizëm,josororale
hooves,pule
sfide,tentativat
eksploatimi,pentarkinë
çarmatosë,ninan
zhytësit,lyliinen
headeri,taulantë
bchler,porfirio
fjalesh,tendrils
kurimit,shilingat
mosdije,theksojë
operimin,llaute
rajasimha,lembesh
gjitonia,perdes
amrit,farëngrënës
stasovit,nickola
euroatlantike,konsermimi
lotor,këkime
poligamisë,zoetrope
trininë,nisme
parregulluara,vazhduesit
mixticius,gazelet
kantierit,fonetikomorfologjike
paced,dharmal
takëmin,amilcar
brahmine,fen
szczurek,printimit
cyparissias,hispanike
jelloustoni,lovecat
fatalitete,jna
parafabrikat,randa
thekësuar,thunderbird
masterat,hyrën
furkat,drajv
granny,adhamijes
qyfyre,gx
kahjën,dorëdorë
radium,filigran
pinhead,vëzhgojnë
fcim,aizensë
istimit,stinave
phonons,baci
sfar,foia
emirjona,mugetsu
ipeshkvive,mamuthin
karev,lozë
bbtimro,szilagyn
karypis,kameloneve
religjoze,virtuozitetin
vurgut,hodhen
ikballi,kinematikë
egon,poetizimi
maksimizimit,kalf
gërshëtim,valuable
gjeometrin,predispozon
realex,limogesle
slivoanskut,urdhërash
havanës,kalkolimin
nhs,gatuajnë
dz,brazilisë
ndërdija,kanun
kulinar,glycolate
vitrouest,mësimoreve
uriturit,lligat
faredin,shpirtnuer
bertold,degraduar
lirëi,rozetsaintalbin
galicices,ndëgjojnë
elladan,lavoiser
solokëngëtar,menduara
dorsolateral,kbit
kurrami,zbv
klauko,tripletë
çijes,prindët
pelushi,kremimin
domestik,benghalensis
gjysmëhark,meigs
përroska,dedali
shkall,investitorin
jeansylvain,ekert
metamorfnih,kurrikulumi
vezhguar,rotarian
minimizuan,sejfi
mujorë,friedenau
saktësimi,ngjyroset
ndëragjencisë,hendbollistët
ngc,limane
gjysmëmbesa,dpd
menaxhoj,bonaventura
ostia,plaçkat
xherardo,zakir
ghala,tridimensional
miqësua,eksplozivit
celulazë,burbur
silikozen,keltike
hakmarre,orissas
bubble,tanishem
arnista,vuajtjur
publica,kallajisur
interdisciplinare,paligjshem
armenit,russes
fp,nellit
ganj,mesilla
parashkollorët,salpetri
tiruvarurit,vall
trefazor,konsideruari
bellusci,kursive
doket,ddd
cusb,vejushe
torana,terminologjik
daulleja,broëniane
palamidas,kiropterave
ranoreargjilore,lizette
fishkëllima,britanikoindiane
ffk,koinçidencë
imituesi,mareveshjes
montuan,ninsei
opentech,bioflavonoidi
bjerrjen,aplikantëve
teknolongjike,sicc
noeun,mandarinat
zzfahri,terrence
kopsat,extraordinarius
gorio,asgjësimin
maginot,ndëshkuesit
fiksohet,marianela
mundimi,galerin
berishë,klaiqi
docbook,maksude
shpalosej,dietitians
baritorepastorale,tërgarët
onyomi,lakueshëm
tymfit,gopayyan
murmë,lojaliste
vek,mushkrive
mbishkrimive,hutbet
talentash,shndënrrohen
bravëve,tunxes
protourbane,skendi
nexhipi,gellar
ligustra,lepushës
genoese,punonjësiklient
kuang,formulueshëm
raguzesdubrovnikut,squiggles
kuqetë,rrethorit
shtresëzim,beçisht
ciganët,pjekjet
koodinativ,autobote
qzteti,canës
bardës,afaristë
voltes,gegas
rabindranath,totalin
qfardo,pakësua
aicl,karlsplatz
koracuar,thjeshtesi
fust,vashdim
vjeshtak,ndermarrjet
althorp,multipleksimdemultipleksim
fahrije,gradime
yudayeva,pensi
ngrepelisse,forë
propaganduan,lingamët
siyami,spekullime
dellinja,interpretonin
karakum,vërh
yndyrërave,halidi
santorini,qetetase
byng,fatthënëse
teorizojnë,tafilin
fjalëtore,patriarkut
chandran,etjera
maturidi,dantivarman
deshifroj,korita
naruko,lufterat
lançit,chihuahuan
mikroklimes,pionierët
argtojnë,shpërdorim
louvain,guneshas
autopilotin,kurbani
kavacha,elvin
topografik,sottevillelsrouenouest
vuajturit,rivazhdojë
asante,locas
polica,kristiani
lenca,pushkolli
aktorën,hitleriane
gesë,trashegojnë
argëtuesë,shkurtoni
grupave,barriere
oxygen,parenterale
dallohët,prototrombin
ngatërrestar,termorregullues
kompiluar,reichenhall
dendësisht,vozis
njollosja,fortuna
hemus,marsonia
gjyqësinë,javed
hasmive,berenit
anëtarësi,cru
picardy,ghate
kriju,epo
heigl,huku
kundërpërgjigjur,vendimore
spvgg,bensbergun
inhibuar,asllanin
sanksionim,regullisht
lynkestëve,zgjatues
licencimin,racion
rafshin,bojkas
amësor,frynte
organelesh,rubn
llixhë,sokrateze
vitti,psikologjipedagogji
shndërrimeve,teitelman
panjës,fomë
prelud,përgjegjsia
orizet,përuleshin
ancona,kandidateve
bhagavan,bogotakolumbi
myfit,mpb
magjar,mëdhejmë
sovietike,shëndrroi
kranjska,perfshinte
basketbollistik,hui
mittal,pasdiplomimi
kraterit,pirajn
boinovski,hasanaj
kullashi,llamanit
gdpnë,gatue
biberonët,freundliçin
andreev,dezorientojë
fotofoni,pentagram
tbilisit,shkruarjes
orzos,qarrit
ndryshej,nshn
karti,ismete
përforcueshish,falënderua
shtegtonte,festschrift
ftisë,bombardohej
jashtëshkollor,dalim
rrëfyese,bochumit
kopan,origjinalja
kabllor,kadrija
katy,përdorua
junta,avi
marikina,johnon
doktrinal,atlantike
çeljes,iqa
apekut,kapteri
fukuyama,aaj
lunas,qerren
sent,barazisht
djathtistëve,vrani
mikëpritje,sirrhassiteas
sporofiti,realistete
mongolishtja,armatosuara
sotoniqi,autoritarë
ngjyrim,surfers
gazillar,anlgezët
matrice,ripërtërinte
menjiherë,eyvah
zaptuan,nomadësh
xhufi,arkada
vtiti,çkaja
frakture,foscolos
holandezet,kolonizatorëve
palestrën,sauber
akuzohej,hispanoamericana
guajanës,morsetave
lyneburg,partito
pleconaril,kuhlmann
fshehëm,ribashkim
zëvendëskryeministre,individualizuar
altos,nitrate
terrorizëmforcat,austrohungari
elektiv,loku
kumunikimi,nënspecieve
kikaich,ardenti
polenin,candace
eranvidisha,ceylon
lazovic,kanonë
zhveshurpa,sarkoplazmatike
safos,kanonin
aaas,historikodiplomatik
anekdota,mosvigjilencës
skerdilaidit,hafizes
demokracive,antiturke
midcourse,blokhin
clermon,kimiko
gjoksat,butt
masakrua,stermbesa
vezio,macedonise
shrugged,noodels
ricemmanuel,fukko
eshin,tubon
mburrenmi,goemon
zheranicë,piperaceave
carver,klitorin
multisportiv,solenzara
ayurvedike,mizë
serbomadh,sugjerimelidhur
maracaja,detektohen
sanatoriumin,rapotuan
konsultative,ipeshkv
cuomo,makarenko
nonacademic,decks
kadukun,pishtarin
lauren,ekscitmit
hutuese,shprehitë
humphry,profesionalizuar
rithirr,magmatike
fashos,ilirska
prangave,jukua
cilesor,rrethanore
filat,gostari
izidor,lapalisse
miniaturizimit,tatenti
kryesive,osbeja
koryu,gjërsisë
disgrafi,jehudë
pinçanjor,thyerjeve
sipakicat,bortolo
samavsharanin,danimarke
cantos,spirancë
shkrelasit,kere
bronket,elbasanllie
oviedo,bokkeumbap
babanacëve,mizantekst
tallesh,gutaj
nasone,bluarjes
bërtetmund,haluçinative
fonogrami,justinus
avviso,estce
junsui,senegal
gjarpërime,ekstraktim
prel,mërkurrin
distinctive,hirisave
transporte,mirefillta
dostojevskin,rukongai
theumer,taejon
keka,archbichop
teologu,fitemet
ponosnoga,junonit
mbarteseve,kuorum
kapaku,instat
mënçura,televisin
zjarm,alkmaar
leberit,esmiha
zumbe,bkeh
litorale,kthy
trikekëve,leanca
organizem,finlandën
eaten,drit
qulli,laquila
frymoreve,invazorëve
lemza,duszak
nang,tinta
fashizoid,akseptojë
melua,bashkëshortësi
çvendos,zhgënjyes
loukia,henriete
pretekste,tmë
ngomfest,nokias
gjithëkombëtare,absorbonthith
kelemu,dardanica
filarmonike,pierreolivier
niher,ëmbëlsi
frytdhënësi,jukebox
servirje,insistojë
riinterpeton,nevojshem
mokuton,brejtëse
aftesi,info
mërmëruar,rrënojë
centrifugale,euklidin
tenxhereve,dekritpimin
vizitueshme,malaussne
hashn,aranyaka
farenga,fortit
ndërtimtarie,brandenburgut
shpalosen,vërlacit
petitquevilly,kodërmal
sanchidrin,tsouras
tharypës,tsai
shpikësi,dumën
shlyerjen,hummerit
eurasi,tekstilitindustria
gjazujit,ballagat
redukojn,sigurohente
mbështetesha,vollmerz
yalive,gardat
bfb,androsfinks
agresorët,muiz
beerfest,çukarka
manipravalam,maimes
skllavëruara,dijesurtisë
pamundshmërinë,brodskai
nkosovë,proteinash
bizeli,nënmesatar
bojkotojnë,armagedonit
gluteal,zgjohen
abeliane,kombesh
mirënjohjesh,bijt
planarias,fuchs
ekuitët,gobstopper
methenyt,frde
basire,diksion
insistimi,fragmentimin
kosha,motteservolex
paqitje,grupmoshën
ndërlidhte,quarterly
jatavët,gjergjizë
tmerron,purove
gibson,piura
ballad,bokml
silurash,sekrecionet
dehidrogjenazë,trefishe
tridhej,sarkofagut
frunze,komplementimit
tucovi,qohi
lirësi,herakleios
rx,eskilstuna
komandenngadaslohet,dushkme
prakitisht,katërkëndore
gluha,llazan
noblës,nomenklature
shkruaja,pervoja
edukatv,lynkus
jugovia,mukozën
cifël,mbështillej
alkama,yemen
fuqizohej,gauodernheim
gatigati,heksafleksagon
konia,setovia
mineapolis,starton
marten,vijimi
ndërthemeluesit,kodansha
misteriozin,brsneti
elamitin,censurën
rhea,gestade
matesei,tfalem
faret,yurovsky
euroatom,programatik
baraspeshen,njëthundrakë
dokufesti,thjerrëzat
impresion,frontier
poldark,telegn
dup,shtetnor
shkilet,bollano
prabhupadas,tambovit
tragjedike,zolas
nënrajone,selznickun
mesatarishtë,shërohen
paplanifikuar,mendme
përfshijnëdrejtor,kranidhi
motetet,belashik
arapin,bastienlepage
christos,thonon
jugafrikane,nishadaraja
papercaktuara,zhbllokimin
vaçen,shtetevevendeve
goodness,caupo
efebisë,gartner
hebraicae,qëndrova
smrasken,historikishte
hartogrami,aalborgut
meskatit,prozatori
kumudavalli,css
marlene,sedefqar
alavit,rafshit
musaraj,shendetit
esherefedin,npullaz
bibliotekonomisë,kuartet
meridiale,teg
dubstep,devollin
muruganin,rishkruajtur
ersë,kumbonën
suceava,sllavishtes
argumentit,bateriste
krastës,faksimile
uskanë,tronditin
potom,anarshistë
asauchi,guincourt
pirinejetë,cilsuar
harkadave,assisi
temjanë,taziya
rrith,palazzo
invalidët,haj
natyralizim,bashkëngjitjen
shndërrojmë,mbledhësve
himariotët,neoplazike
sexion,alberti
parmakeve,charrire
kallia,grabitqarit
vasojeviqas,peqinkavajës
matohiti,detyruarit
megjithatefjalajeteka,rikujtohen
beratasve,impression
ivezaj,fehlingut
korushka,shelgun
isapostujt,manjula
sopin,govind
vieure,brontophobia
gjilpërie,lëshonë
plaçkitës,lojeve
brokada,hanselin
parandjehet,qarkoreenciklika
suspendim,dënoni
mahinur,groggy
yanguas,goleshnicë
hartfordi,tuckahoe
japonica,kmorë
qëmtimi,natarajas
telescope,pavolitshme
macrosalishan,knalleland
kolektivistat,pamirit
bride,jokushtetues
burrëninë,lakmonin
artisteje,eksperimentesh
janaki,kapsiane
lybid,asistonin
organometallic,maayavan
univ,bus
stojiljkoviq,bronkiale
podzole,rikuperim
nurin,menze
insitucionale,papuçëza
spartans,bogdanska
elasticitet,gashaj
gjysmënomadë,hddtë
fyllebro,budrigë
aliazhi,argir
bosra,pastruara
heroizmi,ndërmjetësim
adenina,anarchosyndicalist
loffe,mieloproliferative
agreement,ironike
karmelitanëve,përcaktosh
mbështjellje,ripublikuar
manovër,durrësprishtinë
miniserial,indians
bozhur,plebishitare
bottling,shoqerive
nievelohen,grupoheshin
flize,nënstacioni
fezga,askete
muzuroviqi,vonës
severine,kanva
demaskuan,benevento
njoftonin,samar
recituarit,trularjen
vetësugjestioni,pështyma
dubluesja,danonorvegjisht
useppa,jetsn
zënin,njëshin
petrucci,krishterëveqë
dërgesave,audiogram
artkullin,vilhjlmsdttir
hsiao,magnaclaval
drith,luzzaschit
çliroheshin,amarnas
pllakata,përçuara
distracts,qeshet
nobuo,fatkeqësishë
siqelisë,taksonomist
bracamontes,telegrafëve
labirinthit,nallanet
mensë,pavetedijshmes
rauif,gaparcit
residentet,ruprechtkarl
ishshichibukai,aventinos
refrenet,stina
harpers,jedi
michal,yihuang
kreisky,bazit
durand,nyregyhza
iria,çarjen
bastionet,istri
hoçisht,mering
zgjidhim,informoni
muziktare,nxjorri
elozhet,barrat
hcv,fundjavën
rëndesishëm,lëkundte
afërtë,përkujtojeni
haxhxhit,mamurrasit
helios,emigranti
nëqoftese,vallal
zares,strelerit
tscherkessa,csillag
akile,mbikqyrës
markimit,kuotës
tujanit,historianes
agrikultural,muriqillës
fillesën,poznanj
compilerpërpilues,çadër
parictis,përngjit
dhomi,diellë
standartizim,kremenata
farezhveshurve,tkurrë
dragobia,bassano
rhoads,hishi
katina,ixtë
northampton,hetusise
përkeqtë,orocin
touchscreen,ripushtuan
crosscountry,carpentaria
flliqtë,haleb
tetsuo,hezitonte
ngage,soldiers
videorexhistrorët,jaquirana
lojëtari,gjendrat
nikson,zeyir
diskriminues,osage
qadsia,arsyetua
shampanjës,rishabhnatha
kundërvihen,shakes
thundrak,pronghorn
varfr,rusoosmane
kull,plehrimi
rititulluar,shenjtorja
bilanc,taksonimia
pantollona,sistolik
cilli,djeli
bashkuari,barmash
tones,fletet
ariani,charana
deanin,fronzotin
ngren,rodriguez
aleksandros,undineuta
përqeshjen,kundërtapra
sverigenytt,alkoholi
paralizën,karteleve
kadvanthra,hollyëoodsi
gladiatorë,megjithëqë
burkholder,harabatin
alfieri,laksminrsimha
pbdsë,rockrb
guayaquil,dionisiet
katie,biodiversitetin
metanoik,biografet
amoniakun,intensifikim
kanunet,irenën
siçjanësimbolizuar,statuta
rezurvuare,systeme
torturë,qaun
sinkronik,alifatike
splonumin,shtatëzen
billington,virtuozizmit
varshmëri,supergrabitqarë
shkelzenit,modra
komandanit,kristalizoi
surit,link
ziniun,kendej
particioneve,proboshideanët
vague,cadaqus
seiler,prespa
zjarrfikës,altobelli
konvertuan,ndijim
savignyletemple,edmundit
baraspeshim,belgët
nderkombëtare,pantani
anatomi,protestantëve
schalk,zentralrat
burliuk,startojmë
aristrokate,stërmundimeve
jonica,restauroheshin
lrien,navarrete
anatolia,dreke
rebeluesi,fauvilleencaux
shpenadia,tradhtojnë
rockin,poreçit
sirmiumi,nokturn
indauchu,petn
spartanburg,qëndrueshmërisë
elektriciteteve,nusekanës
perparim,ishshteteve
vertebrorë,picës
vjershave,indianit
fakulltetit,nyjesh
dublinit,paradokse
drejtash,osmanishtë
planeta,pagash
etjnjë,legacyrcasbmg
injektimin,aglomeracioneve
syrgjynoset,acheron
parakalojnë,mushqetase
njeherit,stillers
melia,saharanë
teoricent,kreolisht
ubejd,mahabalipurami
atesine,llm
ndërlidheshin,llp
konsola,protagonistin
kavalier,sortuara
nicolo,qelbëzuar
proçesimin,solenoidet
ollman,norud
tgojës,stomatologë
dakinë,kumtojë
procee,qemer
rifatit,bombolash
llogaritshëm,monterey
inazuma,akrotere
vallto,aftësuar
dorneni,villefranchesurmer
omroep,këmbaleci
magjistrimit,lanvin
nofullen,ballici
edemës,rivitalizimi
garancionin,emetojnë
raiford,sapieha
imagjinarit,zezëmuskati
metalin,jord
ështëi,riemërtim
elnabulsi,eriksson
riggsë,konfucianëve
renzo,diletant
nënkontraktorë,silk
llaneza,gotingen
pastërti,pelegrin
qungeli,valanicë
tezave,hipertensionin
rubiq,partizante
poprati,bunkerizimit
vaikasana,pooten
bedrock,përdrejt
poezine,multibartëse
flamingoja,ssvssesss
albanikun,tempullareve
temeperature,valladolid
bajamet,radinskya
sherring,panarabe
interaksione,coding
përlotje,eduin
mansonit,eunseok
rrëfimtare,murinës
simulime,pantallonat
lahti,fiksojnë
kollare,ofiolitike
vrojtonin,zaptonin
sorolla,fshb
fec,hinton
amendamente,valetudinaria
refrain,lavda
mystic,nirvanën
sakrificave,transaminazat
tocopilla,përshtatëshme
kafazit,qëndrimt
fabriken,jogusllavi
salname,preparirimin
gaetano,titrat
kruz,llorar
kademik,lobotomizuar
andersi,bunueli
serxhio,përlidhjen
trysnive,hemachatus
toprak,xhiroj
belaje,binom
imtësia,zhdërvjelltësi
harruan,stavros
chengalpattu,riedukimi
zhduki,montmartre
oficial,poliuretani
ramdas,donat
veikkausliiga,tonha
gjykuarit,hrens
britanikeve,gishtërinjtë
dortmundii,dymbëdhjetëfaqësh
inaktive,androgjenitetit
justifikuese,devolimi
bravës,njëkrenare
epe,politkovskaya
alcott,kavot
vetëorganizuara,piksel
vlejtur,timo
hibbanit,studiojme
mhilli,bojrat
khane,togezeuzi
nfsb,perkthye
kosovësnë,caribou
korier,ndërprersit
ryal,guneshan
sangama,civetët
lekturë,pasivitetin
kopesht,valry
shakujakut,divodasheshvaras
ishlojtar,keqdrejtimin
bjellorusihten,rifillonte
breu,akuzator
metaqëndrore,montagu
yayo,fonogrameve
ubejde,licenses
çallo,kerkund
permisohej,dis
kike,rilind
tokiva,kapedanin
rifuten,tamilët
harcburgitesh,surrogat
shkallaz,vasojeviqit
blente,saintjulienleroux
ekuivalencat,pilesi
mapei,ataliati
kojubi,zemunit
minefield,gardistët
ofertuesit,magnus
sedm,joripërtypës
rudrasin,lychnidos
boe,duku
muzeioni,mediaprint
khaganatit,amiloide
fanell,minator
hekateut,flisni
pergamentit,radiofonisë
peshqive,sekrecione
vuthajve,shenjëtorëve
vbllavaekit,kordon
përkthyesin,qelqin
celur,rrëpirën
cicërimë,drivethrough
delandre,qosqo
illyrii,eshshura
vijëzuar,perkrahesve
vërlacin,pothigai
parlan,memlkë
patronime,ifetes
publikejep,teritorial
langerhansit,centar
minstrit,dyshekët
bubar,atollë
glucksmani,cianidi
kondesim,gatuanin
emërime,pcaja
stefanie,kajtazie
steles,adonidi
rrëfimtari,diktatorin
nuttall,barakaldon
jofunksionale,valankai
kartelist,pirateri
sebagmontefiore,xianbei
përserritje,kunjan
shpartallua,diner
vetëshërohet,pjerret
opioide,doreze
gllabëroj,superlativa
gajtanit,bunkerit
masia,benkei
haruar,ishrestorantit
sakimitsu,pickim
kineastes,gonorresë
shfrtyezuar,morts
chhatral,pupu
esherbejene,mmorpg
kufizuesja,micel
elhatab,bastiat
polakoukrainase,carica
ringritja,gjn
salleo,antizionist
bestynive,nxihet
nanggroë,përfundue
cloppenburger,allajbegu
ardhangur,raportesh
farmacistes,tonazhit
etnomuzikologjisë,falklandit
allh,hiçit
gjakovareve,zbërthet
kapetiane,nënshkruese
armaturë,implicite
gjorga,anagazhohej
vetëdijën,thartirës
kaliti,lycanthropic
reanimimi,minox
ivor,areata
lanse,tophane
flamurëve,strijuar
cikopulla,dunham
raoviç,codlea
divla,nxehtësisht
izhinjera,podjuni
franin,rites
mahndad,jordanez
cojuna,zooteknike
vokalistet,kobrat
euarçontoglire,treloar
leaderism,hrimoncourt
nënkolonelja,piramidalis
karikaturon,natyraliteti
marrëdhenieje,daraa
vilnev,coleridge
qasr,çaxhas
curse,periskopet
instikt,luksemburgezët
crassicaudata,izotermave
petkaj,enklava
zappa,alabakry
hernndezit,foshnjor
menyr,polluzhës
pacënueshmërisë,reumatizmi
balishi,paretit
elektroliza,mesh
mylokastra,diplom
palestrinës,milin
sharpe,calavera
flisnsin,permbaje
lulëzonë,pajoncëve
evertonin,rotorin
noc,rimniku
popoviqit,cepo
tradhtuemja,bergamejt
latifit,gushica
futuhi,jhansi
jëlldërëm,bkmz
evitueshme,pëfitoi
treçerek,zertanica
lunaçarskit,artistes
ndenjurat,kumullanimbusit
bigini,quechan
kapuça,triada
vlvarez,prelaj
erotikomistike,pendue
cikatrice,higjienikoepidemiologjik
formësojnë,kaonëve
gams,avdon
ndërgjegjësimit,bejo
ngjitjeve,schoberit
landtagun,zotash
miljona,orator
luaje,mesinës
mendojme,nënkryetares
krevave,mandia
darovitin,boçi
mahishasuramardini,moktar
semiha,profesershe
anashkalohej,konditave
porosit,descarti
hilës,planktonin
rocafella,tsingoni
sunnet,parakaluan
monitorojnë,freebsd
çenua,kubrick
ekoloideve,agnus
akihabara,qytetishulli
elektrometër,nandivarmanit
angloruse,nabeshimas
kthyem,konaqe
këstin,ildsë
feldspar,natyamandiri
diapozitiva,delany
elmshorn,traverine
malles,angina
mrti,rruar
intonacione,approfondi
montag,yodoi
skifët,amiternum
maddhe,stratigrafike
gestacioni,perzier
guanzhong,laja
fortdefrance,aspirues
llalloshi,chettupattusë
lere,pariudha
arpadit,absoluten
çasshëm,morcourt
transfertës,guzhine
emailim,antishoqëror
vasudev,countryballs
bqe,villafranca
njësisit,vlahinja
hoko,prenzatoi
ushtrues,zvarranike
natyrorrekreativ,imeldan
mbreteresha,gaarës
vlerësueset,tundrat
abstraktuar,lazovi
deshiron,zvarraniq
pegasi,tuberkulave
krh,strolling
illustratio,lorensos
sponsorizoi,moduleve
boxin,vllehësh
dorso,kaseli
përpikërinë,perrëndimore
caligula,tafili
deldot,prehensile
itercjone,botiit
deket,fatherhood
thadruar,brixhit
aurës,villages
rezart,athanase
massachuesttit,seni
alamelumangai,kastriotitskënderbeut
pcsit,teknikumin
emërtohennjihen,sluseholmen
shtrigës,cayennesud
fundjavave,ulug
teatralë,kular
zankovetska,rashkën
ekzitojnë,mirosjes
maite,lengtë
segmentimit,kurfar
floureshente,tradhëtojnë
alhadr,luludntu
rekomandojë,patrajtuar
ushtroj,roses
delusional,okupacionin
shnderon,përforcues
metsmen,kryqezatë
tezeve,meremetuar
etrure,gjilanlagjja
nomin,kidnapime
talas,ristrukturojë
departmenti,mëvetësishme
myslimnane,amforash
sllobodan,këqyri
naoufal,brendëshem
redaktohej,stendal
fekondimit,arrijmë
zini,nomenklaturat
shotki,clisura
padiferencuara,mq
panomicum,kanaçe
veprmit,kriptogramin
sparsa,laurua
reshtat,kunoqarit
antoninaq,curtiss
starbucks,rhopero
payload,shtegtari
apostuli,kimball
milionerët,shiroke
gunmasellë,portofol
hernanes,mikrokozmosi
malvolios,kovenantersave
agricola,blegtorë
grekoshqiptar,zoroastrik
çinari,famshm
dordolecit,pilulën
ramabaja,sitas
mongoza,bashkirisë
morfemat,respektues
freskues,elaboruar
pelos,bastun
semibreveve,lobelina
lorenën,aveninë
gjëndej,dismorfologji
rodoni,vorrimit
sistematizuesi,ahiyabai
okupator,diskriminonte
alshark,lia
përvetësim,kuqbardhë
cii,vorba
prelashi,grejbek
kbps,paarsyeshme
valmikeshvara,rafaela
sneaks,tributarëve
parakapitaliste,baltaxhi
trobadorët,vërej
sajane,vichada
pasojës,shtrezes
shkurajoi,shllakun
shënmërisë,pkb
racionalitetit,placere
benedek,masahiko
okupatori,melaniste
koçanaj,riregjistrua
plakemi,ndryshosh
philibert,vetshërbyes
regionalist,yrei
electronvolts,eregon
ndryshkja,lodr
agjenturiale,hirotonisjet
trakase,chji
bllokadat,kalgara
arunagirinatharit,falesh
raushiq,qrtpcr
çnderon,dembellëku
sllovenëve,këmbëmajtë
nako,tunizia
dajti,shokuese
tjerate,rentë
khalduni,akr
sandor,klinicistit
panabaker,ripërtërihet
portugieser,udro
shumëkulturore,myshk
hillhurst,ecole
magnes,panteizmi
nakada,dozi
kontrat,etalonëve
stërvite,shtrimet
festoja,naples
dythelbore,yoshihiro
barabartëmm,shpllaje
numidianët,nexhbiu
amnesti,auditohen
përqeshës,nabil
doradus,lokalitetinquka
hansel,radivojci
evanston,ego
mjeshtrore,udinese
termoelektrike,principates
metamynodon,ehud
vlorëgjirokastërmallakastër,mushka
koeficientët,minaton
dushkvogël,rekes
victori,ëmbëlsues
kanautore,officier
incoherently,jeltcin
rennessudest,palestra
bakteria,pojatishtë
dibrani,bargain
shalseduanë,shitoren
unazen,kevalgiri
megarën,ejmi
sintase,nësenate
azkaban,edta
jax,nylander
uriturve,çasje
mzuzu,lugjit
idi,kkpb
tëmthi,gumenicë
xhibuti,plantacioni
kios,faux
cinike,qindshit
neurotikë,grigorov
kapul,ante
troncela,munguara
garth,riaktivizuan
respektonim,macaulay
shatin,jozy
efuzivosedimentare,mëvonëshme
çmobilizua,thoji
aidsit,ëmbëltoreve
pinker,teorise
nervozuan,vandalizëm
janjar,mafike
lies,parendimi
rrëzoma,ëilfredi
zain,koperativën
iliaden,giostra
finansiare,shkarravinave
dijkstra,cheb
prejlep,relativizmit
haraçet,unikal
gjerdanë,textbook
prishina,ishgruaja
karikatorin,rika
romanovit,tara
adelco,asklepit
uzurpues,psychedelia
montez,kibuc
drantsi,impulset
burokratizuar,juke
vetëkufizuar,bashkepunon
angioedema,guterres
misionarit,subashët
profilaktike,denojnë
gajtë,mirëdekoruar
titulus,pirgjet
eksploziviteti,leticia
ptainit,havelit
aludojnë,riaperturën
mache,tihamë
guga,kategoriklasa
fejueme,fshierje
vreshtar,ekspozues
flanges,enma
thononlesbainsouest,pasditës
kremtuese,kiropraktikës
mikromësimi,startupeve
adrijanin,gërmë
consciousness,buhali
disguises,rozsomk
kurtajve,kontakton
fasl,fajiset
canço,manere
arianz,instruktoret
bananen,zimeri
rënesances,reprezentacionit
magnatët,zhurnalst
zhouve,gorbaçovi
claim,fituarnë
sarolu,rrëshqitshëm
plotfuqinë,fosilikë
ripunësuar,specilizuar
simfonisë,protected
rrëshqitëset,medionit
vojsavën,pahia
hekurikolbatinikeli,moszgjidhjes
aguas,çunmulaj
magnusi,anakonda
skendërbeu,tselementes
terezes,tazmor
pleis,provuam
jquery,kubas
marabout,kujovska
kontiboi,azilant
saltsjbanan,mcaleese
malmo,skrib
permirsoi,hamort
trashese,romëmidis
popullinë,erveheja
riaktivizon,sponsorizimit
skraparin,shepard
sohrabin,koleta
xhaferrit,çiftelinë
vaskularë,muzeqinë
bëjme,grekoamerikan
felsit,muzeum
tilbhandeshvar,dhylkarnejnit
gjakën,poppullore
tombolës,fencible
zeqja,mutacionit
raportues,yevgeny
tifon,ldeke
milorad,dobia
buthtimit,teachings
rinovceront,influencues
bitollës,autopjesëve
oazi,gjinikas
pegaso,vagneri
bugariq,ankonës
foshnjësvogëlushit,përpunojmë
scene,tetërrokshave
alkooliku,sinahaleze
tajg,centina
neologisms,tmeron
interisti,cristalell
naumit,boshnjakun
nakhichevan,riinterpretuara
bisonësh,nishi
mbullur,bredford
varnas,mirral
stemit,steatopigjike
shprehem,barërash
coimbra,kamnik
universaliteteve,kushtashehuagalliu
cenotaf,divjakes
parajmëlohet,ouch
ralegaon,toksook
kantemir,mokres
tekiun,sixhadet
gallienus,gjeodezisë
sanksioneve,propagandoheshin
saala,sërbic
psenë,regrundsgrepen
abena,andragogjisë
ajzbergeve,evey
peleun,moraceae
dyerëve,antihemorragjike
përballoje,kilogramëshe
dhuro,akçam
asynchronous,perqendrim
akomodoi,mango
mvarur,scarplands
havarijjunët,përzjerja
azov,keqkuptimet
hidrosanitare,trota
ndëramerikane,gravitative
bdy,kompjuterinçelesi
mortale,royaumes
ggsnit,shkal
pjesënë,drenovc
peanac,dales
mirëmbajtës,vesterbro
habet,morrell
mbuluese,aek
zvoglohet,shutkë
dekompresionit,anabolike
partitio,apelim
balgley,viareggio
scientologysë,seudas
agabat,ghuhen
brhmasphuasiddhnta,shqitare
rrezikshmit,vëllavrasjesve
svarupini,cernunnos
shpoti,peethan
nosit,intestinalkalojnë
vogën,dyrë
eta,thygaraja
kinemase,shqypns
nasl,legalizuan
tabakun,indianojugor
ekspertit,psalterium
amfilokët,komponimi
saintpaullejeune,shuto
thurii,sinkronizoheshin
paleografi,dykrerë
rifillimit,këshavë
thuram,spanjolloamerikane
dobësoheshin,schaller
dimorfik,parazitimit
cffp,aranyakas
rrëzikut,maurepas
pvt,apopleksisë
gjarpërinjsh,afinitetin
stratigrafisë,analistë
shpimit,yorkmarazano
gazoze,epicharmos
percepton,myqerem
banjamin,funksionor
bluhet,biseksualët
harkadës,mussolinit
hidroplanet,sainttiennedemontluc
gjineokologjisë,ripërtëritë
pashia,hidroksidin
dyshimesh,kusrse
rimbursohen,riogranizohen
cenralet,plasuar
planverk,zënien
brazilias,huck
gzde,lediani
tompson,kumtuar
finlandezsuedez,transjordani
radikalizimi,beejakësh
mendez,dizenjimiplanifikimi
këlnit,bufer
ezopike,hemodinamik
hkc,multifokale
noland,bidell
franchising,pame
manhattanit,zgjelljen
këtëmund,kriptiminpranuesi
notts,kerkimin
montanës,tenavarami
uçar,mushqetëve
triservice,veliun
pajetëve,bashkortostani
tbirds,danishtja
alvin,barfly
lëvrua,anon
gondainagon,nts
stoicizëm,koqas
hipopotamit,lodheshme
kurorëzimeve,asteoridi
pracht,vështronte
absidash,impresionistët
studimorë,dimorfizmi
idhujtarëve,perhershem
nekusah,lentengjashme
dinozaurë,ndjenjen
metrazhit,parashtrojnë
shëna,tenedos
vitinya,mijtë
taxon,dimorfike
ligjeratëdhe,caterham
figuracion,liturgjinë
falun,qurku
hestinë,bashkëveprimtarë
inxhinjerik,qetnike
mirësjellëse,moruo
topolloviq,entuzjast
parakalonte,arabandi
ekadasha,perjashtimin
gaydon,shteruese
bouman,valla
katërfish,velazquez
flirton,sedaj
shkuarja,rreshikth
gllamoçit,konerencen
vermillion,bagazhesh
mitraliere,rieksportohen
hussainin,komshinjve
subvenciononte,psora
divyadesamë,ashuri
gjysmëhyjnorë,fabrikua
uebsajt,kastanon
calmyrey,molnr
buses,pikpamjeve
jehudëve,gurkështjella
referendumet,avicnna
deriatëherë,kamionit
shelbohen,parpola
frazeologji,hymne
sllupçan,quadraphonic
osheroff,njollosje
rekreativosportiv,pastruesesh
copyright,truallishta
betonit,osmanizuese
kaftanzoglio,merin
ndjesive,cs
handsome,antireceptorë
doggy,imunizohet
prabhakaran,milesh
regjistrauara,basras
tolerua,hysaj
naurua,quasinational
novaj,xheladinbeu
zadrejës,kamfuri
canopus,brendësisë
dadan,konfirmojë
australiania,apeleve
akad,nënshkru
janni,respektit
plaine,shtëpixhaketë
vërtetoi,kapitalin
yevhen,ruterë
mbaroje,milovan
engjëjsh,kelmend
ishministra,seraing
mauzoleumit,antonina
seres,valiut
zhanë,ëndra
konceptimeve,yaeko
toskët,celulës
kppksë,ëndërrat
prinzregent,seducing
ushyese,paraardhsja
ganez,banuan
gjermanoshqiptarit,moritzburg
seineetmarne,shimbo
nderlidhës,kika
stupash,qelia
guimares,matia
pyllzuara,kokëçarje
aylesbury,narkozën
corona,umernskldsvik
republicii,kulixhi
angazhojë,isthmë
gateshead,lillos
melankolie,konceptualiste
mikrobicid,yasak
predhave,pradhan
fairs,helot
kaligrafisë,malakasë
modelaisne,neqinat
rosengrdit,mesopotamase
pervojes,zhelezna
klamidi,krio
ambicjet,parathenia
opusin,radjo
ebatë,ndryshmesi
sinklinale,sondat
alcdf,shkishëron
përvjetore,qndroi
neglizhences,pengesës
kapuçi,këmbësori
parid,kriptografine
spërkatja,prostatin
pallatishpellë,gigliit
aferdites,xhehneme
padrejtësia,ishshërbëtoren
administrativeushtarake,sng
ungjijve,rrafsheve
suedezshqiptarë,kethyene
dhëmbjen,içkerisë
sherpa,kopesë
pupullimit,allerheiligen
kaukazia,kusur
demin,blindi
sharganit,shaqa
duodenit,narrativë
adhurosh,eskrioni
trinidat,linguistë
saitama,beqari
qarat,qindvjeçari
gejve,gjylekarin
jana,padrurezuara
meduzës,konisderohet
kthejne,shkurtconmebol
adaptoi,hunde
kujoviq,teisheba
ankandi,lisivalle
madoff,oxycedrus
hipotekstin,elefteri
kungulli,parandjenjë
bardhëdurrës,trajtesat
fabolous,konstelacion
epirëve,hajrizit
prapanike,pikëzimin
sistemohet,lakrishtes
gravë,hanseaterna
kopletimim,asamez
commanding,hiroglifeve
vilheleme,frames
cilësuara,gjindshmërinë
ovalëve,tomoricës
ambidexterity,padepërtueshme
qirasë,amyntas
orbitalit,makinerie
spaulding,doriannjë
mundëte,campedellit
airoportin,vozitjen
schliemann,pleqet
mbeshtetja,lunisolar
greqist,arqip
pci,gjeniut
miso,dokuphoto
llukai,thucydides
ngritët,kte
palëkundur,dysezonale
csi,etermit
elgazali,avionësh
lëpirë,deçiqi
pozitamadhesia,ekzemplarët
mashti,davut
ecclesiae,shëtitjeve
sass,pëshpërisnin
cilaishte,baltëkashtë
aushvicit,mbrendshëm
sadistë,gramatikani
ofiçina,kvk
teraupetik,postfashistë
playmen,duniya
pararojen,ndërlikonte
asqerçe,rgir
blasfemuese,kozmikoreligjioz
taroti,feba
rindertuar,beqarëve
musikfreunde,joqeveritar
importues,dygjuhësore
graves,rrëke
orkestroi,rozëportokalli
katodik,xhirollogari
mccorduck,ngacmonin
afronuan,tzavella
pirje,haramein
gjenashi,kathryn
pështëmallat,markandeya
decuriorum,karmike
dezertim,legalitetin
mezzogiorno,hasmërie
pyetësorëve,joripeodhuese
alonzo,leukocitet
prendimit,pomace
gjinorepopullatën,komës
bonaparta,sham
chandradeva,rëndesë
bejen,santeustakios
kryeteknik,majdanozit
mediana,tynë
topiaj,placido
apium,portokalle
selektivisht,perfundon
uluru,intriga
shebës,kholhlova
mti,konvencional
ndihmësdrejtorin,subkontinentaleme
amëëmë,marushiçka
benedictional,monun
katekizëm,diateze
gjenerua,pegg
knesetparlamenti,marnix
rrepesh,vulvë
dyspraxia,hadiun
përpiqesh,rezidence
tisha,avinomen
kortesit,improvizimi
cërnica,floktar
mathieu,parehatshëm
gokoro,bahoz
magnentiusit,shkelmuan
beballkan,poetiti
siegman,thng
strugaj,shkund
obiliçit,qimnoni
kryengritjesh,joystick
helotë,përkryerjes
cubi,zylfiut
rigel,dispozitivi
karavan,shankhayana
royster,protourban
konstantesh,terrnavci
beshirajve,vullnetere
koseki,përgatitun
qitjeje,ishtar
barnit,tidei
zikut,marseillesaintmauront
langranzhit,khuree
kundërvajtësit,klisura
kofarrini,enklavë
fejza,pëshuan
amerindiane,pakujdesie
hidrometrik,poçravë
skuteri,belasicës
kryekrerëve,sinfonite
sulmee,popujtë
dragojve,tepelenëgjirokastërdelvinë
trucks,accrete
ditelindje,demokratikborgjez
fordringsgarekreditor,rivlerësime
dika,halimicernica
formësuara,nadace
shpirtvrara,theriiformes
lamije,ikonografistë
knalelland,valli
lundra,paionia
hormoni,dubli
nerudadhe,panchen
melike,adile
providenca,rimbau
mirëfinancuara,anagnostin
dhoknes,abid
turtulesha,barazh
jugnë,udupi
mitropolia,kryekuq
dhenve,astronomie
lëkundshëm,luftua
ngushëllimi,kreneluara
kallikstusi,dyngjyrëshe
trichychennai,jebo
tromboni,boss
ambualnca,targa
rizgjedhur,tranksin
hamzai,mustaqes
galant,mënge
shitesja,frebeli
mullmuzzler,sonetesh
bleku,manheim
argyrkastron,dritave
antihidrogjenit,baup
imaginaerum,fshhhhhh
suplementare,rdgsë
përcaktueshmërinë,kleçkë
jugin,hilum
freddy,emmanuelle
leatherback,galëve
përbesdasdashet,mariout
rreshtas,shkiptarëve
pukevil,kontrastin
çisternë,njëqindkëmbëshi
usbscope,gjithet
akullthyes,strmac
programueshme,ndërqytet
kunderta,kromuara
bodainsky,pengohej
cramp,mbrëmejt
hapiesira,meleq
guroret,silkethora
danzig,gjenetika
llashkadrenoci,sezonalë
hadinburgut,transparere
eksitimit,prens
vehabit,chiaranzana
sinqeriteti,emigrantet
çmuari,dynasty
ndarëset,oksidohen
benzema,janare
dekalogun,sincan
rumi,tourcoingnord
rockstar,pokerit
gkova,zëvëndësimit
vacherin,veterinarise
tarifuar,baldushkut
konvikltet,kutpoi
ishklubit,kundërkushtetues
xhavarrën,sallkoviqit
kaptivë,asciolla
rrenimin,difuzorët
ladonit,spondiliartroza
shkritore,cibun
ulti,denalit
mënyren,loba
këqyrjes,afatshkurta
marrëdhient,funsion
praktikante,mposhtej
imtësi,dickaje
dhëmbëmadh,difuz
hipotalamus,akumulon
archbishopric,natco
karbonioksigjeni,lindori
nadphsë,hidetada
labrien,vreshtëpara
rohit,recepsionit
auer,lica
dhrahmi,biloba
palat,burgosun
dranoc,rreshjet
byku,sllavëvetë
umelumit,haxhiislamipallatin
dedikua,slyer
frojdin,përkushtohesh
dhepërparimin,vaya
karlskrona,krber
celtic,goldenberg
dugagjinit,tranjerit
armatimet,simbiozën
mikullovcit,ndenjurangarkim
theft,prodhuesofiqinafabrikapunëtori
ujkan,cezarin
loara,eksitabilitetit
tempreatura,luftëtarve
nradio,kohëspeshëstemperaturës
atenës,pellembe
zviceriane,lashit
davi,tradheti
kushnin,fjalëvehidrolokatorëveradarëvesensorëve
përgjysmuar,rektorati
intelegjenca,billre
përllogaritura,biond
okbse,fontenblës
aferme,beçiq
bufalëve,kiklopik
frymezimit,itaunjas
anamorava,likuiditetit
çërrava,anastasios
përgjohet,cajun
harriet,prognozave
ethologjike,indentitenin
shmn,umumije
cupressaceae,sipah
pregaditur,gbhn
përgaditur,tanganyika
piaf,xhufkat
tatlsesi,nightline
thurrin,tiji
hutchins,aftësues
ganglioneve,tensionuese
mcbride,ramnagarit
liverpulin,nar
urtësisëvenara,rca
genitus,shqaut
brabanti,lukovjote
jostabiliteti,buzuji
brendshmet,klonike
kallikratis,vezuvit
pakonfirmuara,katërfishuar
vrije,dillim
riadit,knjiga
futbollistve,reaktivi
shahhat,sodtije
theroria,bambunë
hambare,shantazhoi
shumëdimensional,shkëqyer
neretva,nah
quash,gërryenin
vetëmlindur,servera
asthan,legato
kantautorët,liburna
përndiqet,mikanitet
masashige,relaksimin
cimer,vëllavrasjet
avanamë,bealtes
jeanhenri,jelena
kryeqytetm,buleterioni
flamel,luaratë
oli,milk
nikolau,birbili
gazsjellësin,sojës
frymzim,menkaure
shpejtimit,niçes
benediktinët,dugaja
barazuan,ebuddy
nacho,mbyllës
malkaj,njënjta
finalistit,zhelko
hebes,vukovcin
malajës,baijabai
zalazu,nivelimin
stadifikimi,contreras
etazhitet,facebookut
muraturë,lujatur
pësëri,thënien
tiruchirappallit,dermatovenerologjisë
sinjalesh,pcsë
nitron,bizerta
tetra,kumtari
dymbëdhjetëqind,frari
heretikësh,siddharth
isaf,zymber
joekskluzive,monthiers
elektrode,paraprirëse
deficitin,dezinfektim
bardhokësh,xing
tejalpine,benini
transliteruar,unionista
qengj,hemorragji
kontrabassist,dosarit
jopsikopatët,pyetnin
arkitektësh,plasi
lexoje,hilmi
manierën,leusës
mughith,berneze
hakikatit,nervash
magreb,perraivos
asteroide,jobert
theodhorisota,bërryli
gaspra,karvanë
dytre,aveturierë
topullin,makines
lëjnë,kolubarës
seku,tirmidhiun
sharatpara,energjipra
ordovitdevonit,lokalizojmë
bashkëfinancuar,jester
atmosfer,paia
perandoreshes,pakujdesshme
iastounding,shtetshteti
kompatibiliteti,bashkëautorësi
derti,luxor
qip,stabilizimasocimit
loukotka,miqëshdëgjues
kolegiumit,fotografisti
picash,emblemash
charon,shembullor
portokall,pris
pressiat,rinjnje
arkaizmat,hitchcockut
hyrum,romantikëfolës
mbira,eten
multimodë,hdame
varietetin,bagdati
havel,xhem
aramaishtja,nikoliqi
informonin,thenesia
paleologët,hgf
urechean,megjithe
uletafkidiminstituti,skarvelis
sells,croixfonsomme
girard,paramore
ndodnjëherë,referims
arabistë,siros
sakrifikoj,familjaritetit
nurjahani,hamendësimi
kërpimehut,durrëstiranë
boukary,ortodosk
stigmës,dern
tirtharaja,tekave
funksionalizmi,epsilon
hajzenberg,brendesuar
vesa,gambella
fierza,hasset
dfbpokal,dalldisur
absidale,babanace
ekadasi,dispozicjon
sferisterio,profaci
harduerit,alkoolet
turraj,viharas
dyfishohen,nisesha
akresh,videove
izminin,schuman
behxhet,shkëlqeshme
kolexhin,bacolica
manualit,cesano
shelgjeve,adoptojne
lasal,germania
eccellenza,orientonte
mendouan,brodit
lihno,heterodontiformes
eliminohej,leskovec
dhjetornë,kreshpan
kovadongës,reflektohej
perej,tugjec
prapaskenave,ishluftëtarë
timarlinj,synetit
zazi,intens
bagliettos,pausini
radeves,curien
hendriksin,helgo
kruizer,rishabh
llojllojshmërinë,poshtëra
antropocentrike,lëvizënin
rahovicës,konstituante
jipet,rimash
veterakki,mdashi
veshëzat,methodically
temina,shtini
tipollogji,puyolit
karafil,farkëtari
tejkënaqshme,polyphonic
komploti,vive
eskimeze,mossi
bojaj,literaturn
saundari,rregullative
telekomunikimit,kritikoletrar
zavija,trenton
shojo,pikëlidhje
qeremide,ninravur
privati,krita
chevennes,zasellë
hbushatit,pacja
shtrigën,mirësitë
prosperity,zvicrane
telit,bluegrass
mariem,guatemalën
panislame,ansari
kaqanikut,intimë
mantika,miacis
postuniversitar,mesatarizon
treats,llobregrat
gjhëtar,asthma
transkanadeze,joekonomik
constantine,përndjekjeve
lartëson,cldraru
detajizuar,ribashkimi
fildishti,rochemaure
messier,pancasilës
vebprezantimin,ringarkueshme
veithausen,kiyomi
jozefina,yllor
omurano,kancelarit
amantis,evropianizimit
chamber,ganapathit
balerinësh,karrihës
kognitivizmi,igraleshnik
sfungjerbob,harmonikës
pështymën,lilith
paneleve,dizanterisë
siderale,drakon
ocheni,lanyon
vetëdishëm,proqeseve
magjistri,idmanyurdu
tymra,pçrbëhej
varana,rings
asgië,zymtësi
korutrk,rimarrjen
sdersen,grueja
hatashme,erimkastron
pass,nekropoli
folklorikë,momoshiki
xhalutin,ronconi
faturat,pansllav
betohen,rënëve
sipërshënuar,zbarkuese
shenojm,glidden
ushtarakun,tatëpjetat
goldeneye,divanin
villingen,anarkik
lapsave,mutahut
emilias,feminizmi
cajrat,elaboratit
grantet,disrespectful
astronaute,caunes
komutimi,qortojë
oshiloskopave,filipe
gauseva,mdiis
vishayapatis,genetave
angvpandina,shkollarë
hynju,atlantis
adalbertus,lizozome
ndëgjue,fliteshin
plagioklazën,aikidi
novobërdaliu,carlina
mylapores,agonie
përdredhëse,ticianellos
alternatve,thuringisë
buzit,grepsit
hitini,mcbain
viralë,mard
bhumi,vëllazërimin
burrërisë,gjilanigjilan
miya,shanaa
moissac,amfiteatrove
zhupanisë,dhakal
jmtland,izakaya
anglican,lëra
sarriut,billion
golëshënuesi,rezononte
kysmete,flamande
shkatëruar,gonerilen
thurstone,ssrnj
rodjon,gazës
jutas,cocopah
yavuz,celentano
obrovë,comique
pistonve,kallaba
ketrin,grrumbua
pragmatizmit,kantoje
krrabe,parajse
vizapor,kërcuri
vlefshem,poshtëdoors
bobosht,disfatat
adicion,perin
cyclopes,tomsonit
shqetëso,peroksid
zyko,schedios
menaxhoni,prestigjiozet
pezën,lejlek
dioneo,maçok
shepparton,furmeyer
programs,pianistit
parësinë,semundjeve
centa,pershkrova
megjihëse,gojarisht
korim,dashuroj
paraballore,xhuntot
usenet,ordre
heronjëve,fokut
maribor,ballshi
kruseman,neimen
presbyter,pinturicchioja
fisheve,porositësve
surezin,rasch
annealing,petroleum
maca,magazinat
barjaba,dorëza
shoktë,kraguje
lailën,kanëpasur
ndesheshe,goditit
spartiatë,chandrashekhara
shtazuara,dizajnë
manziat,asparagaceae
charbargh,holos
dramatiska,leutelt
bastias,kaestner
bekonit,pisët
ndrrimin,asteroidesh
lisbeth,filmusiqa
neoplotonike,botuest
konsthall,lje
stanojlovi,huddersfield
kurueshëm,vinsent
inxhinereve,shkake
interpetuar,klonuara
çelësitefektive,saloniq
fosil,bazoi
bashkëekzekutivë,gushtin
nemzeti,loshi
lavanit,kyesisht
mosmarrveshjen,scrolling
lipës,thashethëna
zajed,shtrydh
ravalphadi,vimmerby
juntë,travecy
kette,itachin
diplomoj,ferraras
korishës,vonnegut
kyi,rizaj
shtefani,hadramaut
tellalli,boneri
virgjëresha,roki
ayurvedic,sicn
devini,argjent
spiced,nënprefektura
prodhoj,toyotës
njër,yours
argentinos,smac
sauzedulac,delegimi
zahaçi,albanos
hallkut,timothy
bertolacci,deputetësh
gjësë,sororale
baterishë,shumellojshëm
escamillo,tërbufit
pambarimit,beira
monnes,vetëgjyqësi
uellsin,vlimit
dieterich,gurrëzëpara
azzurre,iclu
zejnoske,parahidhte
bavarianëve,ramanandas
ledinë,qëndonin
njehsimin,fshehtësie
pesuar,takiminkurth
përmbën,kadetrale
roche,nxehtpastaj
deremëhallës,toskës
subliminal,verbërimi
magjiplote,dhtimin
viib,midorit
braktet,rregulluse
aspet,motiuese
paraguajin,silicoreve
gjarpërri,blinder
pitosa,veziren
multiprocessing,shëndërrohej
ferretave,arsllanpashalinjve
elastikë,hamzarajt
barnevillecarteret,konluzionet
lartëzvogëlohet,huelvas
regana,talat
meksikaneamerikane,parapau
anubisit,rare
çekinë,dcf
polmos,rothbard
yukarkara,multinacionale
mamurras,stigmatizimin
azhurnuar,sakrifikua
hasmëri,mexhliset
metonimia,paverifikuar
punetoresh,cfront
latifa,artemisit
shpuqk,mitralizit
kimikati,ichthyes
plagosë,asgjesimin
fatkeqë,agis
kompresimi,kembanore
debating,sythit
ajanaq,tibetase
vrindavan,biopolimere
ndriçime,psiki
promovime,përgjues
mërgon,begjitkrua
gentjan,sukas
imola,brihadeesëarar
psikoakustika,sajohet
konfrontimeve,auguri
sandhamn,alergjeneve
tangra,kyçyk
ventilator,jilani
salihreis,shifrore
vishat,përparësive
nirendhara,eurovizioni
radaelli,narteks
ishkomunistët,stefaniokon
spellat,asvinas
funditedipi,akasiti
canosinaj,durhamin
meinberghorn,operieren
studençangurrëishte,pshnuk
naji,donatien
emituar,bujtinave
vrojtonte,poems
kopaçe,lexueseshkruese
lunën,provimi
çuditshmetoed,pousarguesit
hatme,ppnb
marashin,recreativo
praktikoj,cohej
zbukuroi,përparmet
shpërthye,jonizuara
libertaço,dhëmbjes
evakuuar,përputhj
peshtymeshpejton,virtualdj
kimë,zvjerdhja
avantazhuar,spanit
standardization,parade
realitetet,motivimesh
ankesë,schopenhaueri
novikova,kodërzë
falënderojnë,taivan
viktimizuar,padëgjuar
vërsulur,maksimalizuar
bahut,baketën
telemjekësisë,hemocyanin
varrësisht,oreksinës
maksir,fou
kënvështrimet,dhëndrrit
msim,keratinit
sekskualisht,jikji
hachinosu,cper
dushqe,kanosjeje
babionisë,finzikontinëve
brutaliteti,steps
fajdexhi,crocus
pakompletuara,sandburg
financojnë,dcrypthon
gjaqe,xiixi
turkmene,pabesueshëm
elektroe,medresetë
peronës,punike
radamenta,dispepsisë
dasme,afëër
manihiki,rashidin
abstenojnë,qivuri
arruda,odra
infrastrukturëtregti,mirëdalluara
hudheja,recesion
eritrocite,paradoksi
tiro,maks
arrijn,thë
murëm,bozovcës
autonomise,ngahershëm
sahel,holmnit
kancelarja,tashmëria
influencuard,siciliarabëve
hapesirën,prndërit
kriminologjinë,lëmimit
shofere,abrazion
bosanski,statvolt
perëndeshes,kapov
zvoglohen,procredit
nachtlied,ignou
befasohen,jegerkommando
johani,orkestruara
rexhadrini,grafist
clopine,sophias
hansjakob,fei
gecko,snookeri
hipni,kateshi
ampermetri,yasuki
përë,evroaziatike
dimitrio,rrafshohet
meiosis,shëmrikukës
abrahamin,patët
internetsynon,alherafyeen
katalogizimi,kryeure
kabllovike,gjyzepe
koshutnjak,verbërve
artikullimi,krebs
flijimittë,redonit
ivta,përgatitës
irseni,ndryshuarit
montcornet,mays
colombesnordouest,palabardha
ehlulhadith,kranjc
fletën,imagjinate
eperformance,brute
ssid,drahma
gjërash,obitës
zemerakedashuria,pergjakje
berluskoni,groundskeeper
belediyespor,nuclear
athosit,noci
rrjeshtave,savoyit
balerine,antiqua
parafiletë,prandellit
modernëve,ritmica
divergjuar,yki
stevanoviç,tradisionale
laminuar,nevrikosesh
ridlli,plural
pashava,zarbincë
knstlerhaus,danjuma
tindareut,northumbrisë
kelis,ivalide
shokeisha,aresye
carvin,benguerel
sainttiennedefontbellon,hoxharës
ostrobothnias,elysees
zebrës,verbs
ninanajna,reisen
rindanub,zulhiza
ludis,parallelism
tanishecit,përzinë
ferreria,albiti
tabakanë,ekologët
rrezeshfatamorganë,kokërmadh
presence,riorganizuan
vsterbottenskuriren,bergaust
ngjau,bendinkur
vertebër,brinjor
saintgeorgesdeloyapock,djaloshë
këputura,ohhh
stoliste,fukuokakitakyushu
fotogrammetrisë,osakën
bllacë,oxhakllëkut
mustekim,importimit
guillem,kefaloniaglavinica
nlukettu,amonra
ieeeb,ligurias
booster,delio
mamlukëve,oranzherajon
alpes,bashkëmoshatëve
rezuloi,italianizmit
neith,comptoncarlifonia
muhafiz,helenalin
atikëve,rijani
raundet,jastëkëve
neveritur,dedushajve
hytbe,qelloi
pantagruelit,doktoreshës
hapëta,përfaqsoj
dobtëve,ndyshim
krutaj,ftoht
arken,brett
ngjyresh,helmerit
tiganisje,shprestarisë
dergjini,materializmit
udhrimin,lubovska
aortë,kosistent
rrjetash,josanitar
bulenë,esposito
gojdhanat,probritanik
veterinerit,qëndrueshmërisht
respiratore,mandrill
denarius,licensës
cilinder,vetëshpall
mahdin,gambino
mashiqi,intervistuan
neutron,lepogllavës
pleomorfia,sheperdbarron
kaconis,insights
hakera,mallkimeve
poncelet,tatsuo
yivoencyclopediaorg,laudatorium
grmez,minë
feliz,lukashenko
zafir,susanna
anode,bluzash
patnës,osip
dalluam,arverniane
hapëtash,ulem
ticianos,përmblodhi
minoan,dzianëve
bartshme,pogdani
dhembe,dezoksikolatit
karakteresh,teknologjise
regjizorët,shkretëi
antiokisë,jerome
huzaifah,lansimit
arkivorë,nomentum
polisportiva,mprehtësinë
anastezionit,varjojnë
staius,bihori
përngjanë,karaxhiqit
frontonin,femtoamper
rockne,megure
shënuese,breitenbach
triumfuar,levizjen
katërshen,ballokumes
flluskë,pastrohet
çilet,coarctation
skrupulozitetit,nenrenditje
tezez,aktivitetngjarje
stabilizimasiociimit,thenjeve
amerikanfiladelfian,huran
bujkut,cysts
utsava,bastet
poultney,alcani
ndjejsive,mopasani
gjendejen,benkeit
papilet,ratkoc
lerthit,tesbihut
vorpsi,oborrtarë
kushinagari,duhasë
merexhep,palmisanon
victorias,asimi
dokumentimi,aeroportiti
figuroi,miçel
leninint,aboriginal
marsupialëve,açehenit
ritreguara,djegjesh
lulëzuan,kidnapuesin
tafani,fence
kumbimi,llogaritët
hece,protogjermane
kallarati,hesse
fusheveprimin,ladorisht
lamçe,hajdinin
hodca,recital
chorus,shuë
poliglotedëshira,antiromak
joelektrike,brahos
elegiac,kryetrajneri
cypress,kabirchaura
pasa,bungut
nënshtetësia,byros
sonorë,gopigivinda
levalloisperret,pashembullta
tanaro,duçeske
donetsk,ingen
kequdhëzuar,eskimezët
marsupialët,praktikant
helenalini,hokenhajm
tepshi,përfillur
çaktivizohet,ccbysa
azhurnimi,shkret
renegatëve,përshëndetja
piruni,bashkëngjit
cyclone,habilitirovanny
renoja,veteranit
roana,pellaz
ringjallën,dalli
lugëza,shqiptaroosmane
prostatës,panajis
famëlartë,vizitoret
ndalojmë,delfinariume
vishja,afife
çarllit,siguracione
neudeck,kremoze
kunavaini,childe
caktova,mauzoleja
nue,drurezuara
shipërise,beim
mikroperspektivave,sufriya
engineers,laboranti
audës,osim
ishsekretaren,carpenter
veterinerin,kryeadministratorit
bajgores,mudi
aramaikisht,balasuri
univerzitet,prokaryote
storkbenhavn,manifoldi
nazikundërshtarët,ngjaja
shishave,stonës
krijmtarisë,deoksiriboza
spekullimeve,pandalshmërisht
plateun,sinoatrial
eksplorim,preparat
doktoratura,ins
përvijoi,familjëve
crocetta,merilendit
popullua,radianti
veçantërisht,karrexhata
dislokuar,patriotikë
onjegini,rosbergut
novelistja,subakut
mashtrohet,mansio
dhelpër,alghifari
ashkalinjëve,mëllëzë
piemontes,vlla
gëziqit,qenëmedium
vulaj,abonent
plutarch,saintmametlasalvetat
musannefin,gurezeze
mëndimet,veriface
romancës,vaterpollit
holon,ndërgjegjshme
simbolmbarë,ngushtësia
perfaqesuara,rektorëve
suburbane,bërën
analiste,hottinger
kekkon,nrrebro
boultauxbois,juyong
pertinit,karpatoukrainës
pushkinskaya,bilbolaget
debatikasve,haddorf
aleese,sharlatanëve
terrorizonte,ndjesën
aaab,karpagambal
ashpërsitë,serbien
bashkëjeton,reklamonte
audencia,kambanave
punojini,mëkatarë
gjëndrave,rracë
ekotone,bernese
chrisman,ketron
murudjanjira,beranën
revers,tuzlës
stefanovi,iliris
jumbo,kompletojnë
gryp,gerdecit
vjeçarefutet,delneri
bother,stefa
hysh,dmun
shumëkëndëshit,magisterioshkolla
casp,projeksioni
manjatëve,zhurme
korporotës,riprezantoj
bislimin,mesazhkarakteret
orgazëm,përleshen
konkurstit,kokaçela
markoviqi,trajkovskit
pandashem,mirëmbajten
qiej,unlikely
androgynous,albanianmusic
hektare,jb
barcata,cardbo
industrializmit,ngjise
shkelmimit,kakavijorgucatgjirokastrëscepo
ramjit,kanban
filnger,sikri
qeshme,gjuajte
hapsir,antitrup
luane,presupozoj
avansimi,ndihmoje
fokusojnë,ripërsëriten
inçizimin,absorbojnë
malakastër,llers
cfare,httpsbooks
ricaktoi,djallëzi
derdhura,memorje
gjers,lucien
producer,shambhu
symësy,jamesettën
malaprabha,tenistik
thyeshme,korakaki
petnica,bakteremi
llapushniku,frekuentoheshin
fotorezistori,televisa
tavera,rralluar
amruthapura,kesi
azerishte,shumaker
numizmatës,telegrafesh
hellas,mbresën
kanini,nesaiun
aksesueshmërinë,bashkëatdhetarët
cekja,gjysëmshkretëtira
rorion,ralacioni
shiringa,spektakulare
vërban,shfrytëzoj
rigurgituar,përmbushën
investitorëve,kinemaje
rapotuar,karbenicilinën
illyri,maturinë
vrastova,liaodi
lr,lur
assistët,paktol
legio,lehtesohet
cbrn,mustaku
rimodelimin,quejne
directe,indies
iki,pedagoka
canon,spal
expressit,pandurëve
birësuar,onoff
isida,dallimsie
zungër,gjyshave
boney,zvogëlues
innocently,transavia
megjithatëlansky,umo
vanniarëve,mamografi
vejave,përpata
zbehej,vazhim
hipoaktivizimin,pazh
ejaleti,pëdoret
instroduksione,gjarprin
evlalit,zhveshja
ligjshmëria,niagarës
burkon,ndriconin
thengjilli,tartarve
brumbujt,timuri
ghiggia,emërimeve
patolerueshme,pinocchio
cnc,çojmë
toruan,marmelatë
kristos,morsit
frenkë,ivojinovi
aseksorë,klon
emic,dopamine
salica,shivalingat
ejrih,strmbeni
elik,hogosht
historikes,clearlcd
lolarka,kandinskin
mesharit,tregimtare
gramozi,seraph
evreux,grikaltërt
menhetenit,ekperimente
vgfrbttringar,penaltite
ngushtohen,turet
triterpenike,anatoliy
merkurit,luibrand
pritëte,gjuajtë
ovnija,sundimtarësh
romanusit,kopshtët
shqiptarosovjetik,masaccios
jetësorë,mandapën
diatomite,donuar
boroc,orkestruan
pavlefshe,përndjekuri
ganglion,chia
fermenton,tetëfishtë
purus,spekulativ
nënshtron,sedativ
enterprise,shndërruara
cuka,dextrum
qashtër,alhetan
zubt,imani
zbresim,staatsoper
suprimua,refruar
besnyetloizy,epidermes
shenjtër,zgjatja
tabuk,neutrofileve
vërshëllimave,levishka
plisit,teknokratik
zoput,eforët
urolog,postperandorake
territr,msaja
konteporane,hinomaru
thyerjessë,dragdrift
skifterat,cfardolloj
achaemenidët,edukologjike
adoptojnë,pudrosini
kenan,vëndlindjën
micjonë,ekspeditash
linearitetin,mikrometeoritet
dëshirues,ndërgjegjësimi
tomnoeda,aabriinvest
përshëndetësei,garmischpartenkirchen
telekomandë,xhennete
acidbazë,saintealvre
kryepeshkopatën,disponimin
pareasgje,dashamirësisht
shtypjës,kapura
laboon,berdices
numerit,hoffmannvonfallerslebenschule
vellazeria,solokëndimit
hesperideve,cilësime
tarakeshvara,ignacia
profesionisti,ecejake
mother,monosakarideve
inspektimet,brahmanik
cathy,mahavirës
padashje,tregari
mccain,alavanosin
kryqëzues,hup
sebag,hermesin
pozite,fuksionin
scheindel,rrëfejnë
hillsborough,analizonim
vizitoreve,fetsival
laureati,dualcarrier
shatijet,vënësi
regjionale,kançovit
demodokos,batanijesh
shfsk,edibe
preferumja,coahuila
mgjth,euskirchen
alse,rusjit
xhuljeta,borjanët
vokalizon,pushkat
veit,gjevori
dozash,asferike
kodraliu,blertes
sanayi,bogot
khadga,kroatoboshnjak
bologna,mishigenit
duarshtrëngimet,bokserit
projektil,gjelat
forxhe,falk
koleksionimi,kripor
shfarosen,rochefortsud
shumerlin,thellëbregdetare
çunave,campionato
dheapo,lushtaku
terminologjine,pellazgishtja
aishes,dorotocephala
gregorit,florjana
atikisht,elrond
parameci,transsiberian
perplasje,vresht
brokaduar,ieu
fafos,ishklerikë
gomti,palen
inklunuar,transilvaniane
makthi,fulvius
chabutaro,rrembye
shintos,asocial
tenori,zgjedhësve
hermanos,goat
oka,bogboh
nëntoke,maëlcarhaix
toptanin,mveshje
pitagorës,synohej
eifelit,shqoiptare
drejtësija,gjirët
diverikulumet,vjëcar
parapërgatitin,atomist
kentikian,marrëveshjesh
gallaro,antiglur
ishfituesit,mognet
redaksive,smalti
runave,blairbell
gandhit,mobilitetin
byzylyku,silvas
aradhe,languages
tazmanisë,gera
ramanagarit,varmani
antlers,voskopoje
ecilin,kontrrollojnë
shkurtafk,omnium
yahiko,sargon
pinking,reese
magjistarit,gmv
ushtrine,senzhërmen
cech,elmesxhid
volisnin,xiitë
chiang,lyons
ghagra,bëmave
glucidet,nirmalika
tradhinë,sellë
çarës,bylykbash
turpit,zagato
galina,impakti
eperm,bullgarimali
deshifruan,drturtulli
jolëvizës,rrëzonin
komi,vetëidentifikohen
dentar,jemmott
ylmaz,prisja
neifile,përgjithësimin
jugrrjedhin,maulvët
shkallaresh,rrefuzuan
resnik,auxilia
federica,antipatrit
karikimi,motta
plasaritjes,fërgëllojnë
haveit,bjrnstjerne
zinat,brieni
largnysurautomne,bnaks
fezilet,sishin
hiqur,sevgili
mirëqënie,tmknë
fushëgropave,berthamës
cedarssinai,gryken
kryeshefave,zulte
gjynahqarët,johannesbourg
përshendetur,rrenohej
mirlind,havardsë
thinjet,matë
murrani,ermitazh
hipokrizi,puplajë
mekatet,meribane
shpërfytyrime,kolexhi
messageexternalbody,transmetonim
ekzarkati,nynorsk
jvor,grashecit
egjypt,pizanos
minimizon,shuani
standardizimeve,duccio
sentenca,jourgjent
racionalitetin,peipsi
betohemi,ndëkombëtar
njollosura,pseudoplutarkut
skidegate,konsumonte
kalonim,boshta
nënshkruheshin,sadaijin
apalashe,doktoresh
yorkët,mësymës
veeraraghavan,demaçin
serezin,temperimit
kompetent,prelachaise
baskinrobbins,komponentësh
masakrohet,bajina
pështyn,thuesh
amphitheatre,srisailesadayaptram
pendor,gulunse
gjerm,sekularë
bashkëngjiteshin,fiziokratike
mëhillit,nuristani
tsufurinjin,tepes
avegno,sabbath
shprëndarja,letras
tezga,perzgjedhjen
pikësynim,rrotullua
marseille,erbakan
adigal,bombejit
toksinat,gjallëruar
përfaqësonë,squarciones
jonimës,shumt
mikrobiolog,sashan
usein,specifikash
stërmundimet,tahogjeneratori
klnç,stampën
sous,tavolinave
basilan,fetahaj
xhelozia,belick
pulëbardha,marinarë
paramenduara,hangaozu
sengamalakannani,kingsley
sharrojnë,çezariane
trishta,klaulozë
orkestrin,debridementet
ejuja,middlebury
dvarapalave,transportonte
hatika,franken
paimagjinueshëm,lobës
medve,kurtina
ceci,sanmi
nilakanta,taxhikistanit
tavolines,isistius
monologësh,hamendesuara
kaihuang,letoninë
bimesia,mec
shvercerave,bakker
konsumuese,hartografi
takojn,popullzim
carvalho,kta
bashkëbisedojnë,mjaftoheshin
kundërshtive,coolege
gracke,imperiumit
bashkëndan,ngadalshmit
pendohen,mëhallave
kalamata,tremishti
mandibulat,katunishte
ingvaeonic,pathiri
vetëpërmirësimin,tolaj
serdabi,zhitorogjë
padyshimt,rapollës
imediate,pastroi
pascal,isaimi
llozha,pagëzuan
moszhvillimit,capiture
filarmoninë,nhk
bagration,zhytni
malleolus,operante
kyprion,trieshjane
kaçkj,pompeje
kuislingë,kundërpërgjigjën
sipërrmarjet,pazyrtarizuar
konkretizuan,granitoideve
mehrabë,piros
sufjan,precizitetin
pterosaurët,pazëvndsueshëm
martinac,kejnsit
jamoto,tapp
zgjedhuri,transkodimi
pashe,borova
ishushtarak,injoruara
sdk,fixha
alingss,abdulah
fminisme,raketash
skalione,gekko
dhvanit,ishpresidentja
molien,italien
guanina,alkoolizmit
parmendë,christchurch
idhujsh,grashtices
makabe,shërbesës
confession,talljeve
nikomakase,eitani
pashtrikmaja,përballjen
godesberg,toten
bujtëte,skanjeti
përfytyrimet,ethnikos
fjetoret,gurtom
celikut,çirakut
vnt,dazbog
sudarsanan,aftësimet
really,hynjive
ngazëllonte,titiste
latro,pitia
dengiz,gualeguay
fejsal,minusin
neurokirurgji,barakallar
kassanë,ngulmues
dudayev,cërni
deedat,chateri
pushofshin,parapërparimtare
snajperis,mue
leningradi,cetrimetra
paskemi,riezlern
thëniet,supermini
rathaje,rrëzanjpara
maturidinjtë,indoevropianishtes
provedenom,termostat
terni,oakleyhill
interieur,bylisi
sundsvalli,mihly
marianthi,cinque
mihajllo,archeologique
instrukcionesh,kalcat
interpretosh,muken
kalas,njerzi
egerpelqen,sukave
blood,hëngrëm
aksesit,konsison
bellatriks,gjimnaziarku
imamulharemejni,këmbëkryq
ejshanit,pirusteve
pikëmbështetje,bregalnica
fjaline,been
kryesine,olmun
rrezarta,musabit
foneseca,mithrobarzanes
tëfilm,melunsud
inputoutput,ridizajnuara
piacenza,rampë
ternana,sannyasa
mëvonëshëm,madonnina
naceva,branisllav
hatipolu,ambutrix
përsekutime,stranieri
dassaut,zardafit
quebecut,katragjini
selecuid,tonkin
elvir,sinav
firmëtarëve,pauzonte
particules,tirqet
maiolikës,etnologjia
robespierin,greqishjta
ezachum,imagjinuara
dvdve,goumani
turbie,tashi
anetaresia,shenronit
disertacionesh,sodovinës
bondit,ripoln
emigrit,icog
zejtarë,agripës
malare,aisha
manbixh,mrit
kazzëve,veçojë
mitropolit,plakura
borghi,sulla
skultura,sekundar
strofull,territorjal
ribemont,montpelier
pepaj,gjysmëprofesional
parashikuesit,mariku
baraspeshës,politikëbërjen
ravidasi,observueshme
katallogut,height
gjysmëvëllait,anni
ngul,ndryhet
radanparalagje,rashaj
ciftelise,kalachurit
solidare,platea
mbledhuri,niggas
docherty,rezervistë
daunit,kartagjenve
banojë,mercinetvaux
rastisë,kyden
deshjen,rrasë
chteauvillevieille,gaudit
edukativo,taverni
physique,paralympics
transkriptimin,koreopantomimik
uglarit,verria
libërlidhja,klisheve
egaitos,mikroskopikë
motorëvë,dyshekllëku
prototaoiste,crusca
papiste,podest
thesareve,raxhastanit
grumbulluen,atletet
kyotos,jingling
trembeshin,vakti
karaormanit,vetëdijësoheni
moterey,guresh
bashkëngjisin,californias
bazojnë,matricat
yoshio,minimalisht
kopjoni,akuakulturën
dolit,vavi
shenjon,gëlqerës
mullirin,hornby
bqesë,perrenjasit
roçester,filloni
syrealiste,dexter
animacionin,kaçakët
njeriushkruante,freytagloringhoven
skulpture,argensola
qorra,trajkovski
kishëzën,natyralistit
pagëzohen,shtanja
keopsit,partington
mjes,dhjakut
profesorati,agushit
herave,sneijder
udhetimit,aludime
influentët,rindertime
acido,advocate
xavi,krakovit
tegun,jaein
çorovodë,hollësitë
piktorlk,ligjësi
lugëz,zasellën
rivas,dyshoi
simulimet,porozitet
nazistësh,ndërlikimeve
mesdheu,lirikat
britanin,bogovinës
absceset,eesti
arenliu,heshtat
katërve,zgjoll
livagje,baraspeshuar
borac,perqeve
jebsundama,kasapolli
absidvalv,litanive
gioco,bjurholmit
graphic,ozoni
chteauxve,almeno
peleponez,cikatë
pshegishka,pançev
tima,sancti
henric,ejl
polonizatimi,përcjellësve
topise,subrahmanya
uzurmisht,triskeles
defenders,thumbon
estdio,lunanuova
klimash,bergendahl
urgancolu,parakristiane
condal,zdrukthëtarisë
shqiptaromaqedon,hyjnite
pirotit,bolshevikët
benfican,epigjenetike
prishtinëbeograd,rambujes
tronditjen,milman
miniatorë,përnjëheri
kurien,pacifistën
shqiptarmirreshin,esem
munges,konicanini
kihet,cladova
villersbocage,anderlechtit
kombiar,beale
eltr,christianit
vitalë,intoksikimi
pagen,xhekob
rrjeshtua,jokonservative
tob,sirtari
routimet,trefishte
voni,përjetësinë
heterodike,chakhava
supersticioni,neofelis
sherbimit,argetimi
gacilly,ndermarrjeve
babilonia,aurorës
lehancea,reksioneve
orodokse,glaukën
fuejli,cisternë
emertimetdomethene,vegjëlia
pasagjer,masakeren
karnevalet,museretin
fuente,ncsm
mbikëqyrja,comparata
krininal,penicilinës
katarëve,pajtuam
janiculum,meriten
kryesi,fushgropa
tabel,elektrifikimi
aparantakas,plotsuese
katalanishten,kadinë
promitheu,flijonin
kontrovers,pathshala
ibukun,dembelë
velipojes,politeknikumi
magdeburgstendal,zëdhenes
gjysmësferike,builders
mellifera,ludovico
daorsët,ferrskuraj
rrenuar,etiopikosomaleze
gusinjve,bunjaku
hydaburg,marcius
shigetaka,kofein
banullaket,zahiraj
pastorit,parthët
pormë,erde
konfuzionin,vakratunda
zalmoksit,matematician
malcorë,danillos
cambium,hardinge
verstegui,pecnikaj
familjebok,uddhav
cuneus,epifanike
observime,lokaj
kusarinë,penklubi
haloresklerofilegjethegjerë,sarkozomeve
trikatëshe,estadi
pankinën,kavatinën
orestët,këshilloni
moavasit,serverë
piemontit,ëmrat
vora,mihsan
vladivostokun,pribovc
coussey,blaqit
hiranyaksha,transistorëve
kamerunasin,dëmshpërblim
qebrelasë,shumka
shfrytëzohej,eqremi
jeanric,danielen
aparetid,tëargjendarëve
marcelli,komplotistët
paraashokase,varfërisëetj
preacher,msuar
fansash,quitea
murakamit,stupovi
reflektoj,zëna
divyadesamëve,argjenda
mbarohet,thëllëzat
bentham,mikroekonomike
lymphedema,cakranit
kucjan,filantropi
murrrmë,pinea
hubertina,zmbrapsnin
fliess,marshon
hinteralndi,bitef
reformuan,jasharaj
adittapariyaya,alfeu
doliq,gusli
shqiptares,brigande
istihsan,shishmaref
mbitur,aimes
mansions,instrukcionit
agata,perales
botush,neuauflage
ortostatik,çermenika
industrialë,çhatri
animals,krkonte
reçjani,hakamori
serreçi,begm
mulled,rafsanjani
plazëm,sulfisoxazole
paradën,ruseti
fidisë,atipik
stërvitën,qarkulloj
zemëruara,olhanense
llagapi,patriotikodemokratik
vëllezer,bylysin
dyfishuan,rogulskyj
antroponim,cilesisë
drejtshkrimin,inversion
ulnin,vetëformuar
kopil,polariteti
arsiennnieva,avivit
organizuesit,seleksionuese
përqendrueshëm,lidja
preja,osfradie
shiat,kadareane
randësi,mirëfilltazi
theatre,talvio
shemsi,mbikqyrësi
elisenda,mësuesesh
grive,chalukyane
yuria,blgeti
bomgardner,bjeshkeve
sherebelës,rrafshta
platancione,kumtuan
hispanica,burokracinë
joushtarake,tepe
piti,pranoja
hollandën,luciferi
bentez,nmit
kërksave,alternim
lavdërimet,aristoni
sulasadata,jasgtëzakonshëm
ekzistence,fatkeqesia
lerta,npd
benedettini,mjekoheshin
kishtën,prozomës
sofilis,belush
lobuar,fifth
boninsegnën,telefilm
ferrarez,isufin
analisti,fotooperklikim
thirupathiripuliyurit,souffle
aleksudhi,veliaj
trajtimeve,keqtrajtimeve
prejardhur,mikë
legushe,costume
raptors,resterit
onuzi,instalohet
booker,sansa
qetësimin,refrigeration
gynk,fillimviti
transmetohën,leorio
atelierit,drogojë
politikehistorike,pakësonin
direktivën,rivleresimit
sulfur,dcentralise
permolsë,diamonddust
munnin,tapper
anion,njohurish
ligjdhënësi,armaturën
gruponte,berreltang
përparimtar,vlanët
pasurojë,kinesin
bujtjeve,panikë
ashkalinjë,përzënë
umarovsë,njëgjuhësh
neurone,diedo
armiqët,viade
gonorre,substantcat
zemuni,angelicos
monitoruesve,detheksonte
rajasimhas,krklareli
çervenkovin,piksimi
pagezuesit,doreshkrim
zbavitese,hizir
filmoheshin,dikotiledoneve
aboriginalë,jaguarit
dribloi,eleminohet
sisi,hixhazin
shënrrok,akullnajë
fishkëllimë,melanie
dionisit,leukociteve
biomin,militatet
muni,dupage
situaten,tollensit
stadet,nënia
bengkalis,perastit
shkua,ciasë
shijëshëm,imambarash
kieri,lokeren
jonizuesi,mbrjtur
zuckerbergmoskovitz,praetores
politikojuridike,morn
radenko,arvantis
vigjëlimit,nënteksti
galeazzo,dimitrijeviç
markatin,shifen
asnihere,sarës
fejojmë,kristoprotestantë
apneas,stradija
hanku,arketip
bolivariano,pohoni
metaxas,rrezitje
gjithashkah,niek
yijing,repose
kairseki,sundariks
kurter,jalime
shtetësisë,pia
mikelangjelo,hastinapurës
qartësohet,flakjes
përvëlonte,siellinë
perciellsit,dabur
compendium,manaferra
paralatente,subiru
erdhet,tubohet
steblevasve,chaturmas
spilesë,instruktorin
shpëtimtarët,silleni
tëfutej,havai
kureishi,stresori
kronistët,bahçevan
lettres,psychological
vërdallos,volejbollisti
thomi,architects
bigorskit,antroponomisë
kundershtim,përllogaritje
injorohet,bashkirë
tagjia,kuilin
sizmologji,zanateve
boriçej,bhagavatpada
ctenophora,stilistët
barinjët,kontinentrin
gjermanoperëndimore,mësuesistudenti
maritnik,përmbarimore
fetie,tsingtao
klimena,ballokume
vulnerabël,mirëqenje
mesatarishte,boshjake
zëvendëskomisarin,kundërvështrim
ilieti,villefrancheduprigord
demonëndihmësa,nikoli
situtata,transportojmë
tantan,sulotë
kokdhimën,zhupanëve
hudsto,specialegjatë
servetus,bilinmektedir
yermaksibir,vetëironi
eliminoi,baruch
llala,ajvali
gocheva,ravikirti
belov,petera
mackintosh,baca
kosovoë,xhokonda
climatact,qershizë
idealiate,çminimi
yacine,çinarët
marihuanën,herrero
deshje,metanol
hanifeh,dhjetëvjeçarësh
vjershatregime,subnivean
tokavepastaj,lashtesine
jaffa,përmendimvishenso
mesxhidul,shlyerjes
krimenë,opojes
dythundrak,katrina
bamberg,deritanishëm
qliruar,ipace
davus,databazes
deliciously,garces
alpago,anthrakobunid
alpochori,pothajse
mbizotronin,hanover
modernizmat,shpnetkës
androidin,timberlake
hdd,horizentalisht
orchis,harezë
judaizantëve,vokalistë
kulles,ollgës
bozheku,ajori
hausner,cambraiest
brundle,sitë
kapriçoja,seiya
ndërrmarrja,australise
nageshvara,rees
barabbaja,meshinë
agjencioni,jombrojtës
vegjetacionit,riten
biocenoza,reqate
konos,manualesh
trakktatit,stimulit
shperberjen,rickon
velupillai,caqe
lyotard,bitbiti
cranmore,tenor
dubrovnikas,ajgenvektorin
janëgrimca,squeezing
pavërtetës,dizajneri
stolin,cinematographe
psikiatëri,ështëzhvendosur
btseleum,metropolian
jankoviçit,kaltrit
porosiste,haliqe
zubejra,conservation
kompozicionin,fajësimit
numërat,shartuem
valentia,manifestonte
pdureni,albertonit
pavaruara,qarkkomandant
alkaios,kapori
nolambat,juridiksionet
lashtesis,reparacioneve
crocodilia,decipher
goga,çeliqesh
sprova,karmani
armëpushimin,mitathali
amiga,gjashtëdhjeta
patogjenëve,olmstead
shpërndarësi,schemarjah
konceptualizuar,giottoja
geul,quajten
qëme,rimartohej
plumpton,rathe
sfumova,dijn
mariupol,lgjenda
monstruoz,joreale
nominuara,sef
përhapëse,kalërimi
malfoin,pygmeus
standartizimiso,trakinë
jarmukut,kermabon
shtrijmë,shufër
sherbyesi,masserialuciano
gasevic,balestra
separatist,pojanit
uthulle,klimt
destanov,arrzare
tilo,fokidëve
këputa,dhjetevjeç
scorpionku,plotësuen
gumëzhinte,sundarban
mëmorizuara,venecianes
tualetit,koda
allison,tsiang
lenne,lobsang
intermission,muay
errta,amirëve
zerofishore,socialdemokratë
chuttuambalam,arabesiriane
gjolekës,chon
horës,shkurtëpamës
patronazhit,joçifutët
përlindja,fom
poshtëron,ergenç
tolstoin,prgjithsi
hartohej,meda
stacy,muzikologjia
vivien,historikoshoqërore
kttori,antiken
duvall,befasohemi
pamvarësie,moko
kështilltarit,uratore
conservatoire,pergazep
roberur,arqidioqezës
semestrin,magnetëve
maksimovi,vinçi
xhokondës,ndërmjetëson
centaurët,saraylar
helvetikëve,thesarët
panikojnë,kadenciale
permesi,arsimuarit
promovojmë,sisodia
arkitrarin,sinklinalit
arkeologjihistorikulturëhimara,rikshou
brahmakundi,sendërtuar
varjojne,saintrambertenbugey
gjenat,berlinin
përdhoste,eliadhe
balldreni,micheal
xinjiang,vahe
handelit,ishmbretërisë
bekohet,stylizations
ambari,urdheres
eksprotimit,tercera
çerifikatesinformatat,karabinierëve
tabllo,aldh
retrospektivë,thjeshtrit
shiroyasha,cedric
kësajnë,henbollistëve
ziçishti,kairavani
keputur,champagney
licensë,orogjenezës
seeger,anuloj
ruajuni,magnetosferën
kartoline,ikonografik
bunkerizimi,jehuda
genitalet,daijdaijin
ligatinave,kapadokian
mitrale,maldive
parukierë,çortuar
ribnicë,intuitën
ferdinandit,rrallësi
bulqizësdegë,estrogjeni
solidarity,plasaritjet
këmbënyjorët,mjellmës
dhunosja,supervisionin
narrativës,epidermës
bognysurmeuse,decani
ajutthaya,kriu
schulthessrechberg,mogi
kissa,tryeza
parfumeri,sherbetorin
vetëquhet,manifolde
plagosura,indogjerman
pirës,demence
instruction,charnozsurain
tx,rublave
studentetduke,nrem
boksierëve,exposure
dezintegrim,detajiste
arkanzas,khalifën
saintgenis,stephens
thenkalai,përrethushtria
inauguruar,kortizonike
mjegulle,flashbacks
storsjyran,shkollime
gomure,flack
anglofrancez,shebull
janjarin,sadrinë
fascismo,ateher
cady,parëlindjes
mohenjodaros,pagëzonte
strukturalizmin,bps
ekstremizmit,edukatën
aulnaysousboissud,pakot
mikroprocesorit,suk
davian,kleku
standartin,tomografi
deklaruesit,kushtetese
rezervuari,bashkëfajësinë
ticianit,metalurgjinë
referin,fluktuacionet
pauli,domosdoshmeria
injektuese,labiat
hercenin,mumtazit
oznës,ceno
sandokan,polena
sujlemanbellinj,nonferrous
currivalbonë,astronauti
rreshire,intosait
rehab,blondie
oragnizata,annotation
perendimitnen,pensionmemisha
managed,geest
racer,mgl
zelakrenar,diplomohen
sorrën,shigjetën
spirat,togu
homesh,bhagavadgitan
malmaison,glucide
modernizojë,tharjen
multipleksor,zhvilluaa
gomali,zachary
përngjet,quiet
gjirua,demofontit
mahendravarman,propiska
limfonodeve,dokunights
maqedonishtes,eskalimit
minikomplekse,pafrytshëm
veterinerët,ahlgren
antifeja,compsor
ptolemejtë,shkëlqyere
alarmim,agogës
sagem,va
kafshon,hasky
reumatologjisë,gallapi
mesopotamike,mëndej
artikel,faktura
banak,tanët
sakral,rrogat
vendburime,çelta
spathiu,shelingu
karabullakët,ultimative
angelon,sandbox
kozmeniuk,begatinë
amouzegar,podgoricën
shumëkulturësh,gjuajtëse
ameboidale,gjithëkohshëm
liburnetik,pransore
gjithashti,peyalvari
xhibrilin,nazar
masakrave,hikmah
hammers,ivanovit
solemnisht,queries
arsey,tiru
atilio,palkuqi
zoldyck,amfiteatri
gonadotropin,devotshmëri
këmbënyjëtuarit,chambers
pseudoshkencë,turizem
hilli,nevojeshme
pabuzorëzuara,vetvetiupa
rrjeshtue,pjesëmarres
gozhdëve,elharith
endotermike,gardneri
levozhgë,nivelizim
veshësin,strukturuese
koljaka,militare
nënmbreti,namaari
etolike,krajzllimi
kallashnikov,guila
thiel,demollari
bohnenberger,gopur
empirizmin,nipa
kevtherajete,bashkpronësitë
salomon,xhingisit
venusianët,lexuari
brutogdppër,hovi
vendev,notim
fokidë,romalis
besuam,kafendryshk
yathothka,narcizike
perdorurë,dadanin
vura,brumosur
larnas,koznikzatriqshkoze
bijapurit,zhdërvjellimeve
përjashtuese,gnitif
konvertojë,mysafirin
kleanthis,fantashkence
qendëre,qindkrerëshi
thithëset,keys
nënësit,nget
billboardit,darrellin
militantis,tabrizit
misoprostolin,recetës
parandjeu,topogërmadhë
masivitetin,ekzaltime
pjëse,grikafe
blink,coteni
norilskit,epidemiologjisë
detajizimi,idilik
pozitivistet,gallagherpersonazhin
ez,teleported
defneja,miner
rmn,sel
abortohen,zengo
janieva,rangjeve
zjarrduruese,mestokën
defekojnë,ugetsu
gull,funksionues
ajgengjendje,fraiberg
arrestuarve,musteriane
sircar,rreflektohet
bajonete,asleep
ahad,vukaj
bunsen,socializuar
knaq,boemundi
shumëshekullore,millie
malraux,budigurrabardhi
gjeneroheshin,musliun
anatt,fatkeqësishtnumri
kangjellave,joel
registercpu,glaukus
muderrisi,cansu
dublimin,commensals
tonkm,caxaro
dogon,tangjentës
jeans,taxhit
ortodoksinë,osvaldin
nodules,hannigan
shejtit,ungra
fundoren,henrichemont
zhvendoste,firerit
ishaktore,nëe
anarch,virago
arresua,kaminog
bihejvjorist,telefonata
tdn,closets
minigolfit,pjetërsburgut
olzon,phenothiazines
vetëvrasja,nhatër
athëta,sellit
shqipër,soliloquies
cuchumatanas,kryeredaktorë
ganiun,fajdëxhi
liqeneqë,buzhalë
platinitrhodiumit,xarra
fanatic,vrava
sozi,teritorrit
frëdingut,dioptri
revizionistë,oraovo
skrupull,leku
fshatrava,akuzës
dhentë,koculit
punëdhënsit,lebanesne
luku,magnetodielektrikët
erdf,armend
basaribene,plenumin
dernire,bashkëprocesoreve
startuese,gjalpa
organizuarë,kasatrës
bosnian,bodybuilding
tarlac,përshkueshëm
dinar,deformimet
sajpërmasën,varfanjak
andrade,padrejtesie
frei,volumetri
eutektoide,derjtohej
protoperëndimoregjermanike,stimulim
domethënse,rhazes
inovativë,mangusata
abaev,apoteozën
meze,families
yojana,shurdhuan
artocarpus,shtensionuan
falshëm,pessinos
sasiorekuantative,garamond
cekëtina,tëduhet
homoral,luftëanije
detale,saraçit
bathe,alignement
errëson,faqës
sofistike,ndëkomëtare
nderveprimin,tetëfisht
lejleku,bashkatdhetarë
suplement,ramizen
berzeshte,spillerforeningen
konfiskime,darna
lutheranizmit,shefkijes
shkruente,ishndihmës
raxhputët,vadicë
unio,lacaune
qeverisësve,negativitetit
vezhguesi,pakësa
polikarpit,nrtë
jurisprudence,mretit
kaculidhi,mikrokontroller
trazim,mbetjes
vinesh,përskuqje
deshta,hamina
belhaven,kedar
kometrikën,xë
isin,prioritetin
kandelë,luterin
tolmeut,paka
fytë,meteorizmin
ezofagut,libinë
sinia,rukuë
fatosit,azhairi
rinocerontësh,crispr
kozjak,calderon
abroxhio,shopeni
sotira,obradovi
reles,shqipto
pixelave,marlin
zvicrrane,parasyssh
gottflieb,kostë
asamblese,etjapo
aml,mumjen
ifigjenisë,braç
vetërëndësisë,dajtin
themelonte,terhoq
pershtypje,hyrrem
ribotimi,këshillini
raffaellos,korrespodencës
joparimore,baçardhas
kryengjëlli,lvaros
parqitje,atletikës
eponime,mëqershor
michelangeli,shpëtuara
kahmotshme,zhurmues
kolovicë,grykëderdhja
shpyllëzimit,largesite
brienin,nucleons
northumberland,prevalent
aritmetika,detashment
ilirodardan,rrogozhinës
deug,rrudhosëse
kolonialiste,taktikant
nimaiya,schurzes
lepidus,fejesash
aiden,beranës
klauzenburg,njdasadë
maktab,pompon
acb,titular
aramaiane,kostandinin
madrilen,dëbohet
sez,trimestrale
petrogjenezë,njoftohej
murty,patronizuar
millosheviq,kienica
përjetësisë,luteale
anitën,lustroi
nihon,perzefonës
pjesëmarrjesh,promovar
bris,tunikë
enzimit,krenohemi
përshtatshmëria,oldenburgvëngër
oktapodi,hedley
ventiluara,kurajon
nna,pregatitjen
varshmëria,sakara
gaillarde,lagranzhit
njanë,rexhua
rodonasit,persekutim
transjordaneze,kriteresh
kasetave,nermal
baldosave,grushtave
shakya,rangimi
meatpacking,autobuzat
shiju,septe
loomis,migronin
dhëgilli,nazista
zhakar,kosiston
saksonisëanhalt,arbeitsbuch
httpquery,çarçaf
nareshi,kmert
bruç,trapi
cergypontoise,kafenjta
cortex,jacopo
ajdareviq,perhapjes
icn,shtetëzua
salsu,improvizimin
sistemtet,choleric
hidroksilik,albetii
provuara,literacy
kallabllakë,vizonuar
ryzhdijen,frankfurti
panoramët,berem
krahasoni,akorduan
mofos,rage
pseudonimit,përsheshin
grekoshqip,kequshqyerja
background,dhabit
tajfunit,prevezasit
animator,portals
përplotë,afronte
khteheni,nostalgjinë
taget,njohtimi
vështirëson,visarin
derived,beneficionet
nuhatur,hendrixin
animae,montazhin
vjerrshën,reichu
hollesishme,manasir
shkaktoheshin,evliya
tolstojët,egrets
impostim,rezistuese
gjelozi,douka
celsin,ans
inë,teletext
latinoepiroticum,josephi
ushqyerjes,beletristikë
shutrreja,liturgjisë
geeraerts,memorik
barehumor,crookeshittorf
animacioneve,banale
mushkëriun,neandertali
nënkomisionin,pashpresë
errata,malaviya
kefeu,perberë
databazës,vendosini
qiriaku,profilteatern
velare,konservohet
abria,bylinët
bango,sm
qejfli,arapëve
riprodukim,cebu
cancale,rossiforel
aktvendimin,sforcim
shqiptarohungareze,artistico
rigby,cixi
precedentët,spine
brashovës,harunur
ergi,ilkretim
transgjenike,krezmua
roundkey,përparëset
asocacione,grm
fokusuara,quanit
srg,inspirua
anticipatory,cristal
mxm,michelangelon
sreekovil,suloja
chsh,zervos
përthithi,fqinjësi
tripleti,taip
dëftesat,çnderonin
sistematizimin,psikopatia
drtitën,raikkonen
mains,transseksual
korrash,gurishtës
qiftelisë,shpëtoni
moisun,novelash
bitat,nënqiellit
fosfaiti,vetëtime
mprehtësia,çertaldezi
përkujdesit,zengos
eksploruara,heithët
kakaon,tod
hud,kurum
shreyansnatha,ngadhënjen
flavio,kthynë
intepretuesi,crc
prmbledhje,kremonës
ija,piedestale
umtsit,mccormick
babaii,elish
schenefeld,jashteligjshem
prishej,rinorlooking
xhenazet,gjujtja
baxhanaku,rrotulluesi
cigani,përshkruajn
arcooh,nivkhun
murshidabad,azande
limfa,patjetersueshme
vilia,dalrymple
fushëarrëz,regjstrimin
isfahani,norrisit
adjectival,poosu
groenlandës,nio
deduktojë,riformuar
olla,mikroskopi
kërstevski,anha
njëi,etiologjike
kordonit,poçe
dalngadal,scheveningen
neolitikë,perjetuan
pasardhesve,larmishmet
ralet,titaneshat
malms,kontinetit
zambaur,farkatari
çalluka,avarë
mbijetesat,puthitur
varferve,uebfaqe
sovjani,përqendrojnë
mirëregullimin,sainttiennedesaintgeoirs
krishteri,naxhije
kleyde,rishkrimet
baumann,pakontrollueshme
parakualifikim,ricciardos
metsubushi,komarevo
rezervoi,lëmoshë
vetëin,kardhiqithormovëtepelenës
oy,christfried
hamzah,përçojë
bilancin,sthammar
bartolomeu,shenjtërua
mëndja,regen
miomirin,gjuhësoreukrainase
tarikati,alastor
konstruktim,prasias
shinpachi,espanyolit
kaperceu,contempornia
bordotella,shkaruari
seryu,daugavpils
vetëvetdijshëm,pervecse
medaljet,gostiteshin
radii,mbingarkimi
freedman,funksionare
fazlit,gauthier
onmitsukid,sakrificat
silivau,ribarevina
shlyhen,provokacion
alejhissalatu,errrrekijjat
luajalizëm,ukasha
rrëmbehej,klasikja
eksportojnë,motoçiklistë
antiislame,stabilimenti
adleriane,remington
kabkb,violinistet
kërkojeni,pullës
nematodet,ortekëve
sokolski,barabart
empord,kitabi
parodontale,kulturorearsimore
fitogjeografikisht,programacionit
neogotik,pishtakëve
kryerësit,guerrero
sioniste,ëorcester
pontsaintmard,kolinës
membranor,cortona
fiamma,constrictor
ndihmuari,siriusxm
shfletojnë,frankopan
essengjermani,ath
sitesvara,shinai
vicianum,formulimim
përkthejë,servetit
nothing,javëne
pollock,color
platëform,ambia
paqebashkimvellazerim,corobiusin
gjobe,varkash
zirma,jupneti
venbanim,kapitsa
tund,besnikun
vëjë,msn
zabtuese,përseritën
legalizon,moreën
matuja,lypësi
silesinë,koreografizuar
maudud,annunziata
minella,cctv
picelit,sigurminin
selasforos,oscilime
kroce,iliroarbëror
iktiologjinë,katërdimensionale
kryeengjëlli,shinhan
transcendental,shankar
lilium,nominoj
krizalida,universala
hours,vester
mundshmërive,seferovi
grands,ishaleatet
gravitocionali,egnos
siperfaqa,finck
ahipsec,iç
papërfiliur,kartagos
udinezes,sharma
kllezen,hypocondrium
mashtruse,tian
leiria,evdhoksi
ahishtat,crvena
abedini,ralizimin
portico,padrejtesive
lhuis,associazione
krushqisë,lashtësinë
karposhit,bonapartistët
tahirajve,skithët
aktorësh,letërisa
alfio,hixhreti
ruvari,ritmikën
preokupim,collision
siliva,nëntëqindvjetësh
dialectique,takoj
ponte,ettalakë
vrt,papaj
pomus,totalitarizëm
varshavian,shembulltyrën
johnsoni,femërmashkull
bashkosh,artistesh
gerumt,kyçyr
martonte,tavani
amfiteatro,edukues
meja,mongolet
bojën,ilegalë
ngrente,feria
auray,smarriti
përdhunimin,kqinj
romina,gjimazin
oifja,çmontohen
biebrich,përafronte
boshatisen,nishat
natësor,repentance
orientohej,violoncellos
dhesenekadeshmojn,gjeomikrobiologjik
karikatorë,ualidi
latifipupovci,qinzong
marsejë,aeroproti
luhatjet,braktisen
leningrad,urdhera
sartre,sipe
atollin,ntlap
rezidencave,lizi
umbra,xhamani
bëheët,semafor
padmapani,reichstadt
remisianësshek,parachalukyane
galliera,gulbadar
sarel,puplave
atëdheu,ndëruniversitar
rikonfirmojnë,vian
ruhot,hant
zbrazëtin,jostabil
simpleks,vetembrojtes
pushtetarë,kuinën
rrëkës,zamfara
ushtaret,mirkuptim
staudt,varenne
plintës,gojeqe
pillitu,legiones
pbbnë,frutangrënës
evodin,hippie
forth,inicijativën
lombardët,barrelit
karbonen,bhavani
intelekti,pëshpëritet
gs,argumentuarit
oksigjenuar,oparaket
neuroinfeksioneve,kundërthënës
bësimin,ubej
prite,salyut
hankonatëve,heze
meyrueis,sainthilaire
eksteriori,deme
parakaloi,kalova
selçuk,veqmas
copetimin,ones
mëbla,sëmuresh
ngjashmë,qëllohet
shoichi,çifliqeve
trashegonte,dioskurëve
mckenna,signeddata
allajbegisë,koprac
neudeckut,basani
kushnenit,banfi
kataomoi,tsouli
peristil,antiokut
aponia,ëmbelsirë
fiket,tetja
roxie,oratorinë
arsimtarët,yani
poziciconin,scientists
dekokratzimin,paradokseve
vizatojë,kozetën
demtoje,leyendas
zhdukëm,vehabitet
snake,eg
psnë,migroj
mjaftohet,glaukoma
nerazzurri,florinjsh
fitnetja,organizuam
paraqitjee,dëfrejnë
kordilleren,kenney
sazexhinjë,kosovëm
phalangeridae,melin
reperacionet,tensionesh
rrezikoj,dadu
lorente,bagnoli
kurrgj,holmgren
grekërve,anv
qujtura,laringun
praqitet,rrija
bye,bertini
tribunës,hookahs
besabesën,tabard
fisnikëtvasalë,ductus
miret,kodonin
lubavia,lappa
zajeqar,raguzën
theil,hojezat
majëa,koksa
sprites,nizami
mayananda,shianë
rashiq,farue
detyrohët,kimistëve
kremlinbictre,gjelberimet
arumanisht,hasanini
bedouin,harder
ibraniqi,fenilalaninë
fetnete,nakhlah
yathajithi,kokëdhimbje
palios,isador
skurrajt,mësimëve
gabuan,cochineal
verur,vetërregullimi
schreber,hasura
timuride,koçin
llogariteshin,riscle
narbones,prostaciklina
saponinet,mladjenovic
alexandros,sterlinash
chemistry,terroristë
bcherel,gaias
hone,zgjebja
distribuimin,gozhduar
hasnin,anestezion
naharro,pemëeshartuar
kompenzohet,tanakh
metur,skenarizëm
australopithecus,alkinout
clarkson,mbuluonin
skuqje,digjitalë
cartella,alston
orientimeve,lafline
korteu,valëzim
ngapak,caloris
latinumit,kripëformues
omak,leeloo
diversifikimin,tubave
perballua,numerur
inxhenierësh,sjellte
joetike,vincit
elysium,nicole
humnerat,elaboratin
mbrame,goldman
ngrirja,reizi
ripërtërin,czastava
fëminisë,rasoi
zemërgjerësinë,suzereniteti
anteroposteror,mjedisinduke
sopjani,knkk
alsalmiya,flijojë
mirëve,pasjoni
induktojë,heatley
neorilindjes,jashtëqelizor
cucë,përfillen
tyrete,jigma
secilen,diskurziv
peshava,rarinsson
justifikonte,nëndë
xianyunët,alariku
shqipërisëvritët,httpsexit
hornets,neolitikut
geros,ngurtësojë
dubovit,diktofonin
perzune,edmontosaurusi
specifiteti,hipokarnivorëve
biazi,copulation
lipopolisakaridet,vetvrasje
çlodhës,sevastokrator
irradiance,bdm
canit,circus
egërsua,bejtexhinjva
pacifikimin,dandorra
keqpërdorin,reiten
hanzaliya,arinda
sociolekt,gjunjëzoi
verizon,vincin
lavjerrësin,erdoanin
stilisten,deabolis
kolbotn,xhingiz
shbnënë,urdhres
flija,zogoviqve
kalapuyan,filantropinumit
varroseshin,gnomonit
golesh,frutes
meridian,lillestrm
kd,brteti
mumir,frenki
cirqet,kengtarëgrupe
hvar,shkaktaret
nigerianë,debatime
sajojnë,gjinushi
pllakholle,kombiare
përkufzimi,teperte
nacionalizua,dhermicëpara
dermani,baderlakut
zgjedhohen,mamutheve
vim,afarizmit
poland,hidroenergji
kmshsë,stakes
poetikoantologjike,serija
sudarshana,papësh
kanid,shgipërisë
bokseri,tifozit
biçoku,kundërrymor
braziliani,solemniteti
zorica,arsimojnë
baftiu,gun
gdpja,cotillard
lyerjes,instinktivisht
akcidentale,trupëra
hallashtisej,effeto
ndytësi,paryushana
andartët,neubacher
çepanin,baziliaku
qelejon,gulielm
modulues,gjysëmfabrikate
neidjie,automakeri
vogle,papafingos
pronor,faradaysë
vollga,velegllavë
ftoftë,radhet
rankun,zinxhirmodel
papafingoja,ekaterina
kujdesjen,latlon
mentorin,auchel
marcoux,speci
karpenit,lolotan
orkestracionit,parente
përditshmes,klstina
idrisin,konsulltohet
bëzi,pistoletave
revolucionizojnë,pasmase
hrsz,tifogrupet
zbatueshem,amshim
vaginal,libero
dende,bikarbonati
konkubinën,teave
neturale,oekja
baha,kranjaj
toiles,observer
kapleau,gyoncorde
hradec,nantiat
kampf,çrrënjos
gerechtskeitbrunnen,mëndafshite
bebet,ngjyros
gradinës,etikuar
neurologjikekognitive,aratiset
izmini,vjecc
sugjeronin,ndresa
kyqet,hasianit
trajtoja,sqaroje
oyonnaxnord,shëpiake
sociokulturorë,nagarin
harlisëse,këndoje
shkishëruan,didet
ortekut,rahu
fuming,vetëmohim
zëvendësministrit,tarascon
qafete,mahantë
komarit,fluidit
zrezart,kaside
mexhlisin,mersina
përkthenin,autonomik
sitoka,rrëmbehet
implementues,kaczyska
rosenrns,scribner
magellanicum,elctrica
tortezais,aleancash
herezitë,indekset
surrogate,piran
yy,ritheksojë
shenjohet,borromoni
tessa,mollave
zbulimesh,modernes
hipnoza,grati
shkurtesave,lushnja
shkeputen,rdhustorget
evoluim,inteli
mpiksur,armiqësohet
ahtissarit,razia
dicti,paundi
etnokoreografi,querelle
ramkoti,glauku
pakredifikuar,akrofobisë
djneperkaskade,provencale
formojn,alsas
rishpikur,facundo
bellanoci,kalabrisë
minimizojnë,radhitjeve
treshi,bykak
vllahia,voluminoze
yxxx,gjëmojnë
panaireve,bilardon
dythundrakëshme,filoksera
fascio,axhendës
byamspa,mbarësohen
zmaltet,sifilisit
zgavruar,lymi
shayk,gallap
milicët,perparese
amte,blend
hazebroucknord,qënies
buharin,ligjesine
ldenscheid,belegu
rrugicën,instituteve
paladiumi,therr
splashing,progresion
bankotën,udhehiqen
shpërdorimit,hannapes
sekslidhur,aykroyd
prokurorëve,fushatash
glamoçak,paraprinë
huteve,serite
bakërnikelzink,bournemouth
trashesi,chinantequilla
prrojet,bërësit
endërrës,coaxing
thayaar,berlinale
sensei,harrue
imagjinativ,shikimeve
thierry,funksionitmbingarkimi
jehonës,gevorg
anëcaku,avancohen
imanentiste,fjalore
derland,yamaha
helmatisnin,franceschini
xl,nurv
alluka,burejmi
reliefe,dyfishohet
flijimesh,momçë
baziliskut,theokritos
chandi,rochefoucauldit
legjionar,dashurar
geishave,curtiz
bemërllahu,kujtonte
prishjën,orrje
nabatea,institutos
violana,menunë
alem,krygja
ageve,dispononë
vjerën,anglezoirlandez
attilio,mahari
orollogai,zakharenko
nantologjinë,paren
stkm,profit
rinocerotidae,consularia
itelektuale,dinamizem
hermetikisht,eugenia
hestisë,niper
hej,mesisë
laodicesë,pergatiten
harcale,shqiponjave
thyerjesdiametri,mënyrrë
zhguallit,alcaide
nitroglicerina,shyri
sinjalizimizjarri,vendndhodhja
homies,agesilaut
kortni,princeshe
indentiteti,dezhgiu
ndërprocesin,jehuar
objektivë,neveritshme
meganudheheqesja,ngulit
bazojë,stavropullos
shitblerja,epinaysurseine
murmuritur,tokëss
skuadres,ammanin
clima,kmtse
fonologjisë,safi
aani,prunk
cënoheshin,bukësh
gurgurnicës,shpejtësise
sloankettering,livrimin
betsoft,boisse
alokimit,lajnë
diddley,mullixhiut
demenca,motoyasu
akrobate,ngarkuesi
feudalizëm,makbethi
shfytëzohen,zmbrapsjes
autostradale,gjilpërash
nazane,orkestrina
ephedrinën,dënohej
ceshtjet,simovi
ahoy,legija
rrethmit,oberin
shumcën,danisht
honorifik,truporeve
artat,vinayapitaka
lejl,zbarkimin
shtatzania,shkatrronte
akumulojmë,paça
mnyr,nerodimka
polotikoshqërore,beliica
aksionarë,sinagogave
kelsi,lenkoran
dalmacijaturist,ragnark
babushi,porkur
rcciuni,reidankur
stenmark,haganit
vegjës,khrobates
minardi,pëdorte
kokëdhima,mundurit
refleksionet,procesione
securitarian,bolivarit
komposti,lorenzin
llivanati,femijetmbesat
hisar,tragoida
fakuleti,vokalizimin
muafak,destinimit
liosia,ljudmilla
fondo,influencuensi
ekumenës,lavderuar
mikrovalor,diplomuarve
bibidi,babilonas
rakise,eterike
hajrush,zekai
nisibisit,urvas
letërnjoftim,trupëzonte
klasëshe,hienën
gërguri,ambicies
stok,augusto
sëfundi,substanc
zhguall,baraca
mikore,dekurajua
ligjtë,tarn
lacës,petrarkën
kuomintangut,alpi
domethene,melodifestivalen
çerekrrethi,pyetemi
manganit,vërmica
fundon,katërtët
espanjola,biceps
piramitat,romela
variste,prerive
mbulohej,epidamnasve
prisvitloga,vandestoc
lalba,rimut
afi,humbui
unesko,gjithëditur
ushqyesi,ndërpres
sportclub,mitchel
dekorator,aplikuan
tastierë,ramayanas
bgptë,plovdivit
novopripojenim,orientalism
pistoletat,plehërishtë
habilizimin,qepëve
trashigimtarin,maten
identifikojne,bulikaemiljano
çe,shihe
zkryeministrit,fashikujve
këtejmi,rimnik
xehtarisë,zvogluar
kompaktifikimit,vendasen
eventesh,italishtshqip
dërgata,gloucter
tëdhenave,siragusa
ideas,myspace
gërsheton,minesotas
mpla,gjimnaziark
mareshal,qiuyan
petami,lehtesuar
zotkrijues,ro
rrobaqepësie,tran
spinofin,zogth
pozicionohet,mustehak
mburon,arumun
shpic,urresh
përballemi,pasuestregon
zahidja,bjello
shtrojash,gëzuan
batllo,hosteve
naujan,vështirësonte
distopike,zharko
equipment,bertone
villamiel,frutti
klaukka,pergjithesuar
valvulë,shembëlltyra
transformua,clemenceau
nven,begajt
entomologji,xhennetin
messerschmitt,socializimin
bajazitit,strasbourg
poei,cyberknife
siguracioni,kallajxhi
aspirojnë,vafaei
urdhëro,enderrova
prokshi,burimkodin
pilloit,patriotiko
cicoviq,axhitacioni
ofenime,barrele
emrah,sepasi
spikes,zoonjës
renomuar,submontane
sardanupal,buste
modulimet,vetëshërim
asenappar,strangers
karbonar,visuals
çikatova,malindbashkia
reklekton,sharre
dinamizmin,kënaqja
gravim,karaiskaqit
pasthirmat,pjellje
folme,hidrokarburit
varit,njohese
votonte,mapimit
azteca,granula
bekime,shqiptaroveneciane
sëmundjën,huadhënie
shtënash,klett
gotenks,çomos
permasave,sanxhaklinjëve
camarades,verilindjejugperëndim
fonetikë,sikhe
autocad,fiertepelenë
ornelës,katma
pijesnjeri,komado
sqn,pëjesëmarrës
mbrëmjeve,clapes
kartelin,regullt
yjësia,shtetror
prifterine,bitincke
rumanishtja,dalsace
njerëzia,reaktanca
vaidyakadaabdasindhu,ritransmetuar
zvdrejtorit,bioetikologë
mbretërimet,eficienca
lëkundshme,ebusë
subliminimi,virionet
albertit,betonitsopi
shtëpit,peshkaqenësh
zhegut,jemappes
vitaly,progeria
filleve,telkes
pashku,herculaneum
parzmoret,nevojiteshin
prezidenti,esibicjoni
dentale,labëve
ekonomat,ipadin
munafikve,pedipalpit
limportuno,shtëpikulla
emetohen,surprizra
bashkëtingëllores,peggy
patogjen,heinrick
shndetlig,karakuri
sirusho,dupleku
catalysis,predrasudama
lumjan,semestri
tipesh,heartagrami
rrëmbente,riparaqitjen
sqepa,baleteve
meridianë,elektrizuar
zgjani,mirënjohëse
grandmal,nediqit
slavonski,sicilive
depersonalized,brin
dragotin,qën
gajdexhiu,efshine
shravana,sachal
neli,argjendë
hidroksideve,damour
gazettes,grandpr
natror,patetik
mallkojë,assistin
ishindustrisë,fajr
përgënjeshtrojnë,ndërprerjeje
pishinat,badarit
palluzhës,pelvik
janaqit,predrag
inanr,karakteristikak
rezikon,vredjanje
papale,adiparashaktit
skferi,meditimin
noihof,ureche
ferse,tolgoit
brisk,grosco
veprua,ndenje
mohoheshin,kriticizmin
kontroverzal,fuqipunëtore
epidamn,triasike
tahavite,bers
arch,hiilesmaa
mariborit,thsangu
epitomë,ushtrisëte
halilajt,remixes
vltra,remak
artëve,kryekatundar
sciurus,opalach
gordoni,rrejdh
abas,invsteimet
transferohete,isopolifonsë
ekzistenti,mesoamerikane
ste,shipman
akifi,metrot
sulmuin,panargiakos
bve,pandehura
zbrazëtitë,vollgës
braticë,kariëra
bektashizmës,lançu
algjebrik,hunët
çelino,osmano
dhmbzorve,playoffit
serte,efektives
delbonnel,sansovino
emetoj,korrexhimientoje
mufaku,bahameve
selmoni,suedezimigrant
rurisë,yugosllavinë
shiptaret,vemendjeje
justifikime,zbardhokunga
periekët,dëbonte
depiluara,kirthinarayana
monbiot,rajhu
përkolgjinajt,magmatizmi
dialoguar,diktatorëve
hermerit,bizantio
raço,hrlanda
chako,bluejam
konsoderohet,perli
ndrrojnë,konsolia
hirësisë,fterre
ngacmohej,serenatës
diskriminojë,teserën
njoftonte,mbetuara
datim,patundshmëri
absolutist,duavcelli
satin,budriga
topinë,tierp
duarët,dcinescharpieu
lggerli,malakasët
siriase,zymtave
gjuhësve,rikrijoj
patria,abbatngelo
genghis,bukoviç
nieberding,xaxa
përmbushi,ekonomiinstitucionet
shtyllas,englisch
jungle,najrobi
arbenia,naissus
rikandidoi,pesonin
sptles,ampermetrit
cedula,tirona
ndryshueshmëri,arkondat
rishfaqjeje,sanctisit
hysgjokaj,tvokids
fitoplazmat,shkollohet
gjedhët,rstnga
gërat,contopoulos
nikoqirmysafir,okhranas
konfederatat,ebutemeta
ndihnuar,baroneshë
psiqikisht,kosraun
xehetarëve,vibratore
upanishadat,proverbial
japetit,melizmat
hoze,luleshtrydhja
delight,gafash
jagollit,lodensteijn
fragmentar,vinarcin
trihalometaneve,trad
gllënjkë,acidofile
cullen,muzikantit
deshperim,kerasonta
gandhin,arrat
msiusaid,mbizotron
uilliami,barabartanë
inosine,pankreas
dëshmitarit,mëkatore
zbrazje,behest
skrupulozitet,jerina
mantras,messei
projektide,tunelpër
quebec,milne
dhuroji,sidher
reshtjeje,çarave
bileteve,mangabja
yokoi,ligjvenie
nibuçu,eytan
bahce,puthi
panairet,bustë
sappho,portretizime
përngjajnë,motratvëllezërit
cardak,brahmsin
kryered,xray
nozullime,sinkorizim
mbinin,zgjerimet
lekt,tripolaninë
mikrorruazat,shkruaranë
balkainsight,hilaire
postmodernizmit,abushatiështë
hiroyaso,intrigën
artiodaktilët,etnologëve
ndritëshme,tertullian
malle,sezenheimit
çdrejtim,speciegjitarët
përsoshsmeria,spekuloi
dhëmbëzuar,egoizmit
marëdhënieve,temci
bresalc,orkney
melitensis,nimbus
dsb,pashkën
apostatit,ubtsë
gossau,kodë
paraklausitroni,cikladet
orchids,zaadsasdakonisht
lshash,ine
dorshkrimi,trathtare
hyj,mëtonte
ndërmerreshin,pushojnë
gotrës,sutjeska
djegese,musarajt
tërbeshi,firminy
rregullatori,tavam
galtit,harmony
capitana,gjimnaziarkut
shangdu,qabesë
affair,limpete
fshbo,berman
malkin,tarracash
icaza,miqësorë
brakiblaste,stërnipi
qëndonte,dushja
klarisit,macada
garime,matria
moma,toei
shfletoj,dolëm
rhl,detrivitorë
malziasit,rrëmbyesve
partizanve,tarracën
objectivist,schuster
marshak,evolucioniste
bolivinë,arkitrari
gelignit,kalorike
berikova,ndjekën
thirumoorthyt,sensorin
lombardi,callimachus
paraylemonial,kosovëssshk
kontrakcione,tigerve
fitueset,cohat
pryda,paionëve
serbishte,personifikuar
navigation,doci
bankm,intelligjencës
jh,kreditori
nusëruar,vyomasuri
komesar,konektimin
vertetojnë,renien
raportojë,ndërprëj
pajtoi,meristemat
dvok,tyree
terrorizojnë,monopolizoheshin
joksimovi,muggeridge
untermeyer,modelonin
etanali,diafragma
shtatorë,srrojmë
hbk,hippos
demspey,eliminojë
hajria,kontabilist
pitarka,prapavija
mënjiherë,belatrisit
strudimeve,greats
kovaçëve,kafshojnë
skicim,depresiv
davila,hamilkar
deshifrojë,peoponez
salazar,ngat
xhiren,paratifos
krovci,srensen
turtulleshave,brenkeli
imn,zbukuroheshin
pakashticës,vetërregullimin
naxhijes,pirot
panseksualitetit,fittipaldi
avionics,shkatrruese
përbashkëtpellazgët,klavikulën
buldozer,shqipns
naçaçibisët,fortissimo
hagenbeck,rapelangu
fipa,varfanji
ujëmbajtesit,dakordësua
alemanëve,savarkari
shnan,glukozes
boçe,avesnessurhelpenord
godasë,goditni
danesë,tudela
depozite,hinds
brescias,geyer
frengjishtja,shembu
bende,tilled
pkr,diatezës
shallari,simurgu
shëndrrojnë,olimpët
arcadio,karafas
fabrikanti,kryeipeshkvine
flotacioni,gorios
komani,mihajlit
tsushima,guinean
gërmosh,mbiemrash
pjerrësisë,reduktuara
zëmër,pariperteritshme
tezxhan,icd
falkoni,nektarinë
veglëritë,emirica
hajrullahu,fonhuan
ediburgut,intervenimit
coelhon,trashëgohej
jyp,sediljen
daimyo,inverte
instituto,perhapor
mesfushorit,etapave
pinyinl,proven
tiruoorgam,fallxhores
almuttaq,ringjallte
belvare,gomari
ishkomandantin,veurdre
familjaritet,np
robët,tyrellin
limite,reprezenton
hipergliceminë,naurusë
bnin,commercio
relativiste,saksonishten
arguemntuar,manikejtë
qesarat,sopirti
gatuaj,kafshatë
shqipërië,sanitizuara
fossilis,popiqit
alevrat,pjesëmarrësish
slejon,ejalet
ast,lemuriformët
induksioni,metaphysics
mbylluar,kapsulare
hallstatt,gluo
ready,jorkutnuk
shqiptimet,mbetjen
subvencionuan,grumbullin
gajril,kangsanyakitana
andrija,plotesua
rovina,sipërfaqjen
ampera,kursesh
raison,garazheve
ndërmerret,shimbja
lundrohet,kërcovëshkup
relikesh,kërkeses
abstrakton,ori
jonimët,fakirëve
gussë,ardasë
policitë,hotjanët
piemonteseve,malzy
fitimprurësnënjëditë,braque
montanin,armëpunuesi
piklandit,leopoldit
degëzuara,phonography
iqin,hloros
sinican,anglofrëngjisht
yaron,andhakasura
zhivllua,lluch
atëherëshme,eliziane
emanativ,rekomandonin
buxheli,blaevi
ilyumzhinov,orel
marimbo,rihapeshin
skajshmëri,murtezin
abdyrrahim,vertetojmë
garai,njësië
alge,macarthur
digjeshin,popofci
higashimatsuyama,druajtja
shoqrore,përshpejtonte
commemorative,turpërim
girafidëve,pushtetshëm
shumëdimensionale,shmm
kejt,muu
perbeheshin,polarizim
endoskopit,petsa
llërcës,portiti
illusion,nubar
braxh,otrant
carracci,alveola
pyne,pleqërinë
artefakt,zgjatimi
buzderri,shilings
doçin,dirigjues
mirko,patarin
sumuvouri,rishfaqje
penision,shlimani
coreperit,pameca
dorezuar,leksikoni
pindos,karaten
përsonin,pesaro
montua,gusha
apps,bidenj
pentadactyla,vetëmbrojtëse
ghuha,antiitalian
konsulencën,epizodet
kaonia,basista
tomita,beneficione
rubeolës,rimbushëshme
rastisllavit,parakalonin
barqu,heul
paarrirë,peptidike
uishtritë,afrikanobraziliane
docentstipendiat,shlyre
cuza,zaidin
proitaliane,chad
bojkotuan,baharit
kabaivanska,andrianjaka
gustot,demencës
tsurugi,frugivori
niyaltgini,hormovë
merë,penalltish
vomerine,rizbulim
hunjve,dementia
nebamunit,jacqueslouis
smoljak,parfondru
sekalla,zyrarisht
sëllarcën,glaciale
elmethani,marcelo
solidarnosc,tsufurujin
leverdi,dekartin
akrolisi,golitsyn
pygocentrus,përgatesën
tërenin,resmibostan
ulëti,rimasti
jalabhishek,konkurrentja
lumëbardhit,përlepnica
baliqi,avoidance
minionët,dorënvrasëse
kapakli,ekonomizohet
klifornia,gradishtës
fleurdelis,përtëritja
nilsin,takëmi
perforcon,pherae
pondicherry,nejibana
sulmojne,silvestrit
dhjakun,etoo
bluetoothi,vanilja
ekonomikishtnjë,tokmakë
manipuluan,higjenen
possessionis,ccbync
keratitis,polikarbonati
missenden,edukatorësh
qarkë,dramen
dinastise,kolen
bobigny,guadalete
ulbanin,fajkoi
alejandros,kunoichi
perhapen,pinguini
numike,kiklopike
gjtë,apes
vekut,sigrafike
pontin,liqenore
sensualist,ndërhynë
npaqe,viktimes
boxing,tebanet
butani,mundëso
lisebergut,logjicistit
parukeje,debuted
tyl,turmën
dragonjve,oberliga
shiritore,hamendësosh
shoqërorpopullsia,deabolit
sejid,patton
argjentinasin,debysi
hampton,ripërdorën
msha,udhetonte
gamblers,akonkagua
violinistët,psikologë
thiruneeragami,prigny
vorioepirote,cosmos
medialis,parelindurit
viclecomte,komonveltit
domenikinit,saintevaubourg
moneda,exception
fermentim,prathan
char,dniestrit
bjeshit,gcpdsë
zardafët,tokaj
svilupo,buqinca
barazohej,theresa
balochistan,shkërmoqej
pandarësisë,kreshmën
pandya,buzës
sllavoortodokse,bakhsh
shoguni,rhipidophylla
miksime,ghirlandajo
zmadhues,tingëllim
kallajli,prim
bimetalike,grumbullim
iqnë,gangadhar
cyanobacteria,kredinë
akrepash,dobsojë
përgënjeshtrimi,vehtë
parregullsitë,tataristani
studiojne,paresor
hardverik,fiereveashtu
bolo,namsaeng
allosauridae,hvarit
qeverite,shthurja
verli,ndërresa
kosovapress,petrovac
cadet,pastrojmë
barrie,schutz
tarantit,gjipësë
shënjuar,fsi
besoja,abelit
yoginit,bul
kirchhoff,simpoziumeve
tushin,hilën
komagene,bicycling
volksvagen,lucija
kazanxhi,rgbanglisht
mahadji,franconisë
gilgiti,pluralizëm
kuotash,olympique
malahlela,asryetim
radik,gazetarepublika
merkurin,pandehnim
enlai,teito
milionave,hindes
tualin,valëzimesh
lëvizshmërise,kishet
shqiptuara,atakohen
nancyouest,stipendon
rime,ndjereve
ripërdorimit,koberger
goodman,sperm
josephus,mbipeshës
zberthimin,lebensraum
ciklorigometria,anand
dhembshme,krizes
konzervativëve,nxjerrësh
poetika,pakujdesshëm
kapasë,selinoje
interpretuesja,gyqi
siddharthën,uebsajtin
tërbacit,çorbë
matak,etnomuzikologjinë
mbinatyrshëmnjë,vetësubjektit
risjellur,stnorsk
mërshenica,hispania
locatelli,rune
remotename,satyrion
teodorikut,çuna
pakove,jdeydeh
batangas,sahadeva
piana,dhëndrimi
ecdp,eleas
montlieulagarde,darzeze
pinipedia,thriler
illich,padrjetësia
portugalishtes,ndrydhura
aguilera,zyrtarizoi
mbivendosje,rokokoja
bashkëbiseduesin,intelektualizmin
psikosocila,impjante
nadal,njeriuduke
mortalitet,klodiani
ringjallët,rutherfordi
gjurkaj,mendjemadhsia
mirëplanifikuar,montbliardouest
ekspeditave,thjerrëzave
hamendëson,mbulojeni
jovanovi,debitorë
tragjikja,katalogët
lajmërimin,saliun
ketsumei,pëlegrinëve
bundin,pendleton
kërceve,jidaigeki
millerit,biografish
havanëve,balshen
babiloniane,ndrydhën
ndasive,kanellos
sistematizues,korrespodencë
antologjike,crocodylinae
perverse,gjitheash
vidro,aurata
ballistet,ishdrejtues
akrokeraunian,arkëtari
strehohen,kinkaleria
grabovari,çduhej
tonelata,kukusa
eksagjeruar,mënba
transitit,mendonim
qortimeve,blankenburg
selita,greme
aar,serbekroate
yerba,subnationes
midlands,pesche
tingëlluar,shqipëruara
nestinarstvo,kmura
jigit,drumin
further,vakuole
alvarin,corinthiansit
zbavitës,emërllahu
lisië,komplotuesit
festval,zerqani
pantera,valvignres
sensatit,urdhnesë
djalil,qirinjë
vernik,metodisti
rosenbaum,mëmëdhe
kilicën,qeshtjet
baathistët,fonologjinë
afrodisit,rrogave
ud,undpja
dokesore,limca
densitete,ludgrove
malecaj,narbrijave
qendrorelindore,shtypshkronjat
canyon,shakhtarin
vetërefuzimi,yzengji
përmesores,anjezën
iktike,pinedjemit
dracena,dolmabahçe
silicoresh,mainz
androgjininë,barberini
rakipi,keku
olipike,rihapet
foleti,transaksioni
yatagarasu,eucyon
disponojmë,calyx
antibiotik,surveyor
pershkrimesh,riinterpretoi
parsalus,clydeside
pavdekshem,tonësh
balshi,vanillerostbraten
antishkenca,bulent
tsue,ballishtit
heirn,sportakiadat
nënvendosje,pseudonyme
koaisë,enix
siguldas,reviste
margjinalizëm,shpërbleu
buburreca,shurtër
glorious,otellon
scientiae,obiton
epidemine,darfur
shkelura,jometale
tovstonogov,kuanteve
electric,vankomicinës
lietuvos,reshjesh
jessores,mexsit
maroni,sportivë
mediçët,pushkatonin
udhëtarëvevizitorëve,pilotimin
vilanovës,konkurencës
psikis,dude
smolikas,zçajupi
rrethojën,malko
bostan,edukologji
verbon,sprovimi
ece,besueshmi
gajbë,toli
bukosh,shametajt
kuintanar,qortohet
nile,punishteje
tetanusit,induktorët
qëndrave,këshilltarin
emaila,herbarti
skllevë,unclear
pellazge,monosakaridesh
klerikësh,prekshmërinë
asgjësoheshin,bartosz
vendosetinformacioni,urine
gentiles,dëmtueshme
palakmueshme,mburravecëve
zbehura,enderronte
përqafim,zemlja
kutelit,lunikut
rrjeshën,pronesise
theodoros,tformë
atëtë,aqeeli
lindsey,çunat
gain,kacavjerrëse
ekstradohej,fashëri
boshteve,vloren
koeficientëve,përfaqsuesit
kranjajt,trofosferike
buzezi,malayaketu
lakueshmerisë,tërshërës
çelentanos,bogdanovskaya
selamit,tiraneskamzesdibres
intestinale,pacaudire
polideukut,aerobati
thotin,shtyja
fibrës,shipckes
vërifikues,stofrat
kasitët,adriatikeballkanike
friedrichebertstiftung,luteshin
hartografët,thiruvalithirunagari
gjysmëfinalist,pork
pavarërisht,kudodo
makakos,leshjanina
pratique,faraon
plasari,brte
dragonjtë,boritë
dushkajat,struganët
nënkreset,amarillo
talleyrand,vrojtuese
leksikografike,etiketimin
saharës,truporet
beledije,progress
ankandin,klientale
ohgi,cerberus
cardiff,qendëra
sigurohesh,perikliun
paçramin,tb
fajet,mgullës
fukuzumi,oxhaqet
miqësojnë,istorija
jakrib,bruti
nexhibi,ciklon
nanhu,orsm
ogledalo,salcën
ressler,tregton
zinatalnissa,disturbed
alemannia,uronin
kançi,manusë
krisulla,dëgjueshëm
nikajës,galaba
pazbatueshëm,nigella
uzumakit,bendita
pershkrimi,lancua
rsted,aguayo
cosa,hoh
verneti,bidpay
jugori,zbrasur
keqinterpretonte,funteve
shkollene,luantur
salomës,aldous
agbayani,neveritshëm
bllokadë,përmbyllte
ambjent,kallçijtë
chalemie,vraninasit
borland,ratifikimit
kardo,përhumbnin
premetro,poen
qerpiçit,cadillac
malaparte,caputo
filqisë,balsam
përqafua,vollgogradi
gjysmëilegalitet,elektrikeshnderrimi
tranferoheshin,shefqeti
kishtarë,ardhurve
testatori,tmurdë
qenësinë,toranës
ilyushin,montgomery
difuze,tormanns
shtroi,ligjëronte
bamje,prezentizmi
eurotasit,braktisës
butrintin,unstreamed
ibish,furnitorëve
slovenske,negro
triadave,raghavar
emertimin,refeues
teungah,medien
cavallini,horstet
nominalë,dirakut
çatall,kompenzuan
kroton,pararendësve
amsterdami,rifitim
buitre,mashtruara
akciza,ardhje
propheti,shfletues
pjesëzat,gjarpërua
austrise,sirianitëve
nezha,dekik
grekolatinepër,vegjetariane
thrash,lacteurs
fshehtash,shtypshkrimit
kërkimzhvillimi,kështjellor
vunoit,akinsit
pantomimë,ndërgjuhësore
etnografikegjeografike,kokërdhakes
ishti,çayolu
mushin,msonin
glasse,ikurve
shkarkim,herolz
bllokimagjinë,petkagjinjëve
alepos,lopezit
khot,beninj
renqethese,kleriku
boseon,doktorëve
flemingit,çnderua
berlinez,lingamit
hidroçentralit,bryma
verimi,comilla
trishe,shalimar
asar,dumiresti
dukagjinas,diagnostikimi
ngjasonin,guman
flamingo,eurolindi
kapiteleve,hypertekst
tallazet,njëbri
parotit,fisha
bashkërenduan,aryen
privacinë,alara
shitblerjeje,ugare
pshkanini,supermarket
dallueshmërinë,situatava
njerezor,shahneh
trimurtin,postsovjetike
pant,linkoping
profetike,aabar
igp,zambakore
përmendëte,jotetrapod
tiberiusi,iliroarbërore
bavarezi,kerlon
vençeslau,libyan
lagunore,gossen
cituan,zhdrejte
ikun,fanfair
drejtojuni,hanseatike
celësin,gradski
kshmr,lutjesh
sokaku,parisorly
skllotën,ulceracione
satrapi,grinë
mtu,pafundmja
komatozën,stalingradi
injorantesepse,maraj
spaciale,valka
modeve,stanislavsky
notesi,shtatëdhjetetetë
bonne,nganë
ndërdijen,lanterna
kalidoninë,natalie
autoelektriçist,mësymja
bizjournalscom,plataci
medhenjetit,kthjellohen
songyue,jimena
priftërie,capitanes
janëistref,tajgë
novegjeze,sekreteve
heroët,oppenheim
hamann,melanocitet
striptizës,injorantët
bogazit,dozhdole
ideollogjise,edukohen
mesam,kationet
ekologji,fessenden
shpërdoroni,timok
peshperiste,burckhardti
modulin,deshte
toscën,drithërima
valonëve,proceduar
gulez,pamvarësisë
fitoja,jocelurosauriane
siperm,fishekzjarre
frutaaccessory,vjeçarese
kioskash,faturave
mbrapanike,skamjen
difekt,mikroklima
klimatografia,atleti
pasim,superpozim
demostrojë,riforcuar
fishkëllyen,panteon
akordua,qitroja
yakhyayev,entuziastëve
heliocentrizmit,morulla
shumtanas,ekokardiografik
hariri,gosnishti
conrad,pershtypjen
ishudhëheqësit,coerver
pastruesi,oracle
shtrirjeje,shinigamin
arian,stringu
chacun,busck
klarineta,tupelo
dukshën,gubkin
dubutuar,njëtë
shtatoren,goa
vecorive,sindikatë
memoaret,menexhim
peroviq,publicitetit
hackimi,ngacmimin
autoriale,zhbirimit
politikosociale,vendimmarrja
kapila,cubash
audenge,romakeve
aristidhi,protector
krahsim,lizarazu
enam,pragmatizëm
perugisë,skandali
kacekun,nxejt
ndërhyj,boronicë
mandirami,trashëgimit
protokollare,lands
kriminelësh,zyrëtarisht
heraclids,minashiguri
kurorëzoi,pesimist
jedediah,pesos
alidemës,ollnborger
zbres,qytetaresh
gironacosta,darsh
setun,enrkriptuar
zevendesoje,jayanti
tijai,evitoi
nënshkruanin,qjkës
mirëqenë,potgoria
barkëkuqe,pakapërcyer
distances,saadi
fantastikoshkencorë,ajdin
publikprivat,kasetës
infarkt,jahë
cosgrove,paracaktimin
tanushaj,shatit
katërkëndor,postua
voltmetri,pallës
përjetësia,befasojnë
lerni,valaret
edës,modifikohet
kureshi,kledi
vëllazërimbashkimit,sekondit
siddiq,gobernadorcillos
choses,ofiqarisëambulantën
dhut,voodoo
shtimjanja,lëkurësit
puntorë,treura
cikagos,golikut
meridional,hoxhara
lipjanin,balerinëve
sdi,mackinac
tridhjetevjeteve,deidares
udheheqejes,xhevati
multigete,sportete
borësrosaku,bashkumime
strukturash,magnetikçmimi
përshkruajtur,maturi
barbro,kstampa
punëmepergjegjësi,madheshtor
broadcasting,daddi
cubuk,nëcomedy
analizoni,mvesh
berberit,ishkomunën
guddyn,kitao
vandavasin,fabrikojnë
ballkanoanatolik,fatbardhësisht
stana,ngrënien
sunnas,lloshi
diagramimin,hassan
vegel,gjelbërit
eksitues,vought
cembrzyska,negociueshme
langeais,automobili
kryeinxhinier,abdomenit
karafilave,rateb
produktori,flyber
kilikisë,lenget
naresar,perpjesetim
mjekësh,beroviqët
centaurea,afionkaraisar
gjolaj,rabbitikut
tejnxehur,shikueshëm
nogi,landfillin
rosneft,pjekë
galliçja,adriaen
heladës,lhirondelle
valsts,pordenones
strazimirit,bashkiakë
larissa,kapacitiv
sinanit,kolektivizim
steinsberg,tardellit
lavrohej,jelly
malinsky,arsyetore
vetëqeverisur,pikellimi
drunore,gjallërim
aristokracie,lattek
dekriptimin,surla
dogmatikët,jovarësisëprodhimin
mikroskopik,covers
pagjumësi,qafëmal
slot,emocionesh
qymyrguri,viktorini
romueli,sozin
ndeshemi,radhitej
morganët,betrehov
fureti,viazovskës
usllupçan,krenuar
tregëtohen,annavarney
kaptinën,studenteske
vlcelele,keqtrajtuara
bhattanai,balë
niçinatit,sindikale
tesing,prizmatike
turkike,kharitonov
koleksjonisti,duklit
comment,reformuarme
spektroskopia,njesit
komplementariteti,psgnë
demorgan,palauanët
totasit,metoden
joturke,gaagudju
muftiganj,rumcherod
pleonasmos,alekos
cangonji,dutta
gebze,terminaleve
juncta,njeherë
rrenze,nihilist
hpital,mekanine
suaza,dheh
ardhshmëm,burdea
mirësevini,memetaj
tetragrammaton,konaku
terminologjia,karcime
menciusit,paragrafshe
zvministri,tetovare
lumej,shpërputhet
daje,flini
petrobei,verbëri
thurja,enzimën
letraduke,mateshin
katroretë,michoacn
akuj,civilëndërsa
issue,rrëzimeve
eunjung,rohypnol
rumigny,pamohueshme
kangurët,brarit
konaparvatamin,finasimit
dashurosh,nigiri
crater,peshengritjes
hitasve,imoraliteti
coleherne,tranit
villeurbannenord,ferenc
shkruajtjen,andorrën
anëekënd,rritun
hutat,xanxar
arqileja,ekstravagancën
përuljes,larat
disputara,madellaine
rrotacionit,nënspecifikim
çarmatimi,simbolistët
limoges,crotone
rreptësi,socceroos
gines,ksenofobisë
beckenbauer,tast
gjysmëtimbered,markoviç
sangeet,fajësisë
zvicrratash,farefisi
tropoloneve,ferrimagnet
kapone,kays
administratorit,koqase
shkalës,kordoba
sipërrmarrjet,oliveira
portsko,qilins
seviljes,lenka
muço,kosovarët
llafazane,mishëruan
sobrit,gozhdohem
shingles,ostojic
spektator,dotat
motherboardin,meperpara
splash,famouslasky
shkrimlexim,ashpërsimit
foundry,rrugeku
ardhshem,mudaliari
martinos,hoteldieu
nxanës,arcens
novakoviçit,polikromuar
hodhengozhda,letërkëmbimin
llogjikshme,thanash
martetinteti,salutati
artane,sigluan
përshpejtuesit,rrënoheshin
kontreras,çelesin
janove,rënëdsishme
moxartit,basmalaja
sherife,parafabrikuar
juvenilia,kul
fyn,ark
ftohtësi,konohagakures
enarratio,vetima
costco,brinjës
atjeshem,oracion
vrarësejdë,aproksimativ
retushe,nikaraguensit
ahir,rishikojne
betimet,inspektorisë
edk,qendisur
qorri,rod
tugjemilin,kolaudimi
zikaltërve,fletësh
fastiun,albatrosin
surduleti,destabilizuar
financier,xhemile
loved,ldb
coloma,autobusësh
qosheve,ostland
ketj,rafineritë
ventoji,kalb
industrializmin,sekiraqa
singhut,pulëbardhës
keratinisht,mishore
roganes,stubbs
gjatsisi,kaçanikgjatë
mago,automobilëve
ndërkrahinor,pikosekonda
nerodime,brixhtaun
balete,përpijmë
kapëm,ribbentrop
makapansgat,incisors
supriza,bajt
ilirjane,sonnay
vikinge,nickelback
palena,paleoballkanike
pikturimet,kioskat
xunkthet,dallasit
ndijne,deponuar
bustamente,antithemeluese
svrk,ghosn
elektronin,palushi
fiammetta,subvencionim
çoalsnlar,relikte
doktorua,spërkaten
oberhausensterkrade,turzigun
before,gjysmëkati
pergjegjesin,funksionarë
shtefnit,vizitorit
këputnin,alanëve
vgtu,iltjan
ngiste,miracles
evleny,hesape
fitojne,silezisë
turrës,copplestone
shkencorerezultate,elliott
frekuentohej,bulqizën
ushterie,fidae
tulajha,rrealizimin
qifti,kromozomit
ceut,ire
tupalle,mesimit
hiperaktivitetit,zhitoragjë
dhjetëvjetëshin,szn
konfesionale,prekshenikan
riquajtur,services
parailire,qeremnicë
paleozoic,lutvo
gost,testudo
ushqyeshme,speer
biolog,ounce
bibliothecae,ritheksoj
dritëhijen,virulente
trisula,decentralizim
neonazist,stupe
bundeslig,cardsharps
stilte,tahaj
cez,prekuna
karotide,përzhita
tanusha,bayezid
shembullmodeli,zooveterinerë
francëai,lamon
kavadar,durrsakë
cyberdemon,hekurudhorin
kojnare,muradijes
këshillonin,sylbices
publicitare,epoprostenol
roblox,beballkani
maralin,rosy
karahanllës,annular
spuler,dosios
dijab,bachellor
riparojnë,muzdalifes
erstedi,modanaturash
tray,thyej
sequoias,pjalmuese
ngrkesës,hygo
agjentësh,shaku
doilin,liburniane
analogë,kendime
pleomorfike,hobbes
papirusesh,guximtarit
parezistueshme,telegrami
skarletarius,gamble
solfezhpianofolklor,kthetre
pushtonjesve,vdesësh
nandivarmani,drejtorash
jakovleviq,selvijat
ushakovit,rehatohej
pseudopajisje,baccan
nokaut,muhaxhiret
perkujdesin,përkufizoi
berjen,qyteterimit
budina,illo
thjeshtohet,endocitozës
barazon,qingji
dallohën,eurasia
potencën,riformulim
ligjëruesit,seljuke
pastajme,daitengu
guxharatas,emisar
jurasike,barbaria
jom,zguri
çiltërt,vertouvignoble
zelnkov,tytave
dhtel,tranship
trockin,yamotëve
çaputova,mendohen
mev,uqaylids
ndërnyje,paliativ
keqësohen,heksameteri
freni,ngrohen
banulle,smithit
përzemërta,portale
prezantuesi,vecchietta
shaizar,teatinë
doncaster,barngrënës
vetëdijësonte,malvolio
dimrave,ventrikularë
nesma,strehezen
bashkohem,miauli
vuvuzelave,qiellëzës
brushëunazë,paralelizimit
chosenness,selollimucollisheholli
chmel,njollave
internati,brandenburg
bais,filkuvvetinnefsijjeh
diskretim,dido
sikletit,ramazani
dren,namaarit
kaqë,mennonit
kolonizoi,pore
gershetohen,grahte
asnjeherë,rreshket
accessed,baumkuchen
gastroenterologe,hisku
digitalspy,alevolë
kpv,srimara
hargobindi,avë
rmer,lodge
taksipas,xhehennem
udhetare,klauzole
gjërësisht,jashtëtë
papërdorura,nexhd
geocentrizmit,hhl
attias,atc
palauanisht,afirmuan
crailsheim,banorëkm
dyvjeçe,qumeshtit
larousse,kembesorise
taproot,raduc
spatë,feld
praraqitën,ambrogjini
numeronte,trekëmbëshin
çvendim,sauberin
musikhochschule,gangan
morenike,kontrollnte
bismarkian,samsunspor
snajpera,frangjishtes
mosdurimit,alsabah
melih,mosfunksionimi
stanford,pseudoplazmodin
spetes,rutinë
konektimit,nair
lisitdushkut,zhita
radhen,savës
zemërkqinjë,martiko
mitraj,kutalli
sojit,tezeun
vlereso,sidornos
gjorgje,uruguaianargjentinë
kutaisi,gjenia
stimulonin,valachi
dallojme,bunbury
ferchault,zinjve
shkurtesën,routimit
silikonit,pereslavlzaleski
istmin,bashkëkrijoi
embargoja,ledokovski
trheimit,përditësua
visheshvara,bambuje
suedezin,përfaqesonte
indiet,dikënd
campiello,anatolie
hyjra,roquevaire
kouchner,vagiman
doloec,candan
shpijen,arrëz
komponimin,hegelit
erevanin,kolaboracionistët
graduan,omnibus
erih,klientelës
pelerinë,statua
internime,daltonizmi
dyfishe,dekoratlve
ceremonialin,instrumentimin
agollit,seleucus
thadius,irne
jacobi,morfine
cholet,platonin
kreshatve,krai
faren,mësimnxënies
fermerit,ndotës
hyllesisë,llocës
iancu,intoleranca
bhej,dalip
nëntordhjetor,podiume
plagosësi,editor
çkohë,meritokracinë
xhumuahul,bhagvani
pamundesise,doubleclick
potemkin,moultries
missa,dekompozimin
gocaj,parabël
drurësh,tukiqi
qullave,alientimit
subgenresesh,bëheni
karakalët,takove
nisës,nxitjet
babysitting,epiktetit
ventro,borgnine
udhtim,ashub
përshtjelluar,hominoid
gjobit,harel
sukcesiv,staliniste
tylos,njërezit
njohurim,maksilat
parkinsonit,kraterizuar
riemann,mahdiun
zoromski,mimaropa
aeronautikë,briliant
tejo,irvin
pushtetare,alegiero
coma,propilion
faradey,jazulli
policve,kumkuma
cënimit,parlamantare
trish,biografike
kpmm,heraldik
gramozit,korbziu
flladit,jashtërrethimit
përçmoi,ultësirave
rrëfenjat,shkëkqyera
varietetit,pirani
passau,frekuentohen
porumbenii,adiantum
vërtitjes,pozitivish
kuratoriale,livoçë
shpernguljet,bombardoj
siddheshvari,vdesim
gjahton,goudelancourtlsberrieux
ohne,senicas
knullin,horusi
stumble,abside
restoracionit,nmrmetodat
vlerësues,koelenteratet
vajrave,ligjshem
vranishtit,mbështëtur
përkatësin,çamarrokët
grekobizantine,hornet
shtetët,tottit
monopolist,komnenin
toppserie,mundarten
gjenuez,shëruesi
kromozomesh,historikoshkencore
ferring,maronin
qon,anamnezën
embargos,asniressurseinesud
saulceschampenoises,mcclain
hymnizuese,aborn
cuvedia,haxhilerë
poullin,vzquezin
diptomai,takohemi
yanosuke,kodeinë
mashkuj,metalpunimi
milievi,anektodike
përftohen,parantezë
ekskretimit,orme
gjetn,totolapan
rosine,çliimtare
brodosanë,sinjalizimet
njëseksore,karadakun
bashkejetesa,meyronnes
fortësisë,albanica
mccarth,perineale
protestova,maple
korku,marigosë
moshs,paseptuara
sagg,trimin
sforcuara,lejtnanti
krnonike,kemp
camerata,vistulës
karlheinz,verifikoi
vanatur,hakodates
asistuesi,surealizmit
teorikoletrare,rishkruhet
vleshme,trna
ich,pasiguriaankthi
martignycourpierre,garuesë
prayaga,speech
quincke,rs
prapësive,statuse
agroturizmi,rudolph
rapo,tottenhami
romanor,hallaqi
shiptarët,dotana
vendngjarjes,fjetorja
rizbuluar,horoskop
temperaturash,antisemites
evgeni,physcon
evansville,mbeshtjetje
pallaci,fluorokinolonët
bashkekohesit,martirizohet
shtruihet,gurëzezë
mijeravjecare,lucila
kronologjia,recenzent
njëmijëvjeçare,aranea
hijshia,antinom
spolrto,brauchitsch
thërrmijë,trastevere
athines,johanesburgut
përkujtimores,rikujtoj
cancionerot,diturise
faqosen,shëmbëlltyra
autokolona,rikujtuar
hotë,fard
ndaluarat,bourgoinjallieusud
skorpius,çiftëzë
zgjerimitkurrje,bonsack
gotthard,pilur
katërtave,mangaka
hgskolan,surprizë
karamanidëve,brackley
enëbërje,sodhe
perfshihet,gjilanin
buklija,përdorëi
pasdiplomikë,ghuhëzës
viruses,qelibarit
rastoderi,abdulazizi
guvës,rregullatorët
trilleri,ndënja
manço,pave
parameshvari,herring
fildishtë,aqualantic
spinës,driveverave
freud,ardhmëria
gedeoni,lëkundja
ependymale,apatik
kaluçin,pusho
sotmja,xhudezmo
ruthenianë,partisan
terminologjive,thërrit
sideevolution,salcedo
foxe,ferid
blumit,kercim
plotësontë,arthashastrashkruar
fuind,faciale
spizzes,gaëlle
perpjekjesh,katine
kaifas,ujdinë
presences,karbunarës
abv,blankaart
sahanai,fodullëk
hijeshon,diakonesku
malajopoloneziane,gjëndjes
amerikëes,psikoanalistët
permendin,shuajbit
hristo,diagramën
katedralore,theologiae
helenalina,dochiei
daullja,izvori
sullasit,calcinai
katërfishua,pokërrnovica
bilexhik,kontigjenti
oganizatorët,qose
vetine,tëfunksionojë
chind,ceshte
xuanda,ishstudentja
bashkudhëtare,kontinetet
kininet,diagnozën
hsv,transformojë
ankaraja,elektronic
conciliazione,detektojë
salltëkut,bashkëvendësve
siem,supro
xoxes,mendjemprehët
heimerer,modurishte
senne,mirnjohje
gouy,shiikës
prometheus,përdhesën
vithisur,tijana
pilastër,belsh
sllaveserbe,alishani
febi,frymëzimet
allt,soke
baas,demodulator
dekorimesh,vasarit
tyrbedar,mcmahon
crone,gramozmirdite
idhujtare,mnemozina
belive,oxenstierna
handelsbanken,dalipi
parzmoreje,dornach
brutalitet,cuchi
kazimaini,kasë
kanalopati,maistre
stevia,uzhhorod
malaka,sanduiçi
teprim,urejtja
pionieruara,mesazhon
karajit,unambitious
look,zbekim
crusaders,ishoficerë
pandeminë,enenë
iremeli,zafira
kannappa,parathoshin
punonjë,veshore
ico,dredhadredha
infixation,kristja
vitr,courçais
termeve,paraburgoset
bauerleben,madhëruar
përkushtohen,segmentimin
hdrogjeni,roc
miombo,uraganit
oqeanidës,noob
ravensburg,adanal
smyrna,elama
hazbije,maxse
kordofone,ina
germiyanids,mosekuilibrin
eaeu,kriptës
paketoj,zjerë
magjister,dinkut
typee,shumzimin
valiasit,ganellari
gropëza,netesetj
mësatarisht,vagherët
atkins,kryesuesin
anandmayi,scorpio
bënjë,unbeautiful
zogolli,blektoria
daguerrotipet,dëshiruan
rishikojë,mutti
patologjia,eshkë
kodonte,marchisios
hunit,kozhnja
depos,baxhe
marinuara,ipte
menazhimin,robit
bobketin,klelsoupa
abdikojë,pasçlirimit
vorlesungen,kryeqendrën
cakravala,ornela
zrn,banditizmit
coptua,jodurit
baltepes,dysheku
vetëaktualizimit,ndollën
doktrinale,grackë
qëndrur,nenshkrimit
liqenas,counterpart
siesta,ekakuta
çorganizim,alchon
shumëzërshe,pësimeve
jopronarit,hartmans
ambasadorja,përndjekur
vrezala,janevski
kuvendoja,tolerueshme
rishpërndarjen,faje
mbartjen,kundërpërgjigjej
shpëtues,vecino
otoacoustic,bothas
artizanal,labia
amëtar,nastasian
brishta,bannerit
parodizohen,milagro
hezituan,dhenies
naqu,stinas
internalizuar,bao
mberrijne,multidimensionally
papazotit,sipërmarrjet
oqeanini,girosit
progeny,shenjtëruan
udaiyarit,helenizmit
emërtimeve,globalizmit
leuze,puscs
mahavishnu,kastila
vaillant,krijoeshte
vrapuesve,murgërorë
lakshmanabalas,hospitalizuar
fleksibil,infrared
rrëshporë,kamejkamin
famu,shollat
ghai,tretësi
induktancë,buckingham
gjeqovisi,lykofroni
isnadeve,dimer
ramcharitamanasi,mërgimtari
katiana,planarie
municipalities,shkembehen
ods,psikologijse
boshlleqe,saarc
gira,lanai
momentale,spërkatje
skeptrit,dalliut
balam,administratore
brahaj,ayse
bashkëjetuar,riparohen
bipinnata,skerdilaidi
përcaktuarkeq,tribur
tsukuyomin,dioguardi
nervature,ekzistim
crs,siminar
chirima,snajperët
karch,vidishiqi
glaux,brigu
jubayl,nenmali
veprimreagim,eksploroje
karavaxhizmi,loeb
karapataqi,dhjetëvjeçare
zarovna,vijni
kryedashin,grulich
farisenjtë,ligjërimetb
ifta,pashplara
rrahimit,librar
sadovinen,evolimin
artimën,tufine
konkurrentet,mgm
muhaxirët,ryzhdijet
pitek,alien
kibernetike,sanudo
amorgos,reorganizimit
fenofazat,tilsit
proeritroblasti,zdërvjelltësinë
trepca,gently
mestarja,kontrollor
kusatsu,rifa
çështjeqë,sergejit
darul,shpagoi
ister,shëndrrimin
shimon,ipeshkvie
tasman,avokojnë
holdings,mahon
kaunas,voe
bylykbashin,premtua
ylca,sokari
protestantizmit,paguan
sabiha,felice
shenjtme,zrsio
rreptësinë,etij
denigruese,mosnjohje
laku,cmon
internoheshin,kanjonë
ciftua,digjte
grimstad,gurley
tintin,gregorin
hakim,rastisut
libelli,therrën
kultivoni,perngja
xenoglossy,quo
menade,nensi
crteilouest,margegajt
pllenimi,gjermanizim
krahinash,icdsë
simotër,çekosllovakinë
imart,eteilor
gojfilë,rrumbullaktë
siçiliane,frekuentuesit
analizash,penaliteti
datum,rihapur
carlton,ndërmjetësojë
atanatiya,mandron
imran,komandos
paskam,arkadës
vloresarande,pesëorëshe
rivarrimi,charra
prekushi,cedqendra
fëmië,xhuxhizmi
zakonitost,mixi
vinny,rentabilitetin
shpirërore,rrituri
monotonisë,kasr
dreshaj,dominis
suprimojnë,ponthionit
relizuara,mzik
overlaying,mian
paars,dil
renga,peers
neuf,ishgjermaninë
snoeren,barra
aeneon,headpen
scottish,marinëz
klarinetën,persiper
falmerajer,argjendarie
veprojmë,pierosë
vlerësuara,bunch
akteonin,nënshkrues
duodenal,thoth
otokar,pashërueshëm
bushëve,edvard
qesja,bonnie
nazifikimin,tragetet
përjetosh,sherborne
kethlin,delmarva
lulekuqe,mbështetjeje
romaji,ortskrankenkasse
shtënën,shkollimet
aziza,vetëidentifikohej
epitafeve,mendjemëdhenjve
ngërçin,zgjeruara
petagoge,mundohetë
zëvëndësojë,traktatesh
efigjeninë,jorgani
likuidojnë,dadaistët
beziersit,ravno
përshkrimeve,fraga
sreqkoviqit,sages
patharaavi,galisht
strukturim,clirimin
kuffr,mbe
nmr,puente
recensentë,litt
perveçse,leshterikët
tmerrshmin,avicennën
minix,karakallës
tmos,croton
iiiv,prometeusi
berenisia,pozharevcit
kazanë,nëntormarsprill
dipolin,lumjanëve
radiologjia,mommsen
padurimin,voitinsky
hunain,direktsequence
antagonistë,golavarazhin
autistik,mahnitete
pramod,personifikojë
pamundurës,karaibet
teqeje,kras
videodisqet,çatallit
tiketa,luhanskit
kirigakures,diceros
tasha,jennifer
babajanian,dekon
parakrishtere,vazhdimu
agroplod,kalmanin
shkurtprill,kameike
ogurmbara,vrasesin
sanaj,dorothea
alhilal,trajani
vauxandigny,ylematë
shtrydhen,auslnder
qarkorit,parimesh
bluesyhard,gjytetit
boulevard,komotini
suljote,sesionen
denohet,mamusha
mallakastër,mudejari
koregjiut,graqi
mahnitjes,autoriadoleshent
aluk,jashin
maute,lendina
refuzojmë,beretë
kantierale,sharo
retrograde,metacentrike
apaoshas,flakërima
studjuesit,elektrolitike
shumësportësh,terheq
skedanositi,electra
thuej,ndaloja
panelesh,kahveci
kangësh,bacchanterna
ashkenazi,jhulana
oliviero,broduej
joamish,gosponicë
betting,kpeve
stridono,pesëfish
zjarrvënies,përdyjavshme
portugezin,lindun
lndsh,adulterae
transversale,aspektion
shijaku,thasë
kinezishtja,letters
demonëve,francey
foer,ilirishte
funebër,gërgojec
çmontojnë,kupollë
jezid,galenit
qiparisa,baltëa
ajantit,verheydes
arabishtfolës,boccacciano
duobus,taf
zhuj,fermenteve
matevski,jahi
kontrollerët,narrator
stabilizimit,besohët
shtyej,investments
bassani,pseudoskylaksit
flukset,piketat
capu,pronarja
devatët,thirura
aristagoras,gurte
saptapuri,spërdredhjeve
përkitazi,udhhoqi
vojvodë,ankol
balaitëve,kombte
transferzalja,licenci
albanologjinë,mehmetin
animage,antropogjeografisë
kaloninasnjë,zhkencës
prenës,dilnim
kashtes,interferometrik
sanduk,hemorroideve
daoguang,urd
shikueshmeri,mejremja
dyjavori,xheromi
apicil,tejneqë
legalistëve,ngulitëse
lamtumiren,komplikojmë
metamfetamina,skansen
numero,fakuktete
ruterin,specializoj
morey,tribluese
najdenin,mospërputhje
portëza,hashekut
jonson,qeramikat
hospitalier,turaida
gates,ovolucion
paralelizon,dhjamormeqë
çapaliku,dipet
elmaz,legjendime
xhazin,prokulpës
mansa,gnostikë
dhepasi,shpenzuesit
mandolina,acar
shynëgi,phuteshvara
argosit,gorishovë
zosimesë,mbështetin
urrejtur,shkencëtarit
filipeut,cornii
kryeipeshkëv,libohovite
evolutiv,penrith
carveth,bulmua
metropolitat,skolastikët
qendroj,padobishëm
antilokapridët,goene
mousit,candelaria
pelerine,njiqind
roshaja,përqafohen
zongo,celebrator
shamiyyah,vjetërsinë
kompletimin,valga
devotshmërin,gladiatorake
turnamenteve,shtëopi
morsi,devadasit
rafaeli,gjamën
sill,alderson
kuqërreme,antibakteriale
industrin,arroret
endosimbiotike,marvi
turtullesha,imamin
frazeologjisë,prototipe
përmirsua,teppakulami
madhor,uralet
austrohungarezët,biznesore
pjeshke,knopf
progrese,skamnorë
krahaso,sonya
hennes,fletëzës
gjerdan,bhavan
pokmonit,kazancakisit
ibge,mcsë
rac,sipermarresit
shpoi,arrneni
mirënjohuri,currie
simpatizuesve,urëlidhës
vanja,proudhon
elise,haroldi
trashëgojë,nacionalitete
stinevë,portrait
mll,fermentojnë
muadhi,nmyftitë
jarmilan,tihamah
shpirtërorja,bishopit
skocise,once
britanis,ldio
keratinës,finke
xhemjeti,tatariste
hofland,slave
schmidtsalomon,humbert
pëfundoi,deringer
shivalingamësh,htel
chteauneufvillevieille,iemitsu
camino,dokumentuese
koordinonte,bashkëqytetarë
informatë,buzëkuq
gadi,edfu
kabatzinn,reze
disproporcional,dhuronin
myles,katalanasit
fejzullahun,biskotë
zoterinj,raspberry
iniurcolleguia,vendvarrimit
zberthimi,plastikave
ngordhje,moriah
danjës,xhumari
thra,bakterevekëpurdhavenematodaveinsekteve
stanovëkjo,kontemporen
literaria,dramash
vergnicourt,tentakula
endimike,raportimeve
tadayoshi,namë
ligjëronin,pridgeon
vodka,flautistes
commities,përftuara
antivirus,margariti
introspeksionit,shegishten
kreqyteti,studimevemë
sucka,xhemaliu
isopolifonike,bgenius
tokion,hammett
bigroski,plaçkiten
imagjinonin,hindian
qema,komplikim
privatizohen,predominojnë
descartesi,dytit
antibiotikët,kelyshet
përshkakë,mostari
roxhers,shtab
mbarevajtjes,pillanit
trendët,teshtima
ujmishtin,civilizime
dëno,kamuflohet
jozyrtarë,largoje
aguada,rrëmbimi
gopala,spërkatini
përfolura,mokrasmaqedonisht
vizituesit,mesolimbik
kauntri,ibiki
imperializmin,pestaloci
lëndoi,glukokortikoidet
bonifacius,ndjesore
shëtitja,zbutën
xhako,fagolizozom
bombardimesh,mycophenolate
skedatelekomi,contravallation
khom,kozmosi
dannyt,sarvavaidya
gjithkujt,tjerve
shprehetgjithë,brahmanas
selxhukëve,angjelokastrën
strofka,konsulencës
neboja,loreina
ndihmëtar,mottës
gnes,haramont
barinjsh,kanakangi
polisakaridike,miyasan
headerave,fletushkave
konfrontimi,vglista
njujorkeze,dyqani
tuul,providence
anglezëtamerikanë,dhëmblëmuar
hyrave,panchami
pianisten,isnadet
filipesë,thrakejt
insee,mesopotamian
kohëshkurtër,medvegjë
hebrekinnor,bueninvento
yajnat,laralara
vazhuar,baçin
poseduesit,peloponezët
sofrën,milene
stoddart,udbhava
izomerike,evropianizmit
deontologjisë,shvarcit
farragut,utc
skornicesti,devotshmja
metuar,suhadoll
florale,mladiqin
dëniminternimit,nasës
root,diskriminohen
drake,konkurentet
anangabhima,thënësi
poçin,latinësh
gjegjesisht,thasët
edelmira,ektin
callao,inçizoi
inside,numerrase
teknikenishin,kortonës
marketit,smaltin
dieulefit,besimësh
pukes,rekrutim
damaskun,gaelike
drithërash,krijueshmëria
kamarierja,tenorio
okapët,mbretëronin
pogragje,tal
konvertuese,egan
minitelekamera,riaja
vulnerable,shushatur
deljani,gurëzat
parahelene,mbërritje
përsosjet,illurjanka
shllaku,kersovo
sakran,sipërmarrjeve
rrallat,shkumbinqe
ivollgini,harpisti
balin,plamenac
skullit,invest
cërrik,butësie
rimbjellë,gjethnaja
livoçin,shpronësim
reda,vetërregullimit
tuchman,majëzën
sipëshënuara,disorder
elzarkalit,kushta
kromonemës,mangaja
okupuesit,prokuples
metatherians,mjetët
rajesh,naglfar
lëndohet,bllacës
lartëposhtë,emancipoheshin
sollaku,balga
xanoni,yverdon
mehemt,duhancigareve
etiketohet,sherreve
abiodun,ardianchristian
rachamalla,molly
turbifikohen,himnojnë
nomadizmit,obsevartions
prtre,framke
megastars,ketonet
frikësoi,kadalekaayi
kyetari,kenbeti
gjithëfuqishmi,benque
braktisni,sarmast
dakia,arasikere
elisha,ekuinoksi
fshatarke,lemuriformes
heptachorion,bisedue
jina,qerrakari
gentës,pardhisos
ulpianës,valverdes
suparshvanthas,lobe
tëmoluskëve,korbziut
vonua,parisiv
infrastrukuren,bubullimë
jakobineve,vaditjeje
deh,laktoza
standing,mësipërmete
menaxhuese,mlp
content,përgatitnin
tobago,smendesi
krahtët,diels
duymaer,dobësimi
ilirianologjia,halorëve
viktime,veen
vajs,brucoshë
boat,kremencug
vuollerim,konsuli
gzhime,chlakamma
kralj,rpr
anabasara,egalitarianizmi
kapalamët,tepeleden
sahne,vendosit
cottage,njëhërit
bonello,fregatës
minex,riemannit
fejova,mirëpresë
fresenius,entet
ditmir,mirit
melosin,mishima
pulli,korrigjim
ascoli,makfilli
provost,korparmata
hajdaribejta,aysel
atriot,migrantët
impianteve,sankassa
argentinën,nidhivan
përhapës,mbylljet
marrëzinë,shortit
mbreterisë,quon
inciativa,shullan
pasuse,gjithortodoks
ndajme,chimnit
dityrambike,amerikaneizraelite
vjeçarepjesa,cseti
ogata,minorka
viziitonte,vantchev
venedikët,style
comenius,pulje
livermoriumi,nëpëmjet
shpronësoheshin,fals
oxycatalyst,rroft
spickard,loro
malushanit,filluarngasenë
nerike,realizues
breshëri,materniteti
audiencia,paparashikueshëm
magjistares,skocinë
dyshuarve,voshtinjot
memecët,ortakë
zhbllokohej,kritizierëve
baskë,nozipo
regjimesh,ziad
ndihmësmjek,hapëm
antagonizmat,bushtit
ejt,eilishin
diagonaleve,tenovë
thrake,doriente
nënbotën,flakën
ney,gjysmëvëlla
dozuar,elaborat
entomologjisë,kalëruan
kuimbi,taktiken
skolastike,rashincë
revolutionibus,dollars
selaman,scaling
gjeçbritaj,centrifugimi
mjaftojne,mëtutjeshem
shtesave,shqipnin
refluks,generatrix
mitokondre,dilli
magjistrati,shaivitësh
bujti,ellipse
fontanave,adresueshme
letrësisë,narnit
huq,intracellulare
tibau,prakaramë
novobrdaliu,siparfaqja
vllaznim,riadin
sorbate,nuhasin
pitoreske,misgoj
azemin,geek
sanza,besabesës
angry,librën
situatetn,tarikut
sasse,harkinengel
brendësua,vilakkumadamit
shërohej,kukudh
anazh,osmanovenedikase
shijosh,shtrydhjen
strehoheshin,sulltanati
përditësohet,nekiu
schaunard,zojzit
tradhtie,arine
demën,qimesh
grafikut,singjangut
attlee,kietit
dron,mobilizonte
dike,shravasti
baraz,shoqëruesja
pirunin,jeshkova
joefektive,phagunës
citozina,ludvigut
miqësohej,ceauescu
brejtësi,storp
bellary,honest
specializuan,metatmund
medieve,raundeve
gaforreve,karagjorgjeviçit
pashkolluar,patriarkanes
ofenduese,poladnball
antifashistë,ebolën
disgyri,mengsi
sentiment,crosshairs
filipjadhës,cumans
krytarin,nentokesoretj
parapëlqehen,ndriçojnë
llodozatë,olav
frymënxjerrjamuskujt,pjeseacidet
servirjes,organizates
resetojnë,gërqollët
mesmengjimnazin,demijohns
safavid,ey
revitalizimit,tumula
reichstag,claudius
homoseksualizmit,tëdzja
ambulancave,telëzohet
galisoni,çehovi
italianizimit,varësive
tregom,casx
brahimajve,ldl
përndjekja,tiranëelbasan
motoresh,expectations
coramandelit,voshme
katërvjecar,accattone
dizajnonte,fnelon
sogeking,ubanistika
tlayacapan,vrerosur
zhurisë,excellence
anketën,python
foligno,frontalë
luajtshëm,seia
stamens,thep
flanner,kintar
riciklimin,shrevsbury
albanezului,zervë
kalmenhof,forese
supralaringeal,presente
tresezonale,vathit
mamluks,uracilit
sefiroth,kullotavë
demostrativ,nisabi
rumenit,fallon
përngjasimi,mësimorë
tte,përkeqësim
riperterihen,ferriresengtinais
naktimata,lukar
gezuar,koskë
kuantizohet,lulishtar
rosenplt,pakujdesi
kuturmanin,shpejtoj
kamadhenu,sandomierz
superfosfatit,finiqin
tëj,mmf
nidhrëszona,lavey
ceshtjes,testime
daljesh,mëma
pentationin,paperfunduara
numerikenumerical,snaj
zbor,allpac
rregjies,enkulturimi
riatdhesie,lviii
burhan,dimonci
gjetani,cesari
shenzhou,shpejtit
byrd,albanofonëve
qefser,etmoidales
strabizmit,palestinezëve
dizenjimet,adhurohen
parackeratheriumit,cekëm
kukkanurit,polaritet
kodikut,ujitjen
haikut,teformohet
nest,djaloshin
preokupuan,tarracet
albdesign,organizimijanë
gravi,përpunonin
barclays,steganos
sllavejkov,hendrick
bores,stolisej
baekje,problematikat
tëgjithë,relevante
kapaket,neco
pakurrizorët,teksan
sbprehej,chekas
mëjtuar,peqan
këngetarët,malajas
kolonoskopinë,saraçenët
pedrera,etnogjenezën
tribu,permantente
kushtoj,plastiken
dilmuni,fitoer
nëntëve,kundervune
mutrie,zemërgjerësisë
yazatas,sidoqoft
sarpit,miraxhit
mufasas,maso
plesman,koaguluan
eskili,skintilimet
khopesh,afrasia
poemave,stuktuara
përmirsonte,vetëpërcaktohej
riç,hallucinacionit
ringstrae,blogg
sugjeruan,lexuarit
ngritjet,vendosëm
unçl,sharxha
saya,gunnar
siqala,thalers
konfrontuar,miftari
mopsuestisë,shpretkën
zbarkuar,thalassocnus
poetëtshenjtë,kanjonin
fetarekulturore,heerenveen
rëndon,duhlës
martuarve,sharqi
saliri,kallikrein
karvanxhiu,gjarpërblerti
sopockë,përshëndesin
vishanvitë,furler
gipp,generatoreve
fiorelli,neighbor
zizou,rikonsiderimi
topografisht,kotoletat
bair,voal
ejalete,radiostacioni
pjelljes,përemra
bollshevik,kritikuese
kontribuimi,oo
astrolabit,knyaz
piletiq,konkludimet
dylit,yuri
ruandën,shtalla
gabrielën,ekonomikoshoqërore
juillard,verbimi
mossosët,vëzhgoj
noble,dever
orbitash,pjesëefjalimit
çizmet,përëndesha
srnc,ornstein
gravurash,minora
tripurabhairavit,istikam
nafpaktos,shkuesit
pshegishkha,kindergarden
gastorizaret,cypd
provirgjëirsë,impresiononte
sakos,bestias
ryall,populistë
sulfidit,bombelli
qij,hallet
mortaja,chzy
klerikale,device
ngurtësia,gërvishtte
njufalkenberg,copëtohen
stigmë,also
discrepancy,kometalike
petaj,akovica
miqsorë,nolanit
përshirë,rebeka
durmishin,kryengrtije
asia,mbrojtëset
mitnitsata,yorimasa
purgator,paditje
azerbaijan,signorelli
repucation,kaniform
shamrock,lehtësues
tcg,hadrianopoli
vukashini,stuttgarti
poeci,burlington
sulti,cepash
mutbakhemini,audoleontoy
bernengar,introspeksion
pëlishtasit,milloshevic
jiande,atashohet
vexhirot,masakrimeve
shpretkes,afl
cervera,yuga
belbëzimi,luixhi
humoristë,hidro
miratoci,sequi
suitën,hallke
grga,gjuetarë
nderyjore,komunesot
efiçient,zërimi
orientimisht,pasadenës
uçi,devotshmërisë
ivf,polikrom
tgn,uscladesetrieutord
premion,arushavekisha
bschibozuksa,hinom
tangentes,karakalpakë
troufen,amperi
parc,sllovakja
gradecivendi,parasimpatik
spostazisë,besimtart
kundërpërgjigjet,namgeon
epikanthale,sahatqija
veshu,edit
plotëfuqishme,perqendrohet
tepja,oem
klingenberg,megatempullorë
palollogo,pjesëzës
hrjedalen,largosh
belbani,vuedol
tfkd,ndezin
manstirit,infineon
monstra,mzi
pyllëzimit,cocoonit
rerth,hixhrit
përfshie,eintracht
amforat,lightfoot
toskanës,bizmarkun
mundshmen,morgenlandes
koporanes,llazari
lusius,porkine
përditshmëria,cun
rahn,ndërmjetëse
tiranet,riverës
multithreding,saksonët
zrihut,merestead
kromozoiak,vetëvetëdije
ronkole,shareq
aiis,sacchit
engelbrektsson,shprazet
mbartë,petaleve
përshkaqe,solanki
pergatitjen,dimëroi
kokainën,plithare
anoreksi,muzat
shivitët,doracakët
pëe,ciuc
yucca,bratisllavë
karboksilike,bodrume
promocionet,acetikkolinesterazë
serbomadhe,spiralet
lutën,ngrohjeje
rodium,erskine
fenikasi,oros
arijeve,gazidede
gjyqitmonserati,kekësbaces
ekstradua,konstitucionit
famullit,nazismit
xhumanah,terrënit
drogyn,aller
tuttlingens,shqerisë
venën,valverde
lainey,trainoi
saldim,ganash
spiritual,ammianus
inciativën,camacho
komjan,joanglishtfolëse
kuptonim,qoftëlargu
shkallore,lebesgut
rezervime,bekteshit
unico,vromonerit
pesada,astm
specifikoheshin,zbrazi
pafermentuar,kontaminuar
kalifëve,fisesh
thieberger,kafshohet
shpitë,alevitët
relievitte,dyqytetshi
telekomunikimet,malajzise
veneta,lennon
tetove,benoco
kohorti,sombrerin
antroponimisë,benedhiti
arkimedi,platipus
prirjët,sleng
imponuan,montenjit
veses,bismillahi
prestige,maclaine
vitos,majkell
biell,chierry
punyan,peshkime
tesës,poseidon
competentibus,përflitej
rudbeckius,relaksim
merja,mbinte
parlametit,seifer
paraformuar,rankovic
sëmundeje,nuvola
regjistruesi,regjistrohej
navaras,agnisetta
deke,hetzron
xhula,notorious
tears,kalimtareve
ngurron,shkozet
monstruozi,bombaji
tiranozauri,chinesischer
shkurterdisa,vuhan
karrierat,abhandlungen
kretivitetin,copëcopë
adekola,dallgë
investoi,trashëguesi
idiofon,lirite
carre,kareninin
stroma,rrefimi
ngulimi,olivera
kinneret,parakohë
hojeve,zhullimës
kancerogjenë,rohr
legjislativit,osë
jaja,hacktivisttet
ofrimit,njelloj
planesh,ankylosis
rranzave,panokseon
rijeka,korimano
vetëmësohet,teresi
feminnem,ijanagar
preokupimeve,agjitator
ishuzina,astrologjinë
trysnise,menkovi
kutlubey,njehsorët
arzacqarraziguet,rëndese
harabeli,faktografike
hungd,njohti
konkave,asistence
robbery,ideoestetik
tiulli,emevijët
metoh,krricës
bunëve,ikbal
kaçe,stravaj
kërcellin,qalandar
paaja,guettas
ndezëse,lelong
pëkatësis,mrekulluar
milicinë,sindikata
udhezim,sirventesos
frymezoi,çiftohet
rudiani,neriman
kulçedër,qelluar
surrrealizëm,projektbuxheti
epiteliumin,ndjesisë
deviantart,polandball
caledonianët,dcoratif
rregullar,cynthia
maurel,carcassonneest
psu,sankocin
montego,paramilitaret
kritikojnë,spillanes
rakel,gablat
caracave,largesira
silvermananything,haxhimihali
facies,prisheshin
enzimatike,masaçusets
doolindalton,perkrahen
arsimuese,jarrah
përmisimi,malaysians
mjegullnaja,konstruktues
vazhdueshmë,gurkuq
shastrat,alm
riformësimi,procedimeve
falsifikim,boll
deriatëhershmit,flavours
ylberë,bektashinjve
mjekoligjor,kanpur
frigoriferi,prezantuesen
elektrometra,hirmu
llurit,gjithesesi
grisjen,publikkey
sherbimeve,jokonektues
pavarrosura,edifcio
blaxploitation,quarrlestombes
shuplakat,irfan
jashtëtokësor,gëzofitdietës
styles,valonët
ellemme,devijim
landin,filmaforever
iptv,boran
vetëvrasjesh,ingeniumit
ryzetsu,rmz
couptrain,jakopo
mumifikasioni,kuqa
shaljanët,nxënësëve
qetësuese,mitologjise
opoerative,gllava
pështjellave,proaustriake
shqerra,minimaliste
komplotojnë,maksimoviq
spk,zhelin
kandidaturat,treguari
shpejtene,hardolli
skeletët,lukoves
beauvoir,fizët
libit,mimit
koncesioni,zëvëndësimin
kçiq,hundëza
tëk,mpirë
oars,dënoheshe
vetëekspozimit,skeletesh
bofi,murali
ndjenjash,hyskes
vot,bismark
shandan,pretendentin
raci,famullitari
themeleimit,sistemikisht
notredame,fibulën
kacori,përshpejton
citoskelet,blcaciu
francesko,blottnitz
sofistikimi,zag
fuka,niro
naduja,ishushtarë
semiaquatic,transferuese
antisec,shkollëes
konformisti,kaldenjtë
pretonio,krosim
frastruan,dvarapalat
lartshënuara,mullahi
tria,konteshes
hotlës,perlustrimin
hsitorinë,phnë
puma,gjystja
cludio,kuqit
rekuizita,shinobin
pajen,projektojnë
zhvillun,pavdekshmi
tsukuba,dyllit
frymor,okbja
dabisë,vurin
minazuki,dans
amviset,gjuetin
eschenbachut,painkorpruara
girondins,kuntze
liard,krujedajt
klorin,arunachala
veprimtarja,neural
perfecto,prudencia
kreola,rajonizimit
plasave,nënshkruhet
vetmuarse,mendësisë
detabazë,yakshas
prijs,virgjilin
malarje,akaemenide
pescarën,liruesi
foshnjeve,charlevillecentre
polarizatori,givors
torus,lintorn
lihnid,kokle
funebre,albumenit
karnakut,paraqesnin
homgjene,myslimanet
magik,megaqytet
nois,fikas
frymëmarrjapastaj,thiruvellarari
prohoda,zhuzhunja
nesrmen,turkmenisë
korrikgusht,finzel
fletorës,kërcimtari
katalizatorëve,hanefij
iupsharës,pesëvjeqar
infrastrukturave,zbukurimeve
gazetashitës,berossos
sultanit,tita
akumulojnë,atribuojë
biomasën,sunda
aperiodik,renomenë
rethojnë,ipve
dials,perkrahes
cesenës,qetësues
manikarnikas,pinon
ruru,dedin
borains,migf
hierarhie,praktikonte
tuboheshin,trogontherii
dehura,rezervoji
humanitetit,elektropozitive
familjareve,catoblepas
pong,kajde
përdhesa,erlander
pelkti,totove
nodalofunksional,mullabazi
interesitnese,nijinskog
polimerët,hirësi
rimnicë,abkhazia
futuna,getakrr
domni,rehabilitimi
blindimit,tjerër
annadurai,fuqmisht
baines,titujtë
cancelo,hermina
agnostik,klp
sada,vlerësuarat
pasterizimin,kolshit
vishticë,tec
evolojë,verdhës
hegstad,elektor
queensland,ushqimoretekstiledhe
copëtoj,siouxsie
sevda,artanin
pazzo,flasesh
shtepira,bilionerja
medaljoni,trebeshinit
dingu,villers
cms,humanistike
shkopet,coptimin
pothuase,koorporatës
deçka,barbë
aliti,spraj
mjelet,rocchetto
nxitësit,justicia
gomtitit,sojliu
banera,parëzjarrit
schaumburglippe,ceclia
liçencë,antiklerikale
valens,metulit
semiotika,glukuronidimit
iridiumit,heilbronn
laffitte,endi
softverëve,dukeshën
dilthey,aneksin
dëshpërmisht,birobidzhan
revolt,ndukja
njerzish,dukeët
kërcënoheshin,callejn
ventotene,kolonializmi
marjorie,spektroskop
toreu,goddess
lazaroviq,labirintin
errsira,serboshqiptarë
rainces,diven
aeonve,kaingariyami
dyfek,helmholtz
shtrijnë,vdi
kotetsu,kinetik
hershmerine,studijoi
bisi,qafëmgullës
mundit,reuters
osa,elifi
tregatare,marrëveshjesrregullat
federatat,denduri
emës,transformon
askimit,gzofi
dunavka,paralajmeruan
vetrazhit,pervizi
valkyrie,përlotemi
servetin,shkelëqen
khajbarit,sarambey
sfungjerit,konsusmojnë
përgatitor,denoncimin
rickut,vlladikës
memorandumin,saherë
xhubletë,ndhimëtar
gërçani,homofobike
cilesine,aversioni
instalojë,verifikoni
monitoroheshin,kyc
eukalipti,essential
fumitsu,fluturuesi
lazareanulazurica,stenjë
hitlers,pasardhesin
zolotoy,justina
rosada,cirkus
objeksionet,ivar
therandessuharekes,funabashi
përthelluara,shigemasa
makocin,permendura
portugezëve,nimet
organizoj,abdylazis
svjetski,atijasaj
partnershipit,komunukacionin
ringrohja,kujdestarja
diturin,auk
nobunagas,prncipe
bavarezëve,vinçencin
lumbardh,banakiere
zyzedin,edda
kopenhageni,çavez
ringrohet,mallkon
jepesh,çaplohet
zdf,çakallët
fryre,tolkin
adhuroni,ribërja
moskua,kretore
prusikin,mesuti
gdhendi,padrejtët
kariogram,besoheshin
varesine,cenzures
befasinë,laserik
farlatit,xhelaludinit
macroalgonquian,simbiotike
vishvamitras,daba
rinovojë,emmeline
erikatha,bourne
tejpërshkuar,tartufin
benet,presper
gotei,jogjermanë
rakanj,murrizit
parapërgatiti,pjeshkët
izvirë,atësore
fatimit,polesh
mbajtshëm,rrijne
shehin,pasiguruar
alonzon,pleqësive
asdreni,ishpolitikan
kënaqim,barinjt
lajkatarë,sintisajzeri
guruar,lmpovo
piktures,guggenheim
cottbus,katra
ritualin,niklaus
hidhërimet,laomedontit
navigimin,thirumazhisai
kankë,akaid
ripërtritjes,tifozerisë
katërkollës,gjoleka
topolovich,majtist
dietetike,ilc
federim,abonentiose
perspektivave,kreator
rodezia,hundgjati
imponues,labatiedandaure
cele,urojne
luvadh,gebler
lisledabeau,xhindi
maksimume,çmuarat
kamit,kolazh
kotta,turmash
musketeers,sofistët
parashkoi,prabhandam
plebej,klosit
cdja,dokumentojnë
zinxhira,servile
malluar,metapsikologjia
lyonx,aribalit
përçarja,pasagjere
çlodhje,razigravat
ondrej,eliminuan
cezarian,puysaintvincent
bojanoski,lilimit
doktoratave,vëllazërinjve
kujtimshokut,koniunkturës
plagës,adham
venhari,frymezua
jirol,vakt
prostylos,montserratit
embrionologjisë,perkthehet
keralase,besnikri
zhozef,pottejn
ristani,tërg
robinhon,ulaksë
karolyi,pisave
emal,shoda
penumbra,ledhit
trnasferuan,afrikanoverior
profethistorian,mangash
karabobja,gjallërimi
emëronin,subkoshiencës
konfiguracioneve,mengele
cpr,hedges
insistimin,amenbar
pashpirtjoemocional,irsir
sreti,kontraceptive
fshtir,monikerin
tumma,shtëpiamuze
bigu,baran
bateristin,dreamgirls
calvisano,latex
allahusubhanehu,addiction
tomit,pavërtetuar
syno,pesëmbëdhjete
diktatit,porjea
mogherini,mesarea
toru,muhovc
ranoc,vetëefikasitetit
gazette,çmëson
amplitude,mindoro
mohua,depërtoj
vëzhgimesh,lunca
hasene,kalkulimeve
zbërthyera,uniformitetit
femijërija,zerrat
pretendimit,euroleagues
palomo,tables
dresheviq,efor
vijini,korneli
dai,ndodhive
memorymapped,tapolca
mëpastajme,rrethrrotullimi
kuturman,martën
mlite,yiqut
humanitet,pjatancat
mjeksis,konsoliduara
dadait,svapnesvara
panjohurfëmijët,përcaktueshëm
portorozhi,takamoto
kuzejin,hileqare
mazhorantedemokratikesi,elamitit
shoshen,attila
reshtë,vittpala
mbirë,fustanella
cerberi,tragos
nëndegën,biookimist
dilaveri,socialë
tejkalim,kareman
hapesires,shalom
aminopeptidazës,isos
khanderao,pallatitfortesë
kutenai,brokep
pavetëdijshëm,paketes
pasagjerash,parcelën
marvellous,vikramaditya
nevruz,merino
childrens,parashërbimit
kandidonte,egjeu
përndritshmi,brgerbru
anitfashiste,jovio
katërfilma,metershat
ktl,nartën
marjes,rikken
akuariumit,alkalinitetit
frderung,ettabakat
spenseri,bajrin
eksurzonet,mcdougal
çertifikimit,vetëshkruese
courboin,gjëndet
pinter,emaili
gjithëshqiptarë,pakujdesisë
vjeshtarakja,syco
pamposhtshëm,përkujdesi
garabaghlar,lastarit
elektromagneik,tyrannosaurusit
huazur,keqësoheshin
grupmoshave,lte
velësh,hirushja
afektin,jost
jaisalmeri,plaines
mbytje,skera
stoicizmi,bujqesisë
borsa,ramalletsi
mallëngjim,çikores
upn,paramendë
xhyveçat,adaptimet
edin,unalaq
joegoist,seme
bunjakut,chteaubourg
qëllimore,bahman
avokatësisë,kushtrimin
katon,evëtar
shqiptarosovjetikë,lakmohej
rikuperuan,disiplinor
yasuchika,monofizistët
brantoëka,abisinas
oksiacetilen,lidhmërinë
kitabalmadjisti,ravensymon
hymni,filara
fetha,dashurieurrejtjeje
batanies,thur
spanak,honorar
garbhagrihasgarbha,djethe
ndjellë,prekoven
aurelianin,inkuadrimi
huazuan,bismarkun
granta,euphorbias
renditjeve,milhouse
astrobiologjisë,med
ngritësit,abramovi
trimix,profilizohet
magjarë,parakalua
syhaptësia,pikekalimeve
përgjumeni,niels
compania,forcash
detajojnë,greenseurope
spanjole,paralizojnë
erinitë,tourteron
rrathe,linjor
ndotin,pieter
locke,supremaci
tepa,xhironte
domenichinit,deliçina
meritonin,almqvist
kraç,ndërmen
brygoibryks,suttner
carraleva,larisapasi
noshak,stomatitet
harkëtarë,skrotumin
locascio,vergon
zusi,adamsons
tahsinin,boticelin
tëtë,kalidonisë
nxehtësis,ethena
neurotransmetues,përfunduara
humore,dramatikës
voivode,alanitjake
centurioni,dredhitë
konceptualizuara,dëshiroje
argjëndi,trieshit
tetëklasorë,industrise
michelangelos,shalla
aglabidëve,vernaculare
eumeut,hierarkine
jesuit,diplomimin
dragash,reboundi
përroj,barceloën
emmerling,mufassal
kanidi,diskriminojnë
skocine,lherbette
cepeda,shipkës
gozitanët,antifriz
robërish,alamelumanga
fitueses,uninvolved
jokasta,ridizenjuan
molekualat,shumëzimin
cahul,nasipqarku
zolën,infinitin
ambulanave,pontos
mironit,inçizojë
kafa,maligradi
lucky,modestisht
informatikën,zonaras
pëarmendim,moskujdesi
kumbaros,doesburg
mbizotërimi,simpatin
injorances,zahovi
antimilitary,trikotazh
kolere,personalit
dictionarium,ilustratore
sistemimit,çerepi
hilferding,spunto
kabines,brinjëndryshëm
ametallarëve,yohan
akrepit,projeksionin
bileq,bunson
gështenjën,musharaka
akullnajash,polimerazës
ndryshimyeshëm,aksiomë
kristanna,popullsisa
cest,christianity
cirkuit,rrjedhëst
resistant,hyse
elegiacs,materializoi
detyrate,kartizian
sbresin,rregulisht
paralajmëruan,janaq
obshsë,ketyreve
dogme,dasareti
perserit,kruajtjeje
vendisej,pranueshmërinë
iiliesku,asamat
koronica,embargo
megarës,disiplinohen
mihintale,konkuruan
magrebasit,radoje
anoncua,sfidash
poetitmë,kapsulë
kokrriza,parakalim
toritsugi,mesokozmos
vstra,nikollajevna
mbërthimi,dentinës
ristiç,kijoon
pattinikannagi,kollona
botuesenaim,keplerin
quaker,gjeologu
praetorius,moshi
evitoje,konisppol
gdhenden,monolitëve
turalevo,drinin
genestelle,menabrea
arizonës,nenexhikun
fotosferë,gërshetit
lebel,rezervatit
dokos,tiflis
dhelpëren,naayagan
takëllit,bagetite
fikin,meshihatit
default,mospërdorim
aglutinative,fletor
praha,ndëertim
akharas,sausage
kantakuzenit,tendosura
tektit,qënke
thanasi,shui
laberise,baliu
soketi,fotosinteze
artëdashësit,transuranik
livadet,garazh
aeon,njerzitë
martire,hudhjen
ngrehinat,paleoceni
burizane,municipit
skedari,mbrrin
aktivistet,papëlqyeshme
mehillit,torritoret
duralumin,saraçhane
insektesh,skavsta
secesioni,metësmetushit
allashqiptarçe,metodënxënës
videokamera,alevin
sulmuara,michitaka
studjuara,thithka
mubareku,yashamaru
romancen,isayama
rezervist,kromozomike
patriae,papaga
guevara,surdas
konstantat,pijit
albiest,famshja
eksperimantale,pelegrinëve
ketën,millerin
asnjianse,financua
përtipja,rrezues
bozofca,programimet
metalurgji,halilajve
biamr,ëurttembergu
mihjes,mikrokozmos
popovicet,bashkëpunuan
djeper,fokal
gjineshtra,parfumuar
labinot,ebit
prefiksit,hatulla
joinville,komboskin
allsvenskan,everds
ekzistojn,chiaro
mbeben,ragavis
lucoes,openstudy
dramatists,akordesh
fortifikoheshin,pakundershtueshme
ngurrimi,ureland
konfesionit,qenjës
kojotës,purpurike
bijello,sarchelles
tarskit,imunoproteomika
keqpërdorimeve,kembanes
saducenjve,tiberija
kërcinj,ridesharing
trimçev,alfortvillenord
shtrenjt,zherovjan
korigjimin,bijelina
fiksonin,gëlqerja
destinimin,dialektologjisë
camerise,përcakto
turntë,minesota
taksoni,llogora
padmasana,lejojne
drachenloch,vëretë
sacred,orientojmë
belindi,houien
përbë,qytezave
mprehin,smtja
bruiser,prezantohej
epizodin,leterërsisë
përdorueseve,kompesimit
puroiku,prominente
hoffmanom,vitrit
fibroza,junction
gugat,kabukit
modanatuar,pasardhas
grumbullojnë,periahun
eldur,delis
djersiten,nui
plisorja,shqiptarëvet
somaskandas,gjologjike
polka,thyesh
adhinathas,ekuadoras
udhetime,klermont
vetëdeklarimit,programoi
mumifikimin,odriçan
tonnaycharente,kantautori
frëngut,speyer
alsase,matësh
lusch,çhaparkhata
equalised,stridoni
aliazhet,qanani
qiani,hamletiane
amazo,sponsoroj
mekainike,tallulah
diagnostifikuese,kingdon
krijue,natyralist
dugajevë,mcdougall
qenës,zambrotta
skacajve,pingru
zbuloheshin,ignatiev
çarkja,border
aikido,alejandra
gjakëderdhje,jobarazia
llimona,qenkur
julindën,ribotoi
matango,putrajaya
kallëzore,allgu
vecchicerchiari,lokomotivë
kshetras,barbit
url,cavalleria
holand,friderih
armo,penetrohet
sterholle,reshtnga
argetimit,desai
speakers,shfrytezojë
tangutët,parapëlqim
sarkis,copuloi
pambukte,piraeus
thomollari,leverdishëm
anestezia,manavalamamunigalin
gjuetine,thurte
formatimin,gerets
zotnive,tiket
përgjithshmen,mkrs
ethnologue,hernien
vellain,reshtim
pëshpëritjet,biseksualiteti
mbareshtrimi,enologjia
traduccin,pëllumave
jovetën,salinger
nësisteminbinar,kështënjë
mbllnin,sezonen
authonduperche,rosujës
prafrta,triffitt
konvokojë,feneka
blackbeard,bianchini
vitn,feudit
huajësisë,hydrozoa
helogales,tallacërisë
hops,qëndrueshmërie
vjollcëblu,taunus
rregullret,rikthej
elizabello,vanoza
përsosmërisht,korrit
ferdinandi,sevan
kalyanakëve,tyrrell
orikumit,eureka
familjaromiqësor,jojo
barnes,sabedini
shqipëtarëve,pulatpar
elshurejm,mëshiroheni
canales,figurines
shkretëtires,majuro
thoon,patronizingly
kornuollit,urecheti
keneally,kitab
levizjet,chattooga
ravijëzimi,disapproved
yakamochi,urologists
cassovia,flakjen
sase,majtëë
critics,realizonin
yllinstudded,dulari
ejaletit,ferhadbeg
valëvalë,shpifja
rudin,adso
jehad,jashtetërore
universitaire,shijesh
constantino,modus
rajamalla,azatikoamerikanët
himlayang,zaloshnja
census,gauleiter
intervistojnë,mbinatyrshmevetëtimënqë
kapitullimin,afa
sinhalezë,papranueshmërinë
trojs,rosires
tsukasa,albuminosa
fytyren,ejakulimit
shashicë,fanës
ostavila,nolan
validuar,interdev
tube,mugen
venecjani,muscat
fraggle,qiririt
kërsto,thikës
termometer,evdhokija
bafinit,blinds
thelbesore,nogentsurseine
brahminëve,desikari
sage,sëtij
përshkuara,ngeluar
analfabetqë,përputhte
issho,guvë
adaptoj,lipopolisakaridi
laokoontit,pushkarani
kordiq,pythion
qormi,thekët
modelingut,trehapësh
vrbdvrindaban,confuciusit
dardhisht,kalates
tuist,saintamandlongpr
package,nemetacum
olipada,hisotrikodokumentar
agre,mokshas
mousset,alu
kopmjuterike,bibliografinë
gurgdhendës,alsahfer
basharat,shreli
çhatrit,tregasaj
dosjeve,barend
pamoralshme,trendeve
dyrrah,bartek
likenin,hadesin
santiagos,thibaultovët
ikonolatria,bol
funsho,augurët
alkabir,ordinator
përpunuarasimiluar,kryesora
instaloi,sini
shekëllbolltit,varitete
hohentor,frekuentonte
dashuritë,sissokos
himnon,sanxhaklinjtë
sylë,rregullsisë
shkollëmësimore,formazioni
motivuara,cheerleader
nominuarin,kronikanëve
cakuli,influencat
blatimin,patrikun
vagut,narasimhan
gjiza,kortizoni
tm,tujjar
agjëroj,mëshoi
suçit,traditash
arritue,cocker
stereotipe,llavë
mikroprocesori,rusoaustriake
adaptimeve,bezirksgemeinschaften
condenbrie,mermnad
ponto,didi
animit,fraksionare
mosekzistencën,atikut
inorganike,pylltarët
orochimarut,lidinillah
jordaens,graven
hajno,michiko
pleshti,ulëz
teknologjis,rihapë
claudi,keqinterpretohen
telekomunikime,façatës
harrnica,dhamo
perun,servalit
vendsit,hektorin
merkezefendi,orlins
brioneve,shtetësie
heres,langsamen
skedaliqeni,pakompromentuar
arealin,kimioterapinë
digën,xheison
morfja,aritsti
bojnikut,buri
pakariote,tarkovsky
konvergjencë,mconnais
siecus,neurologjikë
ligun,mexosopranos
bab,punar
tjuta,marciani
referent,erdenet
schoolboys,norvegjishte
monomere,kakatiyas
thjeshtësuar,eskishehri
djepit,baske
vps,arsimdashës
ndajshtesat,valmorit
malcs,strode
makaronat,elazarit
moai,punëtoresh
realistëve,yndyre
libretiste,dekadencë
pianistes,stresuesve
zojz,ftohsin
tiris,testuesit
rrjollit,rrymënqe
mgjersi,lartëpërmendura
joachimsthaler,invalidë
belja,saintaubinlemonial
konviktesh,shinasi
assistoi,trepersonale
vrgrda,thanëpogradeckorçë
zvizdiqit,cappella
papriturës,moji
punonjësish,gegëri
tokesor,mrityu
serenity,disavjeçare
varësine,kabushikigaisha
langer,trapazan
ketogjenezën,busines
cuban,contini
quermann,lirivrasëse
dragoon,fluturuesin
naj,khitanët
cakren,zilikën
pasoin,shtatzanis
vanbrugh,bubullimas
zgavrat,hpa
perfshijne,etymologisches
pranëvendosja,hijos
rojat,seë
bejtarëve,gon
mauzolet,tiberiadës
kryemotit,gardov
preokupon,ndermerte
epitafin,bageri
nikolayev,rinas
jaspers,alkermes
seiyu,vehbije
kalbe,lakonisë
ukaj,dozimi
kriminologët,ndajne
payloads,juaji
dondras,herido
jatara,chalkeus
shqyerje,hlmfrur
elvana,admiraleve
hurremi,dallom
uck,shërime
xhevahiret,tufe
rekalinj,dekade
dremiste,transhendetal
shht,jelcin
kafsh,perkates
grupçin,skedalajmëtari
shtang,bukuren
arnautovi,shpërfillur
guanhua,rochebernard
official,zotëroheshin
disenjin,hemodializë
përformancë,runga
lotit,tregojn
ligshëm,gabohet
gjithëkund,malëshova
pafavorizuara,slavchev
valletta,konispolat
xhaxhi,përkthyre
qenke,paraklasikët
tëknologji,sublimimi
solids,tdog
course,uejl
përdhunime,tanëve
gjatsis,vellezer
prekim,diogjen
pensionohet,lexushme
dëshmoj,gutman
zvshefi,lsek
magdeburger,chiafdardh
gralla,redoks
havaitjane,rajtoral
inhibimit,puroik
datasetin,ndrmjetsuese
smogut,cetinë
endërrave,injacio
përgjakjes,remziun
billboards,furnizues
joanitëve,rusolia
busavesystem,inka
bindura,vanand
teknologjish,romboid
taborë,luftove
dopplerit,skllavet
autografe,shbate
kaskate,alghu
roslagsbanan,nonkonformiste
himes,zombi
koleksionion,iberët
skuadroni,kaçavida
prytani,kumbarë
gjembezimi,ceken
gjahtoni,voivodship
sktrukturë,xvite
kosfeskimit,melekuqes
bubat,dyfishimi
eksperimetale,yahikos
përjetohet,paraunatal
risjellë,zasavska
veryney,jasha
akuarel,vajtimeve
fayette,logun
shëndërohet,invaduan
garistet,salut
renauilt,izau
databazë,rind
khushbagh,periudën
hudhëra,thayumanavar
zgjihem,neroni
judesë,kapacitetlartë
elmi,stratford
nënklaseje,mërkurit
flakadane,shirur
polarizuarakset,pishmangës
benetion,vlersim
albuminat,kokktus
mefahil,llapçevës
httenbrenner,vlr
kompjimit,cst
mësosh,gjertanishme
firmosura,purandarit
holmby,planetarë
kokolepsura,kennedyking
ahishtet,lakojnë
koldo,isthmus
pep,karelofinlandeze
atyrë,ilpalazzo
epshi,aborigjene
burlesque,frenonte
peisazhine,trillojë
nemanjiç,advantage
dorabella,ujakalin
mutacion,ardhure
mikael,mafioz
radimishti,kohima
fillestarët,rruzull
mbikëqyret,vates
drejtëshkrimit,katundesh
dafku,suborbitale
veron,sigurin
sabahit,kartagjene
cilindri,gh
narvalët,pushuesve
hasanas,godine
përvojshëm,kuantitetesh
ekzaminimeve,farsit
çila,citoplazmën
castelln,bff
epigrafistët,ligësht
dushmanët,faturino
artanes,rakshasa
embirikos,covend
esharite,stereotipet
oeser,serena
pachinko,gjuri
shqelmoj,konjuhë
nellore,keenaram
resnaisit,aksjon
kandoshin,soyeon
oksidohet,içogllanëve
persishtjairanianishtja,baratie
konfuz,malihabadit
kombinimesh,girchi
gjirkastrës,mioklonike
clamecy,eadsit
balti,alegretto
kliti,siirt
lishur,miljan
konkretizohet,albanologia
rrezanë,neferirkare
vathi,jamben
ghazal,ngadalësuar
estradat,recesiv
ngadhënjimin,dreqit
climat,korinthi
transmigrim,albë
vajzërie,timarve
dispur,trungjeve
oktogenarian,masazhatorja
kanchipurami,vokalizimet
enciklopedme,serpentinizuara
thylakoid,bndchen
elxhuvejni,sherafedin
ikiejlyl,tevan
shprishjen,ostalb
krishtëre,sukuadrën
burre,ibadis
kadaasë,ferrarin
thredi,sufizmit
ballagati,yagnan
xnjeh,masxhid
gjurmuesve,qirjazi
videokonferencash,mësazhe
paralizojë,praleles
minnimale,çasesh
tiranëe,plats
angkori,drupali
tacoma,kaketi
arkeologjikisht,edhen
bajzës,cailliau
kremtimit,danimarkësnorvegjisë
tabuti,zejle
amplifikohen,krisjet
risanin,guanaco
matko,valenti
yantra,jashanica
motele,përtëritje
rochus,salaminës
kurdëve,krutës
sandrelli,pregjermanike
ndërmajës,nënnjësi
eksperteve,trevizo
antiunmik,dekretoi
autotrafikut,udhtuar
sikandra,marsmaj
darmstad,paprecedent
astaire,rolf
anglofonë,riformulua
turanshah,scribe
rele,jashtbotësdhe
yehuda,njohëm
mersim,rrudhosjet
elipsës,mangustat
yukon,phenylbutazone
chilii,marienthal
setë,musenj
komandantint,thembren
samghasya,pelagun
pandeliu,zinc
pjt,kryeujdhesat
ssj,ngritëm
sannyasi,livermore
radishan,nexhmedin
prelubishtë,takojme
parajsat,sedimentologjisë
dragom,danko
sajin,merah
betejen,mytesarifin
dëgjaur,unicef
costantino,georgies
svr,cayuga
koculikoculmbaroi,berryla
uzunbodzhak,pirustëve
gjakosej,kërçovëtë
pleniumin,marsprillnëntor
kolenkima,arvanitidis
cartesius,bonifikim
vetëvar,chaleh
gauhar,eldunja
shpatajt,ultraviolet
covadonga,divodurum
dukshmja,kazhdan
konsistoi,eleanori
rogen,rodogno
riba,etnitete
gjedhes,lëshuesish
rasadishtën,fatkeqsisht
dergues,adrastit
hësë,klonit
stasin,archaeae
mateja,hodonofci
morphing,shpreheshim
shqiptaroamerikan,bimo
sheqerka,shihan
hashet,barrelë
lejean,hokaido
akademive,pensionisteve
aneto,xharnisë
beverly,victorit
shpuem,sanduiç
velat,tëvitit
skenarësh,recetave
vonojë,eseistë
përndiqen,miçurinit
justinianin,refrene
tree,çatie
copëzuar,guevarën
paleogjenit,ndraje
forelimbs,elzybejrit
panchatantra,suretul
filarmonisë,inversione
mretnore,korrje
huaje,mielodisplastike
koritnik,kentakit
ftjan,ivask
njekihesisht,bashkëshkruar
modernevoip,hutter
idustrinë,volcogens
constance,frutifikimi
konstruktuara,prtech
hionstra,pindus
kompasët,majëzave
gaurin,uljengritje
trollslnda,dorezuan
majnhon,horodyska
acl,brettellit
enay,guerra
piketën,aspartate
gnostizmi,granitin
murom,zeeviqi
flynn,funj
ngatrohet,nvaren
cërrikasi,mprehet
kirtlandit,portuguesës
botanika,midi
plagjiaturë,doson
ëndërrimit,kumadinë
lancing,meksiko
janisin,eurozonës
reminitancat,mekongut
kulturoreartistike,vizitorin
ossi,njësishë
natyralizua,jakuh
recenzion,vinçens
segmenton,elbës
kuptueshmë,duea
laquilës,rishkatërroi
lundërz,inkorporimi
aset,vocabolario
ventilatorë,primateve
bogota,pdl
thjeshtat,mbretneshë
corpi,ratkajevih
elektrodinamike,stafetën
bloomsbury,cështjen
hermafrodite,avida
dieth,çimentoje
konsonantëve,krajli
rider,sportdashësit
konektim,njerëzoreujk
svenska,zrinski
njëritjetërin,artdashësve
qindvjeqarët,sanxhakbejlerë
pështateshin,natalitetit
paremontuar,kandidime
shifej,stazhier
baket,sopia
bohem,xhematë
përqafuara,eshtravenë
neglizhimin,shkanë
jaguaret,dashnores
levizëshme,rubinraund
amharic,tullumbace
akronima,kapijtush
likuidua,prestini
syza,kinseys
abortoheshin,begam
penisët,urtënuk
zeni,regjistrova
saharanit,reproducibility
kinoprojektorëve,protagoras
djeshëm,korpus
kaziaj,delikates
koronografike,adp
sizifit,samitieri
uranike,spirituale
njesitit,lom
portretizohet,lyell
tabut,protagonistes
mullini,riez
ekzkutiv,cero
beachflorida,karakatine
jotolerante,ateistë
skorzeny,istrefin
kristianizmit,toiste
rreshpefilitike,navalnij
haider,canaries
lezhiane,kojasit
puchner,tekstore
truja,pakistanezët
pakënaqura,strofë
moggio,porcaron
ilustronin,godita
tenavaramit,classic
praktikim,prangën
doz,naloksone
disiplinuara,lirshem
pionierë,kurbes
umean,seminaret
abolicionistin,smallvillit
kumarxhi,dayanatuddaulah
incan,tallur
tëjetë,poetikisht
gjysmëdjathtas,fondue
vukin,sengoku
pompton,sarkazmën
gafurr,ndërmarje
thëpisura,rrahëse
altro,guvat
brendshmemosadimossad,eficiencës
smashing,mirakës
qymyrgurin,kometë
kalgan,kadija
mahishasuramardhini,trembet
kotlina,kolokotronin
përgoimi,fenomente
blaylock,gjithësinë
devijimet,rrëpirës
prognozimit,grooves
invariance,hodha
tabloidin,degjenerohet
bazuarb,gjermanishtfolës
llakën,etnologu
centotafëve,foa
psikikë,imformacioneve
surrat,emperor
fontet,divanhanja
sexton,gichin
sekularizmi,karolingian
supermenit,mbarshtrim
mariners,shoqerin
lustruara,generalist
kolektoremiter,tat
riut,gjithësine
qymeze,stokholmi
elissa,tragjedive
skojqse,backstreets
rruzulin,vijash
obligoi,nismëtare
hjk,insecta
ltilaf,ankesave
nënshkroj,çeshma
tonat,mafiozët
përndjekura,deliana
teorine,qypave
aono,vetëvrasjeje
renanse,çiftuar
xhugashvilli,kanxhi
mineralizohen,lusaka
castellon,varreze
maitreya,dharmashaalaa
supin,araboislamike
soje,pajtorit
nënzhanre,xhaketat
shkelqyeshëm,ngjallin
rehatinë,përmisoi
grabitura,symon
muzakajve,paefektshëm
simptomash,cdma
vignolas,kontrolluesve
sanksionon,ottorum
bundesligën,kallamat
bagheera,valëvitej
ësë,paturpësi
danes,makdessi
ornella,parie
cerni,palari
antroponimeve,zhbëjmë
parasllavenumërohen,shfrytezimit
riges,shalqini
chuunin,hiqja
polenizohen,qëndre
pzler,komandoja
muskujtë,strajces
spinelli,dalluarit
nënkomiteti,torbeke
cult,mbivlerësohet
marielenen,gjyqësorë
bryce,pamvarsi
nafije,rehabilitim
touareg,kurschat
frakullës,vizhnjës
kundërtës,eventhough
stratosfera,gjyra
misvaku,kontestin
cinematic,gogëve
auditimin,athinasë
komes,colonnaded
podravina,tajik
kantizmin,gjorg
atdhetarizëm,skolia
ndermmarja,zanatçinjve
plavjane,pilatus
hajncen,silenët
mujkut,zarijen
plotfuqishmërisë,estoninë
lansuara,vijeneze
mantinea,thoin
kymmend,hh
saintdomingue,meduza
atheism,parkinsonizëm
cruciate,gjalli
sebin,hollat
mourin,sharm
peizazheve,mbrëmjet
itifakun,shpenzue
dollogozhdarët,vetëperceptimin
ndërqelizor,maksimilianit
bashkirisht,sayt
bahtirit,maskim
kolonialistëve,grimm
redaksia,sipak
tireoideagjëndra,gjelle
milet,britanise
markezinis,pembe
vuçiternin,sunt
raulinkete,kramerskronig
severinus,bërryl
përpak,vendosjet
gallerie,doan
golobërdo,vjelur
pavlenkos,përparshëm
alipaa,nigel
isahit,cayuse
chernyayev,mostar
kuvajti,sacy
kartolinë,mjaltëaromatike
amuk,richards
adaksi,gjembardhi
suren,flijime
yogini,rebelimesh
kremtimi,rebelo
erener,madapalli
kontribojmë,burgosurish
ndërpriste,bylin
dijm,jules
peg,lëndueshme
qeseve,meteoroideve
renit,ditunin
eau,lehtësive
geyye,spekter
murijeve,ekolokacionit
jelgersma,sintetizojnë
marlett,emilie
vetëmjaftueshmërisë,meat
puranik,fshtatit
dedes,katërujorshe
leoncavallo,tridhjetëvjeçare
reflektorët,zonneveld
dtds,migron
sher,petervarat
mathauzenit,kabash
verdikti,kisuke
manipulation,dyshifror
vetëmburrja,resmi
begolliabdurrahman,iniciatori
mixim,sovjetiket
skllavë,shumëplanësh
hoepner,çbazuan
ndricuesve,detajon
kryegjykatësi,jargeau
unicampus,femur
bejta,zotërohej
matthias,dubrovnikshipan
pretenduesve,masahiro
ilustrimedemonstrime,imunologjik
kankroid,stratton
hafezit,poliesteresi
servet,ishprostitutë
ndrrasë,kaubojit
bashkëkombësit,kyoshiro
sajanin,hebrejn
libofshë,ausonë
fash,popullohet
zgjeroheshin,parrot
kumbuese,përzënies
bilbila,kreh
sldbagiu,propagandonin
harqesh,compact
ndërnjerëzore,citiparks
proksenit,energovia
antinomy,gjermano
listernat,tendosshme
cochrane,sanzong
pjeset,ardhmërisë
mccullers,pentastik
befasojë,zepeda
cinmathque,magura
prifteria,rreullisht
idealja,dashamirësinë
chittagong,courchevel
beçaj,guerrils
resistor,kategorizoheshin
papërlyer,blubardhëi
magure,mangabei
siratal,theopompit
sleep,rosi
antenëproteinave,flaken
kraharore,mughal
antoineauguste,bhuprastara
rajonë,juki
rënëse,aminoalkooli
pasqyronte,deabolisdeebolisdeelldell
bretkosën,algebrica
feldsparët,moldavë
jashtezakonshem,napolitane
nurije,blegtore
vreta,skaduar
qasshme,sgeb
komplotistë,shpjegojme
laska,administroheshin
konsiderim,beqaj
vmrosë,mrekullibërëse
fabianit,çausholli
cayenne,bashkangjitë
malajzian,stronciumit
autobuza,duhët
fias,hayashibara
sardiano,fën
tongës,indesh
ezerkrasts,selli
ponde,akpsë
londineze,perëndimlindjes
trondisin,maleficent
krahrori,skepticizmit
ndënjur,spranon
etiopiane,hepokngs
salamandra,erikme
vërejnë,domateve
mazrakut,kalendarësh
dorjsuren,primitivesh
boronit,kundershtare
theodosiopolis,rhapsody
abdelrahman,futurist
ciphetext,sazexhinjtë
britt,olimpiadave
stake,imigracionin
lazo,famëzeza
pulici,explicatif
maxhoritar,bonuseve
blancojë,destruktive
pomniki,astigmatizmi
dhespoti,tresko
nenprefekturen,xhoslin
emaile,mustak
basdaulles,ecology
gajak,pleqëria
cups,kursorin
divorce,shpretkës
konfesioneve,kundravënie
insertion,falan
erkek,sapolindurit
konviktet,roussev
marjanac,krijuari
manastirliu,antishtetërore
takueshëm,poiana
rainier,telekinezi
phoebe,humbëtitur
madrdit,popoviq
mitrovices,hyseinit
kalamanos,fundmen
steenvoorde,shumëngjyrësh
thembrave,paulino
haiti,çarranik
tuda,artizanet
plantae,chukotkas
griargjend,rajë
luaneshat,inhalohej
pafajshem,sakramenta
shallin,qirave
handil,imiton
funksionesh,adaptivisht
multimedaja,animimeve
profesionalizem,regimental
shpetimit,univertistetin
shkrutesa,makiazhit
kerpudha,siqecës
fletores,pnczly
ndodhenj,apoloniatëve
jayne,orteqeve
divergjon,badger
asllanbejëve,ancelotti
tetovarë,konstantës
pllajëm,metastasio
rebus,rrojmë
katalonjës,kenaqesia
alfie,baumit
capaldit,postes
xcm,silmarrilion
iurichit,bimbashin
paksuar,ballgjere
drammatica,xhibril
dhelper,nëndrejtori
llixha,gjenreali
belën,dhaskarina
donnerson,kullëzash
kursejnë,konsonantët
kabrnja,campaign
maurët,arcës
politharit,kalos
satyavrataksetra,tijdrejtori
balshaj,gjethetheshtakete
galatea,perftohen
klamer,sylejmanit
krijimtarise,zjarrëvënësi
serbokroatoslloven,stnon
dhurimet,nisabin
honjo,apj
stimuluesit,patritriot
vjetare,vaporëve
irc,kostumist
sanguinis,kec
polity,mbartëse
horën,crunk
fqiun,rockola
barren,tipo
protection,këty
montpezatsousbauzon,mefjalë
mbrojtjejes,shtit
aksa,përshëndeten
fmijt,cuando
kodikolgjisë,saintpierreaigle
shooter,eylandt
babau,shejit
rumbullake,izodomike
dietricheckart,përvetësoheshin
anikerit,dinosaurët
letonise,guine
frytin,herderi
leshuesit,koles
gta,thithlops
lafayette,katolizmi
ndërpersonalë,cripto
bhuma,beletit
sinod,gllareves
muette,tolstoit
paok,çuvashëve
mineralesh,barkqitje
ukcamaj,adenozin
rrruge,visheshin
rel,sabajete
ngarkoj,macedonian
veprn,maastricht
kareli,numëratori
sinjalë,okinava
unitar,ekine
unorrida,squashes
esmës,ashtue
besse,thirrorët
furgon,vattholma
fabians,golaki
bodhimandavihara,gërvishtjeve
vileshin,kasope
ndihëmoi,absolutë
stradiotët,geijerit
fushëbetejën,përudhave
arsimtarësh,subtropical
variabel,padepërtueshëm
angiotenzinës,mmph
hebrusit,mbikqyrjes
kons,provua
fotresistëve,komjuteret
shape,chomant
prospanjolle,fjeturit
eugjenit,vgrr
mbpërderisa,kamë
permabilitetit,mmtaz
haack,gandi
deum,fuge
alkoholin,darpas
sheremelit,neorealizmit
tabriz,bono
ncaa,drejtoji
kalkis,komentimin
turnerit,akreditimin
candra,fidanishte
paçmim,ilrisë
pagjumesise,ksenofani
shani,thebit
belegte,implantua
nuacajve,lavon
ishmuzeu,malsorë
arvanon,kaçakee
dioniz,readeri
nezhilovë,konventualëve
canary,patura
shembnin,eurosë
kagsheve,shoelaces
duizburg,uellsian
burchardin,meçaj
velin,danza
hafizen,ngutej
yllëzuar,hendikep
kapitel,viton
parganjotëve,mëshiron
malicious,tournefeuille
zbarzët,sote
komercaile,gabrielit
character,evolucionarisht
përkrahësve,lakminë
doktorate,kalandija
urk,gdhend
anketuarit,vucic
anganosti,byers
zal,urosheviqit
fjetjeje,parhapur
brenner,hctor
pikasur,ishkapitenit
lyriq,bernie
shoshat,passysurmarne
chesnoisauboncourt,narkoza
shkallëzur,dredhave
vleren,depertojnë
rilndjaitet,amarilda
makaos,njësimi
haxhera,nimfë
svyatoslav,vendimmarrës
kufomë,milicise
drer,modenës
ikonisë,vrh
fejojë,balancim
keynesianëve,riorientimin
pregaditen,akrokeraunet
dianthus,donatit
kharijitët,qëndronim
jrg,albrechts
llumi,gllogjan
ksilemën,pllave
kushurinjtë,okrugut
gorançe,trunin
jovendas,natyralizmin
maksimilian,reshtnin
pampanella,nenshkrimin
kadifenjte,anss
repin,krioferik
quejtur,studior
bruteforce,epidermike
pushtimadministrimit,akupunkturave
lsi,selgjik
qesari,mikroanatomin
kreuk,latent
kundërreformimit,hapsirave
lexueshme,pranishmeduke
husbands,nëntenent
kangsi,rifreskuara
shqipgreqisht,zhanerit
tjeterkend,vargëzimin
sociokonstruktivistët,vashem
nepotizëm,gaçkë
parlamentarizmit,lateinisch
fyerjen,shuajtur
arnisës,terapeutikë
çnderuese,challenges
zfk,kirurgjise
atëdhetarit,helikodale
protestohej,laduls
varjet,persianit
fermerësh,tahisin
dashmirë,fastnachtspiele
vjehrra,saintmartindelondres
trampoline,gdhire
padallim,rossonere
standardesh,vitrinë
neosumere,asen
pozhoranit,maala
groteskës,bokhara
modifikoheshin,projektive
hje,belchev
shpatarës,saintalgis
kenduan,urrej
andover,ishudheheqesit
zarunices,sepoit
pilorike,nënndërgjegjeshëm
turbinave,daire
jagannathan,ginjus
transoqeanike,koordinatorit
dydimensionale,dpi
millett,dretjimin
varferise,turfan
dobroshtasve,debatua
bauchau,klm
subrende,fisherit
tablonë,bashkëngjitura
patretura,navarone
krin,vanuatus
njërintjetrin,pagri
motiers,tartarët
klingt,krrabën
shumbati,konfidencialitet
reverzibile,aixdangillon
mishngënësve,diaspore
laelianus,afera
miros,stërgjyshave
burcu,ibe
taoistët,shasitë
corunna,kutikulat
sarreq,franciscea
anteu,yalçn
parsing,koloriti
dilo,laigleouest
manovrimit,nfu
mileteve,ksa
degëzat,shtetëzoi
lavamanët,cleverfranke
atribuoi,monash
psikosocial,besarabi
opusi,dukurisë
andromëda,arita
insistojnë,thiruveedhi
empatik,vlerësuesit
oktal,gjëmb
thrillerin,barr
face,largo
protuberancat,keratokoni
parafytyronin,gorisht
merxhani,bashkëprocesor
ijf,mësimdhënësish
pieroni,rashoviq
çurkë,italianegjermane
poetikeshpreh,pazhvilluara
bërtitja,vjetarit
zogjte,avansimin
kabinës,buseve
dytizëvendësimin,perdorni
ampulex,manevrimeve
jagdeo,kushtohem
mecidiye,mirzë
berthamat,ngjyraqimes
morrit,kriptues
vizituam,luajtin
zhytjeve,ngulimeve
stoqeve,nemanji
përbbc,sunnitët
silumini,gjilitit
vasin,ahen
thënjen,paqëllimshëm
implikonin,stamaccionin
edukativoarsimore,giunio
lordin,zbrazin
sitem,njëqindvjeçari
lufttar,paditura
aventurave,karbalë
çuvidinën,ilegalët
mbështëtëse,benozzo
morricone,cëntrali
brigadat,ngatërroj
dorëhiqen,guatemales
nestorian,ladd
evitohen,kundërshtojne
ekspozeut,viktorinox
ict,modernizua
skamneli,pellegrinaio
prokurë,kapalluk
gjeobiologjisë,kembriane
salman,kleoniki
alarmoheshim,haustore
karakale,çndodh
kontrollë,gojësish
ovstonit,sinkron
qeverish,labotnico
riciklueshme,gjamit
qethjeje,preindlsberger
njeratjetres,lemploi
reklamës,adrianin
trivikramas,barbi
ristrukturua,isoproterenol
cenzurë,chengcheng
invented,trakisë
aisu,rothstein
collegie,sunsystems
univerzalizmit,nuyts
revelates,michot
filoj,tektonikeerozive
mjerisht,stalaktitat
gjithëditurisë,epirotas
recensioneve,vendosurit
peepali,kanceret
studentt,leonita
gradica,dragajve
mikrotubulave,konizbalte
unixin,biletën
sigmoidoskopinë,hidhura
bobovishtë,letoanese
shiit,vojsavës
çmitizojë,nervura
pedigreja,nirvanës
surralisme,autogas
perbersit,macaut
fotoradhitje,brics
lampardin,kaz
kokotli,fjalekalimet
presja,bigbangut
masmarku,gortinës
udhërrëfyesin,factis
hollurumi,sunodium
siriusin,jelenën
zhardhokë,chamisso
spatarpara,fetiu
errësojnë,zambakët
plugins,alkoli
cilësisht,dramatens
nordikët,pras
pisan,rënqethëse
shrihen,përceptim
kilometres,hafizi
lëvdatave,protokolet
quheshinnjë,risillen
strucat,flotave
maksima,alixit
markov,komunësbeledijës
denoncua,regullatorëve
zhytjen,konevit
nënshkrimesh,terryt
spikaste,çerçiz
sollënn,normativë
dyserynckstadion,prut
llakes,myshkut
durimet,taner
epidemive,rekuiemi
përgjakura,yozgat
ihm,pllotarepara
lanstroper,shkupinsi
lubomirksa,fango
revalorizuar,aut
emën,sulfhidril
infiltruartë,fetishizmi
pendohemi,belinçiones
asfalisë,konrollon
barrestorantin,shaqës
pronarëluftëtarë,bretkose
ruah,kuqezi
rifillojë,evident
bërthamëzat,michifin
asmara,putnamsë
klikën,presovo
tengëllvud,haike
zhandrin,gabori
buschle,chorti
elektronikisht,phasianidae
mbretërinëe,mosaprovimin
kërninën,hydroprojekt
italik,leydig
shemasije,larsen
musiqi,poshtërua
rrugeshlojtari,kyokatabira
antigjenëve,patriottico
sehr,geeste
superzëvëndësim,paddy
nxorrën,bogdin
panormës,kumejdan
tsukub,lepurushi
skuqjen,dugesia
punjabi,lëvizësh
shtembuj,aikd
mbrëmësoren,çkyçet
zanatlinjsh,pasuru
pambarimta,iroquois
gurt,antifiamatorëve
sociometrinë,instumenti
musan,buzat
chtillon,normativen
prodhojne,prometeu
kryefetar,dinosauria
theur,dokumet
skeletike,mosharrimin
interpretoje,ndierë
përpiqem,dhaumya
broad,rrokjeje
kerem,çerva
komunitare,princeton
kullëzat,backdoor
galvanometrit,fejuari
crilly,sulejmanpashës
shrojcën,bratoshit
errëisirës,lodhe
kubeje,eichholz
koto,rishkruajnë
meleagris,mërë
varfi,savanë
nensekretsre,tradicionalitetit
shkrimkëndimit,asides
tagut,konteniereve
caesura,imbolc
kishinevit,qëndrron
kenaqshem,edukuarit
gjyqesor,aligierin
philosophicum,survivorët
cemit,litre
kolsh,alikaj
veshtirësi,gasobetonit
berret,mathis
drouin,mafrak
rankoviç,vëzhgoni
anafilaksinë,hienijus
heat,flakaresh
speculum,elmensuri
çabiqi,kastrat
grandmaster,stani
europen,sougo
phraya,tokeduke
popullesise,adpatimi
bastide,neglizhencën
zëvendësuesi,pimentasë
biseduam,prediqi
fougresnord,duarë
tupellës,detergjentë
tërheqa,antagonistit
spirala,llapi
folz,rdgj
shizuokas,turingia
oriana,haxhiademi
janakavalli,feminista
tunxhta,shendetësorë
burima,shenjoi
josportive,çarter
vullnëtarë,kanadas
basilio,planifikuesi
selimaj,trentos
sgovor,shqetësuase
kockëmëdhenj,riviërës
çanakkale,perna
mesopotamit,pesëmbëdhje
insistohet,krodha
treasure,kordinatave
foshnjëri,bardis
pontavert,electrolyte
mtrsë,filozofëtshkencëtarët
izolatorit,hansell
shtazë,nieto
koralore,skizofrenike
pëllumbeshë,melodit
kadnlar,amen
terroni,miliçeviqit
përtëjemse,airbagu
uzurpojë,murtinetbogny
dajallarët,migjen
kalp,kolmogorovi
egotizmi,skodra
ferrovia,panionios
preshevar,verrocchios
bouchain,kasaphanën
kongregacion,barbartë
solidarizuan,pancakroshi
hashshashin,orsma
therrëse,kombinacionet
disektim,jugperendim
supergol,matrëngat
skizofrenisë,balenës
galaktikes,shokoi
asambles,karatoprakut
vasiliqinë,besace
sjellshem,bymimi
qeveritarëve,parahatshëm
intent,florinat
mhngri,siglën
rekomanduara,rikrijojmë
tolls,brhal
ingold,morandi
punuesi,gjyqed
ëither,yahoogames
eredivisies,tjetërsimit
shrimad,homofobinë
elvisi,lirije
melos,dilën
komapnia,autorizim
shelbyville,spikatin
barnstorming,bushtricës
vattenfall,ahmadou
minneapolis,gynecomastia
follorinës,nazal
pato,ndërqytetor
gramofon,toborre
keqardhjet,gjuhetar
vellezerve,persib
drusor,isabeau
punarët,dyshtetesh
dunten,aksionerët
savantizmi,zbukurohet
shkinak,donacionin
fudai,druajtjes
mingul,parapërgatitor
moniker,orjentohen
privatësi,celia
ersatzheer,fëmijt
majajat,mjekimit
narrativi,tno
patologët,brillanne
regjionë,americas
konvulimeve,bërjet
marmiroit,heyva
nëntorë,trguier
absidës,shkrurt
besës,përzgjedhjeje
kallmat,psikanalizës
kumtimet,dritëpavarur
kometes,pilisi
shkrira,znebi
rusenii,vei
diagnstiuan,docin
inxhinjeri,bezistene
revoltave,indoeuropianë
mbivendos,marapasdr
pasionuare,heterousios
fiorentinasit,karvanit
nuernverg,melamive
oclc,sorcybauthmont
komunikoj,plotesues
soyolerdene,taik
çrregullimesh,helvetic
rilindore,danson
qendar,tundren
esenët,gosier
suslneti,kredidhënie
rrezatonte,houellebecq
deadline,slëvis
sample,decis
rekati,diplomuara
homozigote,salduara
nauvoo,athoos
halime,pintero
flr,udhtimi
legjioni,rethanat
pikpytje,emes
seljukëve,aborigjenët
mdmessage,dhespot
circuits,typhoon
shlepica,ofrim
romano,shenjtnoret
dominik,rangimit
perndimi,dushiburim
zbehet,maitrejas
glasgou,cortot
veçantat,ambliopi
anaplastik,norrkping
ekspertizë,engvold
cray,mbresave
kurrillë,kuraiza
gjori,terhiqeshin
pompash,porsamartuarit
operatore,prekoroda
miamau,himavatkuta
përpjekie,agustinit
frauenfeld,vetëdeklarua
likes,ngulmonin
hagiografisë,mamitë
kaballa,petit
rië,delmatëve
nexhmijës,fellainit
ndërkomtare,genci
avada,shkretëtirësdhe
massillon,aftësime
kurretët,lob
vozitje,tainarit
bericht,infermierore
guvahati,popullarizoi
bilgehan,rakunjaponezë
jessenius,pantaleo
mushtak,dura
etruske,vakuolë
mbështetun,puli
vetëkënaqësi,kalorësie
srx,polovtsians
operistik,tymrave
monton,aplikuesin
kerubini,theiss
pleqsinë,faul
korsave,manipuloi
bonapart,nmbi
rijad,porpentinën
garancish,gradevci
largesi,vëmendjeje
flokthinjur,kthyr
sea,rahimin
sitat,superjakte
houko,karachi
heshme,bullgaroitalian
polinukeotidike,kapsolla
kontraten,oktavia
maktan,lazzaro
godinash,plisat
vizitori,titullperspektiva
çasjen,mubahala
meksimezzan,keqdrejtim
grykëhollës,grimes
skribëve,rouffignac
rugëngjakovëpejë,gejët
durkheim,qenër
zentral,periodicitetin
skruxhi,vazhduese
pultit,perëndishëm
mooreit,njëhsori
banjave,unejzes
lupinin,primitivë
planetësh,hajji
ravijëzojnë,shkalladalëse
kallëpet,resultoi
emiteri,mbështjelljeve
ejakulojnë,obstetrik
uzbeke,ishpushtuesit
manekine,marajo
edukojmë,ribeiro
googles,baburit
elkanun,crescinit
panoninë,thundrakëve
betou,rrugicat
surkhii,teqenë
largesia,beyonc
mcreti,skylink
batha,lehoni
punëdhënies,piston
sukseseshme,minci
qëndroni,llomotitja
vollejboll,zurab
blenit,sulltaneshë
ngëci,gamero
majëzore,izolime
racionalisteve,coinguessing
fase,androkli
lartësimatës,rrystem
cen,nkamë
konzola,mozaiqe
panjot,kadrush
disneyn,trekendesha
përbeheshin,terroristëve
rrakllit,konsiderimit
punetorit,quavonë
fcosë,fikrije
pamerituar,konektikatit
enveloped,dujakëgjakovës
skenderbeg,zevendesua
dardhankodër,passepartout
stacionojë,marchioness
kadiri,carlito
tvidabergit,robërim
rafale,zgjeçit
paralizua,kontrabanda
spencerve,jablanicës
rimëkëmbte,sitnik
venizelosi,kokrrizave
përvjetoreve,hegjemonia
gjilbertit,garazhdin
katrin,honor
nayres,antimarksiste
balttrain,transmetoheshin
bradoshnica,albumfoto
bla,cefeid
mbrostar,pamjaftueshmërisë
kornuelli,poliester
shartuar,ndaluarhakeri
abuzues,pajiset
alyautdinov,kilomatre
krricë,lakunave
harrelson,zavalina
kurtovi,vlash
ilya,arumunë
gardën,kazeina
kisho,manilaacapulco
aktores,përgjithësua
kavala,legalizoj
shpërqendriminshkëputjet,instanca
enderrimet,lakmonjësit
parreshtura,qëllini
majftueshme,varroi
pushohet,gyanendra
periyathirumozhit,papiç
përsërië,blla
sofistëve,pllajut
lëkundeshin,radusha
vetëorientuara,zhvilimit
parrullën,korcare
byluzukpor,xhepit
algjebër,spiritualitet
surs,sijarines
zoologjve,miladinovi
prickley,sezonier
kryefamiljarin,efikasitetet
rrëfyemit,shqye
xhibal,kuneiformet
systers,ling
bllatës,elhame
ruhr,japeti
kohlmeyer,tropikalët
pizoni,caredvor
çekisht,patrijot
semestrit,mogel
garsia,clemmett
gotlande,gangave
shpetonin,bledhin
shqipëruesit,janku
dhimbsuri,çertifikimin
novine,rëninen
krasnojarsk,baltërreshtuan
kalmikia,petrune
pomerania,taxhik
menelaun,tregatë
joshjen,kualitet
iheartradio,bigëa
savanës,zemërlëshuarit
dyfishoni,malay
keil,grackash
anekdotat,gjallet
fortat,demokratizues
elixir,sharpton
stereos,mursa
triumfuan,lansohet
sagintayev,miletus
colectivo,heziona
çnjerzore,majonezë
kirkuku,ferrokromit
shkruant,ndertesash
httpyoutube,ettahavi
sëmuri,orashidet
nalukettut,kdfstadt
anasazi,shikharas
iix,përfaqësinë
mendesi,silivri
golo,tarsus
grilën,sonet
strazburgu,ngordhë
bernoullin,shroff
ipeshkvinë,evakua
ashtrim,atentateve
lirosh,barioneve
grabitin,soulkid
koprracia,spase
përpunuese,ghasanidet
frroku,kllapë
pleqësinë,zileje
zotërie,shanksit
acustica,clementi
çypevë,fërkua
rongo,alhaytham
tungsten,tretit
hulumtuesve,light
temza,foeniculum
rikthehen,identifikojë
tymfi,kapiteneria
lakmoheshin,insertet
modeloi,amëtare
qeset,deka
armatour,përshëndetëse
pipave,automatizimi
shitëse,dranafile
gërmëzimi,kunatën
norling,scriptorium
gjurmës,fayet
patrician,resezez
gëzohej,xhufkën
mangas,kahra
dëgjimet,gedeit
konvergjent,kontekstet
poshtëruan,tentimi
errëtit,bredhin
nxehtëqiell,katërkendëshe
granatoi,argëtimit
kongfuja,heng
binondo,juristin
salondeprovence,arraiolos
kilomtri,steventon
prozatorin,ngrita
cetifikata,economics
brëndapërbrënda,bozgo
godse,particulier
admont,mbijetojne
xhalulës,mazzola
ripopulluar,toramana
factitious,bloomix
lindet,mimetizmi
euroazinë,vallettes
derivativ,vmsd
cangeit,çerenec
magnesi,prelluzhës
rinisje,liters
dredhuar,rncnë
rajput,bushës
pietrinen,utkës
marchais,vasile
lodhën,fbisë
bitri,jashtezakonshme
solomoni,hekaba
salaamit,dehje
telegramin,burdigalës
frisco,samudraraja
maputos,turkic
konsumohej,prangosure
jf,thekon
midatlantik,nenen
notesin,nifoni
kurbore,pllajash
drithera,beratase
gnostikëve,venetishtes
darios,pankacha
kallamave,ledh
pragmatizmin,jugqendër
detesh,alphington
sakina,remixed
radikalizëm,aksesibilitetin
moho,kosanicës
protogjuhë,koordinuan
forceelektromagnetik,citologjike
omajjadëve,homa
tregëtarë,instikteve
inauguroi,chauxdefonds
grech,besushëm
impreza,kaputt
fundrina,kopështin
sonetit,putney
përfytyrimin,rupel
aurelio,dukata
përpoqa,hidden
chinese,veni
karafili,temur
vaktin,qerthullin
savonarolës,yeditepe
farmakologji,zjarrmisë
destanit,rsejko
dhimbshem,vitini
tange,cetnikeve
shkruarshfaqur,festoheshin
snbja,stevensoni
vërejm,lëvrohet
plten,bronzt
kationi,animalic
aux,grandcouronne
caxias,argëtuse
peripolarhun,agrarna
radu,ilin
kullotash,andria
anëtarësohej,cukorin
gogu,staedten
httpsdata,etregtisë
lenam,periera
kanopi,bislimit
laughton,prirodni
neglizhimit,ranade
këmishës,haviarit
shputës,khirki
kagoshima,leften
bashkebiseduesi,modulimi
prasat,kuneiforma
vjështë,medijat
nisan,polaritetin
evren,operacinit
arracourt,entuziasmi
pedagogjikemetodike,kodifikuese
klerike,leonela
zvogëluese,banshees
savanna,klejda
gjandarrmarise,përemrave
terapistin,janetta
versajë,postekomandës
dushiqin,rask
stafeta,mergata
kompromiset,crush
asocimit,lakuriqëve
martinovi,tunis
maltezëve,magpies
auxerre,souli
rikompajlu,kavea
emertesen,shtëpsë
misticizmin,chievo
veshke,kequshqyer
chambray,hazeltine
evoluimi,korridorët
sindromisë,funskionon
katimerini,haeckel
tibetianëve,holter
qindëra,autolog
lejekalim,spefifikohet
illustro,kalcifikimit
drogëra,casanovas
purgatori,toskerine
tritos,korpuskulare
shëtitores,saliaj
smilodonit,mostrimit
dritëshkrojës,senije
prostituta,crteilnord
gjenovefës,shndetsore
marinarëve,subotica
çerkezeve,mullaj
tenesit,kritikues
makoun,mariamin
gjashtëvjeçare,drejtorite
statinat,reshtani
valixhet,fshatë
kamalës,camilo
armenia,updates
cilesise,stalingrad
fragmentin,bihevioriste
microglia,çuditur
kryesohen,massachusetsi
pershembull,santaolalla
eparhia,nokshiqanë
ivon,vektorial
shkallëzimi,thrakët
divorcohen,izunës
sdan,trusti
metadata,detroitnga
përfshim,palestinën
nikolasi,numerojne
perkryeri,sheldgoose
xhyla,smithing
histamina,shumëpërhapur
peroksidit,ouzouerlemarch
quale,xhainizmi
kokëfortësinë,kondicionimit
abstinencës,ekstremitet
rjedhë,ghettofunkimazh
pelqeu,trieshtës
bakritaluminit,tejzanor
urdhë,hotti
kartelën,qishbardhë
ser,studenicës
gëzhoja,kuleonit
bazaluanë,uinston
mllefe,cliffside
pazëvëndësueeshme,drejtësie
zëtit,fjalorinë
gislaved,greken
karolingjiane,glucocorticoidi
ajduçve,matu
ames,reumës
gjashtekendore,attusi
amfetaminave,teky
sulltane,abazhur
endoxon,etnikedemografike
pendulum,dhirta
spatiose,vijayanagar
përshtatshmi,poliomielitit
kadastrat,peridotitduniteve
shinjin,birkenhead
pafavorshëmve,fotovolaik
bonaplata,sumadija
vasilin,runners
rusis,situatash
endeavour,filogjenitë
burners,agostinian
platinium,kafetë
peritoneale,skifterin
korrent,vialli
theksimin,veçon
substances,definicionit
evidencës,xhainit
frekuence,telon
aritmëtike,garn
sabaude,semetishtë
sanderson,antisemitike
balanca,ëaterfall
pompeo,automatikëve
regjionalizimi,etmm
roth,yuka
koshu,tarkatan
bagzane,çekut
çekrezi,collieries
krill,aamir
gvaramia,kejp
piktoreskë,mosmarreveshje
ferhat,kryeadministratorët
njeriunëmes,bjere
biokarburante,mendojne
nënrenditës,eduardit
kritikojmë,rtkklan
xhade,logot
handbook,kime
pambuke,damien
gjerontologjike,rëndsishëm
përmbaheshin,elathar
nyas,lundronim
borovoy,pudre
gjenocidet,alquds
munthe,prishjeje
parenteral,fizikegjeografike
otorhinolaryngologists,mondeks
neuraminidaza,pyeturit
kokit,pericentrike
fti,miçigenit
nedo,tefilo
kompast,chenault
mbrojëtes,pranuesdistributor
krishtlindje,drakonike
nubiane,coptuan
shqiptarinë,rugby
përforcuësit,damaru
pagabueshmëria,paradoxurus
roganës,dunavi
teena,medulla
topolak,pinkertoni
limogesbeaupuy,brnnboll
embry,nderron
patundshmëritë,padrejtesin
riemërohen,dalmatin
gurdvarat,shkuares
zanati,sguro
transilvania,hieronimi
parera,vertientes
ministren,pasmet
rrobë,ipkiss
robotëvë,hajime
vendlindjet,balerina
emetime,jetevdekje
allashec,botoniati
gokuy,lozica
basoreliev,mastabave
gabbros,militante
eleminoi,xheme
lusiusin,kodralia
bamja,paramëthi
aconcagua,dhenevenormalisht
iniciale,patente
jashtzokinsht,sëmuarit
treu,thait
andrrës,fynn
boutros,bashkëlidhur
ayecik,kryengrites
këndorembërthese,zbatueshmërinë
shetitë,ehlilmedineti
hehkuva,magdalenë
konsensusin,konservime
perëndimizimit,idiote
kapërcenin,hansardit
hudhejfe,nikeas
thengjill,soundara
monchegorsk,barkmdhi
krepat,riccardos
flokve,otaku
rithemeluar,hanachu
lahars,pescarës
zbrojovka,buallin
mejozës,jopuplike
magnusson,mahishasuramardinin
doracakut,sebët
lausannesport,programues
rupjmaize,roterdamin
tenuvaraiperumal,sosthenit
lotues,saintchaptes
camden,trusula
pihej,vdiç
gjellëra,kabunia
peux,palampur
maronea,faroetët
bludhebardhë,hanumangarhi
tremp,yazidit
zejnep,tabani
busketës,tjerrur
acireale,kerkimve
dialize,hirotadës
jetas,vjedhet
metodikave,ciftezuar
testimonio,novosejes
trasmetohet,jyotirlingën
puchades,antilocapridi
qeleshja,ësxhtë
atëhershëmai,shendosh
buxo,romulus
sinagogë,millosheviçiane
hibridizimi,fides
kinosaki,vertetes
sahab,xhezair
sebastokratori,fake
koshashënuesi,gjëmba
zavalilar,deserto
zhaveli,hajdutit
racialeetnike,productions
pintados,fitnessi
anarkistëve,kryesuara
nëdinastinë,indrit
gjymtyra,xehetare
manush,lepujte
bavarisht,buqetave
kroatizuar,kajmakçiu
gmajproductions,njëjtatelemente
rrjedhtë,psalmeve
trond,perkoviq
profesiorale,chiemgau
kale,punëtorqepës
plugonin,edukojë
lajmëronte,literaturat
carnivorepe,manchica
tegea,kriegsakademi
harvardpor,kameraman
partnership,coleoptera
celibashi,lemberg
trifletëshe,lievesley
kyakhta,lëndimin
hardhije,zvjerdhur
katermujore,cupidin
monedhatmetalike,paraloja
kujtonin,pplja
klemens,kërkçeshme
homeostazës,intelekutale
mosveçimi,altobelin
ekspresionizmi,hiperkubi
mndez,kurek
tangos,gravitacioni
dretperdrejtë,patroklin
pregaditjen,rrënjosura
tërëndësishme,axios
sigurojmë,domosdoshem
neferefresë,kuraizave
pilapippala,dobovjani
gjinokastër,ezbulonin
maësisë,njësish
simbel,damokleut
lindjeperndim,casanova
suffrage,plasmasi
paid,rinneganin
berkli,transaparente
aubagneouest,shaibani
zajazi,tut
bernardon,babyvexhitës
serenata,elektroshoku
vasalët,gaylord
dobraje,souhrada
dasaratha,iniciojnë
xbox,athdetarit
dhjetëditëshit,gjëgjsisht
andriola,trajtojmë
kailidonisë,mbanjtur
infertilitetin,venditduke
nëndetësesh,audhumla
eleminimeve,andrzej
ishmbretëreshën,cavaliere
atletja,maktoum
mojave,radikalit
malsorefamilja,lahauri
armand,sezonëm
milner,lëmoshe
asumën,mbesës
hetueshme,limonat
persiceto,nove
mospërfshirje,hostnik
krimbi,kalabhairavan
direktoret,kodeksit
vëllavrasje,penthouse
ekspansion,videoart
naqada,silikat
konsullatat,pustarekës
përfishinin,gelashvili
astriti,kinematografin
troq,keti
pushkatojnë,hemant
yaumulfal,strimë
printeritskanerit,perfekcionist
bakterieve,gino
producentja,përfshijn
gjenomë,kebastura
fanajve,qikat
skifos,katallajve
ivanovna,jangcekjangu
tretirikthimin,kapa
nurejtë,relefi
mëzisë,palmën
grigjet,kullotin
estetikes,nuredinit
biznesmenin,sonny
stërvitjet,benkos
ngrënieje,vulvare
rishqyrtimit,castellani
osanrisë,polenave
pericolo,btzfleth
snoopzilla,ndiheni
trionfi,vjellje
playboy,katërmbëdhjetvjeç
krahërorit,thërrmimi
antikombëtar,viktorian
legitimated,lyrë
nxemje,galiform
dritëshkrojën,kumtimi
gmailit,posangritur
shipping,tablelat
amorasve,ekzagjerimin
pilipi,solfezh
propos,kreditohet
progërkorçë,dualizmi
bira,hariett
chirol,partnershipeve
ngurtesuara,skenografitë
kakeli,upulvan
alley,ishdeputet
kondicionin,këngëtareje
yorker,plehërimet
bëheshe,saltzman
angioplastia,mathave
frenohet,konspiracie
jimit,verioreve
peristaltike,jorkshir
hlutir,tikaram
jero,ligula
finalisti,ande
macveagh,beogradmitrovicë
simus,nordenskjld
rubins,tributorë
rivitalizoi,përgjimeve
kryuengritjen,kevendishi
bud,alamos
bekua,metheglen
larmë,panepirotike
karasuno,veerraghava
alibunar,isohyet
vështirësojnë,yulen
rhysjones,kurtiqit
seungsahn,ilus
breshkash,kisania
angers,pernay
hartlepool,fizikanti
kremlin,tischbein
laicizimin,somatic
centenario,zhanën
floke,servalët
shtëpinëshkollë,aksiomatik
referuesve,historikkulturor
jolarg,galienusi
lisin,siguruese
roulette,sanjakbeu
vecernje,kyraku
yidish,katërshes
serbimal,zoga
kalachuri,dugard
marionetës,dëshmija
menuar,gjokanës
avokaten,spektakleve
divizional,bakthavasalas
maniakut,araniko
ispsë,seksualiteti
formularë,krujes
cernyenlaonnois,parashtrojme
sigrid,castesh
gresi,konçize
hipokampit,vikendeve
delirit,maturohet
lidhor,malajzianët
lekët,saintjeanlecentenier
marutta,shekxvi
kulturorarsimor,celebroi
fistelës,atlanten
vetërritjes,rajarajeshvari
glauks,hipokritët
kabineteve,zinovë
lypës,maridos
qytetase,tregtonte
kolapsoi,provokohej
delçev,punonjesit
mikronezia,taizong
manber,kahafa
ranunculaceae,nikollaji
qyprillinjë,mandraki
ikrimah,diffiehellman
current,hajrien
dragostinov,paleozoikut
ajgenfunksioneve,shëndetligë
vigotski,hetuesinë
bissell,farishte
bilogjike,rasengan
kozakët,argumentave
karaceve,papritshmëria
motichandi,intensifikimin
kanunu,conger
bajos,lugdunensis
ripropulluan,steffens
nxeht,lirën
samhanit,ngjyreshe
shkurrëz,inintelligent
bohinji,llukës
dobësit,dudayeva
metalta,allilomisoumenes
manafera,filluara
prespektivën,sharrarrallë
biomjekesore,selmanaj
trazuara,etjedhe
infekton,myslimaneve
metanalit,celës
gjendemi,fabiola
seferit,snaps
mcfarland,redakto
kuloniane,release
lypë,kaliforninë
harmonizonte,cinikë
shqelma,ambientë
sulliotti,archdukes
tersher,durrëskavajëpeqin
bcklin,vodkatalogu
hiperemi,tetanoz
zhurmëmadh,abramoff
shtresohet,ndrek
eliten,amortizonin
montgrusainthilaire,forsmarksn
unfree,sniper
pren,folsit
temthorë,qerpiçëve
cavez,talinit
gjeolog,maltretua
blazit,telefases
mikpritjes,norton
kopekë,analgjezik
mirosllavin,divisjon
salatul,ukajali
qatipi,kmetoc
hillebrand,peleshi
filloji,dendësuara
dhammeka,kaherë
nationalmuseum,mol
valledramë,joannës
hipe,rradhitjes
diagnostikues,ligjërimgjuhë
christophorou,stokholmskavsta
zzramiz,nates
skendit,zbaticave
elb,factbook
stolia,liberiste
nights,romanë
guximtaretskenari,solenkëngë
deversantësh,morthi
yjëve,organizur
bako,piktorikë
ekspresivisht,pasardhesit
këputje,chivers
ruci,konkludime
histiaeus,kompiuterike
elektrometrit,velletri
nacotchtank,kostomano
hysube,shtazet
beheshin,inxhinierave
jetëgjatsia,arlequin
perellos,perveteson
pricërit,biejn
infiltruar,dhën
preukupuar,reverse
shqiptartvsh,paketim
joyi,injorant
khs,kartagjenë
eseninit,rigjejnë
vejushën,dukei
kanpaku,saintblin
përseritjesh,cunguar
recitoi,simmental
ueno,gutnish
kines,tjetë
transportoi,ngarkuesit
baanahatha,xhaxhiu
cervidët,constantinus
koordinatore,mistri
lëngë,toile
hatrin,gilbert
lectromnager,anijdesi
parmenidi,peritonit
narkozë,manezes
spektaklesh,preferoj
efektete,rafetin
gaes,fajansit
pankartat,përafrimit
luzasës,baheux
drejtuesëve,socin
acqua,akordojë
rouen,maculata
pjestarëve,kafja
nevadas,peptike
lorka,doktorata
madsen,fletoreve
vjedhura,pastiçerie
përgëzime,fustanin
përziehet,onkar
vronski,fantashkencës
harosh,rekali
ekzogjene,lundi
shuk,epistemologji
thiego,përsëritjeje
mungoj,shpluhuros
ndërhark,muruar
frankobelge,marca
montevideos,rritesh
potomit,cabej
elamr,asfiksisë
renesanca,ndenjësja
cenzuruar,omarit
babylonisë,bjellorusi
cox,nanoelektronikën
mardhënje,elhaida
tlv,spote
sag,mbërritjen
kosinusin,cybele
pishtarmbajtësve,monoteistë
premisa,ripërtrinë
tendosja,bedrinit
prefecture,intrighi
pva,kuçedër
siak,arrassud
çduket,matematikëfizikë
biology,permendi
definitiv,ganeshan
prapashticë,florimont
sencë,rrokën
mads,funksionarësh
tschadensis,poziciononin
kundërshtueshme,paklasifikuar
mikronutrientët,kërcenjte
tukiçi,fernandino
metalogjikës,skrapuar
transetton,kryeministrja
shërbejn,bjrk
variojne,filipjadha
nij,zyre
csë,dervent
menynë,streets
ceresi,vetëshkatërrohen
kongjestive,taskbarin
juniku,striptiste
toy,otarion
kral,nivillers
kaçavidës,koinçidenca
harrington,hertz
keli,tolman
katërtirikthimin,minarët
homogjenitetin,spanët
herngren,deshqiptarizojnë
dhani,podgorica
supositorë,panike
halftime,thermoplasma
ngatërresë,rinocerontë
amerindianë,epilepsia
kthehuni,murtaja
opatia,greshiciotët
mikrobe,pishën
arrë,pangjerman
tersia,fushëgropës
bornean,rrënon
fukarenjve,fype
pronikene,nënvijëzuar
heqe,orlokulistik
spanjollit,ndërmarrës
kokëtrup,valleta
zvministër,pediatrik
pekinin,sicnit
rrëfenje,greqine
antioksiduese,munduari
shedra,vespania
aladdevle,persekutimet
romrio,tregëtonte
bailly,hoxhallinj
kentaurëve,vramit
ndeshjë,xhejmsin
sav,neolitika
khmer,riorkestruar
zanatit,oktekoni
sonetti,musiziert
aschaffenburg,inaumont
panamaja,elemtare
pësëriste,cetinje
ishmbreti,vjeshtari
viq,glastonbury
trastulli,xiiixiv
shenjtërimit,zheline
origamit,shkullin
uefasë,khree
sjvd,oklahoman
subspecializimin,krefeld
ishtrajnerit,hekatonkeirin
vemë,pedipalpe
çokobosat,rishpërndarjes
takelma,intesiv
hofmann,verifikohen
certifikimit,amore
kujtesen,direktrisa
garosh,fungje
direktoriumi,taktikopolitik
dobsojnë,banatubanatinë
bitlis,bashkëpunosh
constrictus,jevgj
puxhan,ngecën
grabovarët,dëshirohej
dialektologjike,kontetë
rashidëve,nënprogrami
kulmojnë,tipizues
inserti,gome
kassel,mesoamerikë
kirschner,diskursiv
kurenain,idlib
rakine,tatimeve
delias,teate
oma,stabël
ebright,meditor
mesmes,kopjes
vititpor,demara
haradinajt,guagliardi
vreshtare,ravidasit
privatizimi,mosvazhdimsie
mrten,nagaye
informohemi,korrigjuese
stdime,golajt
instalua,shkaktone
mammi,tarquinius
faksimilen,ngushëllime
ligsis,ndertesave
nabak,bagaglino
kromës,lemnosit
azhornuarupdate,yinotheria
pacenuara,mëpasshëm
anamoravës,dhuruara
lluis,boshkov
coeruleoalba,qemajli
demuluar,odeon
teqeve,mozaikësh
vern,vasopressin
ilsangu,antropologu
dominans,dhonneur
hiperglicemia,itc
slomek,shtabeve
vjershërimit,dukesha
ardhshemmeqe,tahmaspin
improvement,jasiqi
burghlzli,mitokondrietsarkozome
acarohet,terapeutik
këmbëngulnin,vendëikasit
shtrëngonin,lumtura
azileve,istmi
tako,bazofile
boltu,torturuan
rycroft,dickenses
mirditorët,federation
pratt,portertet
krakterizohet,ekzistue
spekullojnë,pineaut
zbukurojeni,florieni
bunit,patogjenin
bioko,asamblit
zymberi,karnavalja
aldin,osan
inkuizicionet,udhëkryqi
docit,postnjutonian
murcia,krjimeve
montreale,thull
masjed,zauvijek
gjelbërime,sharfuddaula
gjithëdijshmërisë,aguirresacasa
harna,adventiste
ghats,xhulit
sardinëve,lëpinte
gjysëmrrethi,hebrejtë
marrdhënieve,mustelidae
magath,dëbores
tite,goldenthal
shafloqi,hartzit
lugun,ein
alekta,babqorit
strima,bashkëqytetari
fizikut,pylltaria
egyptian,kiçinen
parruces,shokeve
akomodohen,permissive
qyshku,universitetingjërat
adamos,trajnimet
historicizmit,çrak
zdravko,kontaktoj
maduranthakami,kanonik
javer,araba
naço,peshëa
palogjikshëm,heptanese
qyteteshtete,kepner
gjerak,spontaniteti
rilulëzimi,vizards
introduksione,prijne
prokurimit,gardhiqet
ashshafiit,gamakas
tenerife,premtja
hyatt,gnter
siqeca,meshat
jojudgmentale,ekuidistant
guineverit,evoluimit
bernadette,levizëse
automatiku,pitbull
hollojeni,superinteligjencë
uragan,hebrej
alegorikodidaktike,agrokulturës
provokacioni,paxson
antihero,hessian
boshko,enstone
vida,nderojnë
simula,moterrico
sponsorizon,hasku
czechoslovak,herëtnë
jtakas,shurdhahsarda
kashmiri,jakoven
biograph,dopje
koliku,eymr
amynten,përpunojë
diplomoheni,ghahn
filovirideve,balkanqë
colpix,zgjedhurve
kodrinoromalorë,merituardhe
edituara,pliocenit
klithma,çepan
bllakan,isparta
hedvigu,vazhdimësive
riego,komuniteitn
naftëtarët,puqen
këytë,korra
ventili,kundërbërthamoreve
pluguar,majorkës
trincomalee,afermoheshin
italishtgreqishtshqip,joshë
presenca,drufrutore
buchan,barqun
portolankarte,sarsimit
penën,permende
jankovi,ateji
dayu,karm
tibetin,çanga
lyeni,qëduke
jehanne,filmserisë
rimorkiator,toldo
përceptimet,hillman
trinitas,tejzgjatur
pedagogjinë,perdorurper
sigazeta,këmbyeshme
kohessidomos,valjak
imunologjia,vëllavrasjen
përbërjë,annapurna
cliffhanger,lactantius
funskioni,shehirqojt
usuluddinit,edlinger
meridiana,edukativeshoqërore
majonez,evrropës
njesisë,daimlerchrysler
bishnupurit,oldman
procesesh,patha
ovulimi,tobey
prasadit,cazres
dhrovjanin,zourabichvili
amerikania,kullotëse
gjethegjerë,rrustemi
ndëkaq,githashtu
cimrman,miocitet
nobeliste,phillippe
zavendës,dhcpdiscover
politeknike,letërsine
auber,vizive
devajë,demoralizoheshin
leqinë,teze
karditsa,runde
mësheftësive,keigo
mirenjerezit,yonghong
returns,devollshqipëri
najafi,torbë
psycho,clausen
zotimi,rrelativisht
cruise,artemo
menjanimi,kusheriri
elektrokimike,çarmatosja
ekzistueset,dëgjonim
pride,pajisin
mbretëor,nevoitej
mastera,atyreve
theksa,vrenjt
maksut,filekpedheftiki
shfazimi,cantonment
filatelike,arkimandrit
neftchi,zgjërimi
nez,dritësojnë
jerlive,politikeberje
filomena,martizuar
farfn,shkruesi
streymoy,peeing
integrative,kubotai
throni,sinkretizimit
tepricën,fillorebibliotekënzyrën
emërtohejfakulteti,episkopëve
navata,tërbua
drejtësisëe,mchakra
taksimi,alhashimi
kërcove,adns
avanpost,kongregacionale
çellopeki,tayra
kukaj,drejtët
fleetj,sefirothit
qef,kamarierin
zozgaj,çereku
patmos,uratëve
jonzedrejtuar,armtdmi
elchin,phylloxsera
rehg,redaktimit
lithos,gruenberg
novosibirskit,cambay
lauterbourg,mobileri
uqërish,giamatti
ramayana,pansllave
shqipënisë,kshemma
judi,komplikohen
konjugimi,nazzjonali
eq,misamis
essay,belobërdës
shkurte,kryengritjeje
tol,luana
buttresses,gbekli
nikol,restaurime
afektet,nrnberg
bijeljina,etien
smirnë,dohas
bukurise,istogu
raya,prapaskena
madrigale,perënditje
lazari,rreshter
libertarianekonservatore,përtkthente
rradhitjen,mërgata
korrespodent,çezaresë
cezar,fshatittë
peristaltika,patrullimet
sunnite,carës
soave,kapëse
barnyi,kiklop
pb,perkunas
scythica,rindertimeve
mbijetues,ushtaretë
basketbollist,përkujtesë
gafore,emisjon
kirka,kupolën
peloponezi,fjalia
qendorre,kno
landsdoun,divjaci
denatyrimi,crusade
entuziazëmi,akrovjan
diferenciali,mavrovsko
adelardo,champigneulsurvence
granda,ogden
merjemjës,bretoni
derëtarë,sintezen
vanxian,shtajere
lëndim,qërshor
ripushtimin,njëshkoll
polidinastet,njezeri
vulcanit,identifikonte
lausanneouchy,asoinducals
hooke,paqën
komisariate,meristemave
ndrenika,risinë
ritregon,stufs
ternavci,pengim
centrum,shumëpjesëshe
xhelatinoze,gjatesor
zinatov,proliferative
sferikë,ferromagnetikë
palangas,hachi
xhashua,mendimtarit
virtytesh,propozimit
diftongu,bizantinoromanik
flaubert,punxhabit
enigmën,larossa
migrantëve,fonz
mosrritja,gorgeous
moratoriumit,llumin
mjeshterine,leonid
pathirakalai,psamoterapia
civili,artemiden
iranianët,hobin
elateia,ldp
balearike,lokalizuan
nexhdin,kompiutri
unbroken,gjoli
mërgojnë,todevska
rudradama,rrethimeve
aushvitz,chakrave
eleftheropolit,melanizëm
ripërsëritjen,barley
firencia,okulska
shalët,hyzoti
konversioni,kambanore
burnbank,eremit
torturuese,antiterroriste
varjon,meaning
diafragmë,fiera
kapitujsh,dobërgur
politikeushtarake,zoinks
endeshin,ethnonational
testing,darkonim
jasminerjasemina,basenet
acton,romancave
idolet,qumshtit
meganchynchos,komperatori
mbetnin,shkaktuer
konstruktimet,tridentit
publikepolitikëinstitucionale,kampanje
gattusos,ultravox
tupani,proteinedhe
unal,transferi
pbxs,andriantas
telajon,punkut
ermin,refugjatet
bisedova,sikleti
dominicus,repriza
hayes,dalla
parampujya,ladkhanit
parapallava,siperpermendur
shijonin,gatimeve
truallishteve,kundërtive
moralofetare,fundoset
ekambika,submesdhetare
helmsley,spenceri
zojzi,kuj
teropodit,zigurati
oer,nobun
individualizmit,pashmangshmëria
tartuja,furnizojë
shefshet,dranazhimi
pagliacci,catecholamines
tokarianishtja,kozmogonisë
volorës,mbylle
myftinive,sauropodët
hiperventilimit,tretjessistemi
capesterredemariegalante,tarhan
indifferent,kremësimit
zhdërvjelltësisë,mrekullushem
dekorimeve,stipçeviç
selektuar,ylljet
segui,platinës
ludëig,heralkliu
ardoksan,rishkruajtën
abljaku,korinin
dërgoni,antikombëtarë
torture,mytyl
sansoni,fagocitozën
rajaraja,kidman
anadrini,ebën
havzi,dorzoi
raptor,metropoli
kuptueshëm,marlne
percolli,kevlar
alubarna,fokeasve
kc,percaktimi
mortimer,klimatologjisë
gorgan,ekscentrike
fshijnë,multivalent
vendvarrime,matrakut
kambanës,maratonave
ngjalës,superpërcjellës
romanticizmi,sinfonisë
merzia,perkujtohet
përkulshmërisë,mëmbrana
kacakë,gratia
jugoslavica,ëndërrimtar
identiteteve,orochit
fonemash,kasablanka
pejzashit,ungjij
greshiciotet,postim
absorbuan,ndezje
aureliani,njësh
carola,superdrive
dedicated,herëdokur
shabanaj,niseshteja
kukumit,acidic
stadionet,dhoje
sponsorizojë,arrogante
transplantuar,departizimin
stoji,ushtërinë
kosoavarë,asociimin
adezivja,dajt
regjionalizuar,zadem
eltville,alttico
interioreve,mosbesimin
agou,euroligës
bhoo,moskokëçarjes
kaluam,seiki
nishanit,peliut
calmund,budara
banoi,vegjëlinë
helenizimit,soiciro
konceptualdatabaza,sokotos
rrezegjets,hedhi
lirio,forumin
anetarët,ndergjegjshem
momotar,bahçe
solistike,usurpadora
dridheshin,ancilla
ritualisht,aerotolerante
elizabetë,telangana
dottrens,arkham
olosson,alfonsit
sidnie,hoxhiqi
eladhim,hirzer
albon,jankoviq
spesh,pikëtakimin
totalforsvaret,tanzanians
marsprillit,mjeshterve
boedeker,nie
leipziger,vëzhdriu
shirak,zbuloni
piaui,merrshin
vrtetohet,nënçelësave
euphrosyne,vriddhaditya
bshku,chaos
bodhikonda,sampas
kontenë,topaz
ndërtue,kyçë
trixin,skenaristit
ehaji,saiz
amidonin,padrenazhuara
dinglit,kosovalisë
efektivë,korrespondencave
camaro,babanacësh
llahutës,epidemiologe
ioniane,mihane
antidisciplinare,granulomat
pashënuar,librashitës
pakonkurruar,fuqise
smak,indiferente
profesione,amballazhon
kartmaksimume,fiseos
konsticionale,pixave
vektorësh,përpunime
postpesimistëve,trasmiter
karakolli,cytnin
turturon,naxhdit
dëbojmë,kumullanimbusi
goddard,makroekonomia
fats,improvizimit
bluzat,kakistokraci
telenorba,vushtrrit
bellis,glukozën
ashleyn,trofeo
pasardhje,virgil
tharme,vampli
forensic,mbikqyrë
mordohaj,integristëve
albulena,aasen
chidambara,mostre
hadean,madrigalet
skelës,ofm
tendosia,miloona
shirokae,laërti
gjethërënëse,mizori
nxirë,basketin
buzzatit,aerosoli
teutaia,sedimentet
agrixhentos,truk
viçisht,nilathingal
government,aviodrejtuesi
karatenë,emërtesën
vertetue,shumëllojshëm
strukjen,goshincë
mshp,megapixel
orëqendrimit,bisau
rivesaltes,separatizmit
refleksion,neuroimaging
minir,bernanke
borgjezesh,zharrnec
vetëqëndrueshme,konferencen
dardanes,moratti
mbledjet,gjalleron
bashkaktruar,xhemijetitpor
quote,pafuqie
jopelqime,zenelaj
allanche,sopë
sërishëm,unçjsë
burkoni,ashikaga
lobachevsky,evarist
flër,shperndarjen
amerikanen,rrezikohej
shanzhao,bombei
pylltarise,destination
httpalpa,shqipëriuells
doksat,harkemase
murditoreve,rikombinimin
dafës,hyjlindëses
florentin,ribashkohen
colliding,eocene
jahanin,bhimit
pesëkëndëshe,svein
beigbeder,presleyn
korrispondencëdisa,stepanbregu
takhat,çarshia
diplomuese,ekstensivisht
gjysëmarsimore,seller
badme,pph
kasnecave,përqafime
rankovici,aarabe
contemplative,gjygjtari
njëgungaçe,isport
vrionin,nimel
cast,ngurtësinë
lyneburgianë,meridianëve
përditësimin,kryemurgu
jau,informmacione
minita,përgjithesisht
ric,intersticiale
thenë,tayuya
gode,rpublique
gjenësi,complex
cilatdo,liçenca
urinonin,pritshmërive
etikes,begrac
himalajan,iures
izz,photography
ripunim,konstantinit
prenda,abukirit
njëmendtë,prostati
kërcënimi,heilio
happel,muns
burushaskit,zvarritnin
lekajve,linformatique
clint,debatoi
kureshti,ashakun
korpuseve,begi
merdevije,kainuu
marsel,albertini
ngratë,gangsterëve
standarddefinition,vejusha
nenkuptojm,marrëdhënjen
orl,përkthimnin
ajdesios,këpuca
opajë,caicos
lutu,vehtes
sken,endja
njiher,krokodil
polk,odisse
skoefotinës,yrek
paskrupullta,melosit
kyushu,teatrinzihni
rizgjoi,gjejm
oqanin,kampingut
ligjeratash,hipodromi
proporcionalë,riallokon
shtizave,plashet
groves,narracioni
difraksionale,gest
neçertanje,centimetrash
colchester,idhtarët
përgjigjjet,tibullus
metaforën,aksë
zeron,elxhudari
adoloshentët,acaroni
plagioklazës,antalia
karbalan,shancë
këlni,molliq
mishngrënësit,pësoji
oscilimet,paradiso
tarim,shoqnore
gajrep,nuristan
reklamime,folger
vizualizuar,çoboja
trarët,rakaj
kosovarja,dorëlëshuar
rrëfyesin,bund
lakoret,erefilm
rithithjen,ndjerëve
caranjue,gjeofizikë
hermanas,truna
ranc,telefonia
rrëmenj,burgraviatëve
oaszat,marianën
trashendentiste,nenkuptonte
dsl,argetoheni
abdurahmane,kasia
togun,nabukadnezarit
ingaurues,shahbaz
akortit,urauffhrung
pomogi,pranverëclip
ilinois,stavka
sukse,djegjen
gadagu,kollaresh
tipologjik,zezave
terzinjve,guj
ibadite,ngurtamerkuriveneratoka
rules,ifiklaut
fessan,mbikqyret
kompjuteret,vazhdue
komunikore,lakmohem
fletçer,goalscorers
feindlichen,psse
smederevë,urakes
keratokonit,ndërlikimit
shavit,zierborte
kremrave,darinën
drenazhimi,republikanët
prisha,ekstrakti
odo,graafschap
polipeptidik,përkitur
neurotoxic,guaskash
arpadët,prstgatan
kadikoy,chin
cerrcë,platt
songeons,shumëqelizorë
hieroglife,mosekzistenca
collaborations,zëvëndësi
pepla,tiroidja
barokuizmi,vendohet
hungarezeve,konsolidojnë
mutu,jovdekjeprurëse
intervistonte,tretshem
dhimsesh,bashkangjitemi
frankones,koçën
shpirtar,elbrus
vendngjarja,pashalli
eiximenisit,rueda
pish,orsmasë
neodeontologjik,luftëtarit
simbolizmat,nemo
kolstvo,koreografet
horologjike,petrolit
garuesve,rebbeca
sungook,lilën
okoëita,mëlqia
abdiraimi,masjidijanmasthan
novaeguineae,meql
musafirëve,vitalizmit
apprentice,hektari
figg,shikueshmërisë
redaktua,parlak
bucov,empty
alhanadevi,specialisteve
isaksson,claflins
dyma,mathan
prophetarum,atelektazë
fengshui,shijonte
panjë,veksilologjike
valdorfian,ekspansivë
kembengules,misjonit
esencës,hulumtonin
njëzetenjë,armiqesi
kardoviq,ladislas
iloj,bhajanashram
posedonin,mbrojtjën
mercerie,merchant
kalove,aviator
rejespablo,symposium
perchiu,takada
shuvar,essiddik
fuller,datohen
konditat,sinodeve
vranidoll,percaktua
muttahida,yakshinëve
kumbullat,niqah
koorporatave,dukshmë
alejandron,prezidencës
palloi,gjarpërishtes
hebraishte,flloko
vartësia,zanafille
lëvizuar,touria
miktex,vap
aplikme,venizellos
marte,përmortshëm
lemin,interfejsin
përallave,carrier
kolet,anastatik
uebfaqjes,epa
rrafshë,ramadanin
myslimanizmi,rikuperohej
lombok,matesich
keltë,mcc
bimëveku,beth
ringritur,enzesfeld
atestuar,shizunenndihmësen
miskolc,poligonit
korrespondimit,lutjeje
kercnuar,dejes
konduktor,shandorën
nënkëshilli,limboi
paraqitit,kenges
sakut,geografski
compostela,rezikut
mrekullua,zakonoree
etnodemografik,fenrir
dridhi,ndihmohenë
fundështinë,bhagurayana
jutkeviç,azzurri
pikëtakimeve,keratolytic
sadie,pervizin
tidning,clintoni
metalhead,vellard
organizojne,nënçmuan
pindari,phalacrocorax
karrisi,divertikulet
dilemash,vetemërim
amkar,perendimin
klimat,comics
kastrinë,xeherorë
antitoksik,kolekcionet
balzaku,kekut
urimeve,birësojnë
xhel,fryra
tabuja,flevance
fanpage,henrich
doru,folesit
gjoba,llullin
ivanka,madhen
çmend,brennia
chavin,majora
këshillor,moçëm
fd,ipeshqevi
dux,makrombetjeve
hoju,ketrat
shantoja,cirkusi
nonaj,chiccarelli
logisym,defensa
turah,jetat
ndihmes,thonji
nivisht,skizmës
noumenal,konsumizmit
zhvilluarsi,shëmbit
fletëgjere,domingos
balotazhku,hidrofile
alivanosje,fora
tactin,qilin
urra,hipoferemia
gjush,diamare
paamplifikuara,telefonatën
avangard,lipjani
kombëtareje,cantece
ajakid,koqë
binotata,shoqerohet
skemënë,uesli
perqendruara,diskredituar
ndalje,meditonin
tranzicionet,padronë
betimeve,vittorio
airline,evoluues
diakonikoni,refleks
konsiderohenkazakëttatarëtukrainasitbalokëtpashtunëtarmenët,tridhjetetre
jrgeni,tottenhamit
bleuler,yamadori
dioqezën,saintsauveurlevicomte
hulumtuara,lingave
simbirsk,letrari
trakeidët,dorzan
linguistika,printon
udhtrojnë,hamlet
sikrit,ujëderdhjet
justifikohet,demetrin
semaforeve,mbiajër
joserbe,kohezionit
përndjekurish,shqipërialbania
dracenicen,hahle
konareja,grekobizantin
nikollaj,vështrime
leoplod,selected
boltonin,juridikoorganizativ
monserratin,henrikun
pavarrosur,signori
grdony,torturua
konvokon,naiviteti
fejmani,lippebiesterfeld
këshilloj,benedektinës
alessandrisë,marule
asyu,kurgjo
antitezë,pergjerohet
njehëssimin,ampikionidae
profitablie,reverie
kuzhinierit,riorganizuarduke
dose,çfarëdolloj
aktivetetet,nishada
reichsmarks,devathave
grue,abbasit
teindre,albanezilor
scattering,malti
adreses,pikëkalimi
shnderronte,trulinos
juniorët,povrine
axha,monokël
overlook,vëllëzërve
pdt,gjysmëperçuesefig
viteshin,gangapuri
idiot,kombëtareve
rrëmbyese,lejuara
affholder,mëkëmbësit
banjotoxhaqet,slita
bollingen,ruhrkohle
bashkëshorteve,tifozi
eshalonë,bronkiti
coronation,veçorie
confessor,pagëzova
noe,guraleca
pickon,tempestsd
çertifikimeve,nënvlerësuar
balldrin,makeup
ndërprehet,nikoliç
qarkulluan,proegjiptian
lotë,vajrat
kolihida,sunderlandit
shëbimeve,divulges
musonit,miclass
kazimain,indoor
përmirë,tretiluftëtarët
tadeusz,hiero
kiruthigai,aron
sanjisht,aktualitetet
ukpator,vitor
sikhotealin,indishten
spjegon,syrealistike
jomyslimanë,velipoja
çocuklar,intimohigjenik
inshaallah,jaz
konfesioni,ljshs
anette,shtatëdhjetëvjeçare
azotitndreqim,mangustave
gjysmëfinal,signor
dumbrveni,balonës
koordinua,dachi
xjkennedy,salmonela
amshueshme,albanëve
riparimet,nënrrogoztë
dizajnua,stilos
prononcuan,hazizaj
antisocial,shafqë
variacioneve,ashtuqë
dragonin,bashkëredaktuar
madala,respektueshme
beatlesat,kma
boot,kontraforte
ndroj,ballafaqimi
halaf,aparature
punoni,sdihet
minikoncertesh,nostës
narayan,grekoitaliane
gjovin,faljeve
trashegoj,tripolis
origi,hieroglifikë
dallosh,zhukovit
lanun,marlyleroi
hoshi,udhetojne
kristianët,thjeshtojnë
drali,linguistin
tisch,heintze
përmirësimeve,amandine
abstraktna,qarllsit
independncia,psaçërisht
zbërthyeshëm,amp
cersobleptesit,tretësirat
spikamën,seështë
narva,taksash
vuirusi,thurje
borobudur,tubingenit
tatesh,fotovoltaik
atospërbën,stajet
mntsrsë,shenjtësise
klepto,merlikës
studied,marrëzish
stanaj,shqiptarëtte
ulozi,keraunos
mushkonja,taxhikishtja
blarer,kapakë
barbarie,jonxha
vehib,cevit
achtung,trekrerësha
dipolët,prajshëm
hailes,dekomisionimin
zhigi,ambas
zbehin,shënjtoreve
anasaldo,klmn
hambari,eufemizëm
brooklin,musamman
shënjuan,importuese
pejgamberin,kreig
xhirosh,maranzanon
zanafillës,ishkoloni
vrteta,rakitizmi
depozitohet,camera
ekzekutorë,hiba
marrdhënie,alehji
turkmenistanin,komisionarët
varahas,lamashit
tavrasin,metohu
dellëzim,aes
simens,shpërdoruar
tranzitet,chebrolu
lëmenjtë,annifrid
anma,bretkocke
peshkopatën,otakar
abbasid,madelaine
programinpor,jendet
diskutoni,anteskismok
fushaten,tranjnimin
gjahtare,sdermalm
ofiçinën,përshkruajti
koxhaxhikut,kandidoi
tarros,posaçshme
ngareksave,lagunë
pjestaret,fiziolog
bpsh,recursion
frymorë,shthurëse
vizitohen,karvanët
milicësh,ruejti
jetueshëm,sundimtares
karamahmud,nënjë
gilead,kristoforit
vokali,vlorasaranda
voleendam,vishvabahukas
konvergon,alvarando
limon,yeniçeri
goleasca,guiskardi
avdullai,frymësasi
fjalësit,gjeniun
obsesionin,asplund
përquesve,tregtohej
spirës,njëvjecar
zhgënjye,rolleti
idijshmi,kavaleti
ekzistuara,rhadamantusin
rushaslikej,luna
indikohet,dobie
stërpikave,nikovit
zymeritademi,landsteiner
masturbimin,njejtave
assunta,vëmendshën
starjes,nuiqsut
kërkuesja,rrashidit
lashtave,stankovi
ataherë,lëpushës
kryevepre,batutës
borshit,glod
msm,arstorë
mbathnin,untitled
rennet,dajte
stadelindjazhvillimi,viktorija
paragjykimi,mekkanase
mirëkuptuar,qmua
anxhelën,bnrn
villalonga,ansano
vandervoort,përshkraj
zhenping,memi
humbolltin,ncbi
cuied,prezntimi
konvertoheshin,teoricienit
qytetërues,muza
legjione,grazhdanik
hidroperokside,toscana
pabhosa,blastocitet
laciale,qcif
frengjishte,pesimizmi
gryffindori,rebeca
restart,imagjinoi
pllakëprocesor,fork
skifosat,tlyen
këmbsorisë,blus
osmaneserb,vështrimi
billboardlistan,marrajeni
thorit,matësin
monografist,bhrigu
bouffignereux,nyjëtim
lëndet,ontariome
liberalizëm,përfundi
jago,meningjet
cuk,femijes
buzëqeshjeve,konstruktura
bubbling,macris
damyan,komandor
peverel,molusqeve
printimeve,kuje
spondiliatroza,jahve
konstituohej,teilletargenty
revokuara,rothe
soporto,seleksioni
amplifikohet,schlechtendal
aramayis,gjakoven
ripërcaktimi,geninmadje
vërrin,fshatarësia
frenim,shfaqni
ranoji,instruksione
dtsh,manualet
ayodhyas,stabilizuese
sanctuary,previsë
andejkëndej,selvaggi
kompetence,diltiazemi
bkh,klaxons
hamzën,hidrologjikë
mamëz,çesantik
purnimas,lartësite
enteroskopinë,hoxhaiste
complementary,cellën
martino,veq
nevland,surveymonkey
gepids,aleix
barilan,formulon
poliesteret,skullcandy
drynin,pjerrtas
konzertmeister,puthe
vetqeverisjen,mbretbërësit
nikumbhas,vetanë
profesorve,kamma
enriched,shkurtoj
treakte,latinizua
ektive,ujmishtit
shpuese,angloamerikanët
shpërthej,redeveloped
zhytej,kasetat
gjarpërinjt,gjatëveçanërisht
mestres,kristodulo
vizatuarit,italikë
suport,jeromurgu
polakeçifute,svetamabara
selenodont,koplikej
çekanët,vfb
ishvasalët,gojezat
neuvilleauxbois,pasiguri
boutrosghali,nica
supërkontrolluara,sdra
kilometrave,tatuazhe
sendit,muftinitë
beliçica,schrderdevrient
ardhuri,ofioliteve
rusishteskengetare,janarqershor
karbonçin,avokatinë
buas,përgjigjët
akostimit,integroi
economist,kryepriftërore
tjerasi,ignashevich
klasen,lavërtarët
emba,okrug
aljazayra,piperi
obezët,maksimizimin
intenzitetin,serviren
hajdarit,aparturat
perceptime,mikrobik
mattersështjet,gjiku
decorative,konvulsiv
merinizim,tragjikomizmit
oqeaninë,chinjusha
raxhait,grindjeve
makbethit,subvencion
thuja,kristalizimit
çeçenëve,presian
boshllëqet,abdlhak
portus,çti
garreton,ngushëllojë
lumenjët,auverne
taisho,xheniere
cyclotis,maradonën
cenade,nitës
tripletës,alaskës
ngushticë,manipulohen
çautsun,stuard
paçes,plutchik
hducreyi,dezinformatat
marri,hear
mjekësie,atdhedashuri
lidhejs,valente
brakti,udayagiri
thylakoids,edukojnë
indiferencën,rexhebi
bukurisëmarsi,cortellazzo
reshitaj,rayo
përshtaste,chaturdashit
dehidratim,feriti
bozonet,masjidi
smash,tele
epahtoi,legaliteti
pseudoeklektik,euthanasias
këaj,kuislinge
aksionarësh,pësoischumacheri
vishayas,tiku
voloj,argondica
jomasonëve,strategjiks
surprizes,ablauti
macët,arrish
vouge,mikrobiologut
hapursulmuesi,citoplazmike
ekzonarteksin,mezeta
fede,dimensionit
byreku,esta
montorio,bajernin
prihet,vessel
paanshmërisë,peshkopin
shirgjit,guna
berindia,caserta
instalimeve,vargëzime
salaam,jesuitesses
albinizmi,osbe
colubrinae,paqendrueshmërisë
erfurtit,tasso
timbaland,vitantonio
posaqmetonoplast,hstorik
karoli,inatet
lans,mobilizojnë
borobojka,gjysëmkolonat
bergheim,botroresuhareka
klasin,globet
kprba,shkur
fantasia,dvizhenie
mëvonshëin,andonit
encapsulating,eritresë
ashok,ejashkove
znerim,alen
djatht,nasimit
faktorin,rikompozimin
matranga,atere
detitliqenit,venderdhjën
kënges,soditi
ech,mbrojtesi
abstraksionin,thjerra
tijm,bemse
vetull,kingut
agjendës,kurnel
lidheje,mitografinë
ndihmësen,zhapinj
lolita,masonerisë
desaad,imhotepi
napoloni,lionsit
artanë,motivua
vërës,varadarajan
manuali,pointi
izlam,kyqjen
sukaj,zino
eshet,ofelia
dreqin,dazhbog
jokonformizëm,rotori
jeronimi,monakinae
stiva,riboza
cohns,dashamirësit
natoos,mtsamboro
avokatja,çinstitucionalizimin
odonoghue,nëntempuj
livnjë,gashifshati
lekturuar,greeves
katrëmbëdhjetë,shakave
dëshimtarë,veloso
rritjese,stomakë
pafajësi,dimotkës
doti,grafie
aslan,ndijimor
ishite,oktrova
vitrina,epafroditin
pikturesk,çamërishten
sanatoriumit,angjellarëve
filiz,fundviteve
jankut,gjelberim
pseudointernacionalizmit,lepus
brigades,farkëtore
vëmëndjet,tisa
orvaten,dezertorë
getoar,riorientojnë
laugesht,bekeri
aries,përrenjsh
kalërues,ambalazhi
problema,ordinohej
diference,kisinau
vvvvenlo,elamitët
stivenson,stanjacioni
kasollë,revoltes
arbërorëve,ramcharitmanas
kuesturës,halikondas
miofibrileve,bign
rashford,fregatë
gjëma,qytetez
karroceri,diktohen
olfaktore,kufanet
bess,panje
gjurkocmuzeqinëkoshare,verzy
këmishe,protoshqipes
minatorit,verhoeven
zaret,pbjsë
kuote,sharosh
jared,kyo
farian,kpetdag
besi,mangjollit
anglomaratha,frodo
përqafimit,dezoksiriboza
kazakë,mullarin
lastar,militantit
dulm,sabatoc
vukoçincë,udhëtuam
profesoreshën,fronds
humbës,reinforcohet
skeptikët,indeksave
slengut,vrasëset
mapimi,rigjenerues
golldsdtin,paradisec
piedestalin,sundimtare
tzotit,tijme
nikolliqin,shkatërimit
keqinterpretim,anning
safavide,filtrohet
iluminon,tullus
pretenduesi,njerëzorja
ejrihu,guifei
lugines,aeakomiteti
xirimia,piroklastik
shkruajmë,grubach
praqet,kosideronin
përgjakën,tsv
shkumësi,bankieret
takikardi,xviiperkufizimi
publikoheshin,congress
keqpërdoreshin,nikodemitë
ricosit,cevin
bindjes,avudaiyari
frangëve,karabinierve
lionelit,absolventë
ramateertham,semimaturantët
dunav,kotromaniq
instrukcion,përhirta
pushojn,philby
hanumadisvara,chaz
monounsaturated,zhapës
dyfishore,conjeevaram
kikirikëve,knnen
shenjasimbole,kosovëpakistanë
imap,shimodës
seriphos,djait
okupasjoneve,breaking
fxdx,amfibeve
mpirjen,monodon
qik,përdoruesish
klorofile,annas
akkulnaja,couvronetaumencourt
gjandarrmaris,japigët
helikobakter,penutian
anglian,vakuumet
kollori,dukas
kapsuluara,kompozita
procesuara,koniunktural
hartri,janville
almustalit,mnprr
fllop,krtegn
djegshme,buldan
shumëkëndëshi,dynjaja
mogulë,irvington
muzak,filozofikgrupi
qabala,celësit
alfia,porosie
rooseveltit,sanjak
fin,përgjigjeje
psikolinguistika,uddin
shqiptoi,gonardan
nambigalit,perafersive
tangiers,lajthisë
svircë,superyll
qemerit,furishëm
serpens,lucio
amendoi,francolor
ndokund,dinamën
epilorit,neuenfelde
zahumlje,tupallen
tirthankara,efektiviteti
shpataveluftuese,allstars
xhoxhi,bogët
yunus,albedo
ancira,kusha
mahadevës,kaptinat
rapunzel,kazinonën
filaja,galatasarajit
teopolis,qorr
petitero,topilla
miksazhit,skarës
elva,kusa
leidenschaft,breech
vakufeve,sofian
instrumentash,teleskopin
ekskursioni,atlantico
xtravaganza,hf
garderobën,amnistoheshin
samoniva,mayavin
historikokritik,grotit
bademe,kuponin
rastësia,evokohet
jupajt,stjepana
vinyoles,durrësimikpritësi
tregtuan,merion
sapogneetfeuchres,internoi
stella,dopaminën
vincly,tassos
dikromatike,manselit
autobusi,demaliaj
noise,apostatëve
përqëndrime,bihali
impresionuan,koniunkturale
modin,zoopalanktoni
ivanova,gippert
kryenegociatorit,nidai
krosi,alaram
babunjës,brestovci
aplaudua,ligament
kkpkja,maharashtianë
shtans,azemiesat
çlirohen,religjionin
tumorin,aksesohen
beureueh,përçahej
stoikëve,gocoliu
killerat,vilajetli
fortën,drejtoresh
ssci,porsathemeluarit
koske,steinemlindur
eustahi,dhënavee
prescott,regjentin
eljko,postpositional
gup,gjeas
slloga,crdit
ndhodhen,gervasi
psikopatologjike,përzihej
njëqindës,muqaku
movila,pigmenteve
kullishte,fushëgropat
vempritarive,byzas
uckse,nilufer
qoshen,malesorit
shpresonit,gaebel
zemre,buglione
kënaqësie,kolonizohej
hubaniq,patologjik
blleklist,skizofreninë
refuzoje,shpervjela
peshkaqenin,bibloteka
sahm,kakavies
mathju,ababa
sensat,trafikantët
shfalosur,ngrëna
hordhi,hendrik
këpurdhapo,iniciua
mikrokrahinës,turbulencat
pjeseerisht,grykderdhja
murder,infektim
vleresohet,chilmark
anadolu,barzanisë
asheri,trembelat
utharayana,superettan
marinos,heroinën
ultraportable,vorre
gjelbërimi,simptomeve
encore,banderolave
kuraizat,contafili
lignythilloy,vrazhdësinë
frizash,liuzzi
snajperit,amidos
ksfshdco,shndërruam
inkorporuara,olim
regresionit,intrnet
milisav,ngadalëshme
kandaharit,profetja
pëmban,olofsson
ilazin,kronistë
aditya,najin
driblues,mesxhidi
sharkie,pindarit
romaku,asad
observatoriumi,krehër
tërbuni,gjojm
gallant,favre
mammals,mikroskopisë
fhatit,angelsachseve
transmetueshmëria,plumed
blainville,pushues
hobart,caritas
kengës,penestët
riprodhohet,keqtrajtim
jomadhore,violonçelit
dizanjin,videl
elimir,adisthanas
kajros,pazëvendësueshem
ussi,brohorit
cekëtgënjyer,ulysess
adal,skuptohet
vipin,fshatarësinë
civilet,aranc
mahajanapada,vaasa
vajosur,kalorësiak
keynesian,trishtresore
bolivariane,judeoespanyol
ihsan,mekes
gllogovicën,firdez
mbarua,ommal
hamidi,pajës
polianjonike,propilparabeni
permi,tranfertë
hibali,freiherr
dashashvamedha,rethues
veçorit,novos
regard,shkatrrojnë
idrottsfrening,devijojnë
neoliberale,beqarja
saintjeandemonts,papadhat
bojana,shemsiajt
nderlidhet,oksymoron
epidavros,kuzani
titova,vëtëm
madhërija,gojbulë
galera,regjin
ruajten,mossad
telefonikë,gjirot
intramuros,bashkësunduese
kontrollime,allied
pasurë,kavitetet
heladë,albano
ligamente,boshatisjen
srivijayan,ambjente
saibene,kongregacionet
brotvernet,drejtuesist
isaak,dons
jemeni,mamertinët
zhelinë,eczacibasi
datojn,spriggan
agargjak,kërcore
kallams,njëdimensional
eepromet,peshengriteses
bobi,quarton
dorësh,qetesues
janmashtami,tupallë
mallorca,justifikon
bananes,ligësisë
mein,jonesh
ortakëve,yoon
dll,kokonozit
krematoriumi,tami
vauclin,modanatura
boshnjaku,takuam
navaranga,trombocitet
rrapushi,dehës
spiunonte,pustoshillovë
lirikë,vendtakime
udinesen,siriake
anterlativa,riqarkullimit
cyti,hyjnuar
rhettin,kapos
concord,vanautusë
sector,gladiators
fejziqi,jetesen
pirraj,diktohet
reports,regresivë
jëllmazit,marshi
sodra,yeatsi
qellimeve,veterinerë
comitia,beispiel
nënhimalajan,rajanë
këmbëngulur,prk
kryyesore,prerogativave
përcillej,dhjamore
eksudat,bruçajt
gjuetargatherers,rikualifikimit
bllokues,paraqiturmatja
kolegjial,ferihegy
dëndesija,raprezaljeve
informues,italoshqiptarët
shpejtesise,steganografi
allçije,kimioterapi
golduin,tharja
kanibalë,potterët
zagali,sponsorëve
kuinte,kilikia
titaniku,dredhura
breng,heshin
plagosurve,çezmes
quest,mbramë
bronkologji,fëmijes
shabatit,panoramën
dashurohen,konstituimin
kontrolluesit,lubajnan
vidre,processing
kapon,karboksile
veneuelën,kutizoheshin
gfighter,varferim
kihong,dajlanavet
molotovi,zhonglani
temëmën,ssamarkand
protogjeorgjiane,snorting
leviatani,thenëatë
headbangers,mejmunës
nëntensionit,bujkovci
campestra,kundërshtuara
pulmologji,nad
tirintin,muëtezil
marseli,faltret
nghyrë,rogier
mioza,fazhizmit
vaskularizimi,reformatorët
deshqiptarizuar,amber
domosdoshmërisë,inkriminuese
pashiqin,shenjtëroreve
çaushseku,bellios
ekzistenciale,dystonia
silvers,donggala
anschluss,parabola
budalliqe,banut
jnanan,mirësjelljeje
rebelizëm,elektronizimit
keqkomanduar,amullojnë
nënshtruara,rukajtoke
pauzën,privatizua
desiati,zanesville
pasqyruan,meditues
snajperi,astmë
axh,shëmbëll
chnpcdg,kryptoni
umpqua,rezistorëve
hipodrome,kisahin
shelda,pjestimin
mbledhte,fletoret
panaya,quagmire
muxhtabai,papopulluar
shemtuar,kshatriya
mononografik,dyshue
shikokuken,pentozës
cetinjën,barkerit
attendolo,kekuleut
iliochori,gjuejtë
byk,burs
nyrsklockanora,kryeshefi
shogunatit,devave
diouf,corigliano
forkiun,doktoro
glukozin,shravanabelagola
shpërblejnë,idollizojn
kreshmë,letërhyrje
apura,shëndrruan
picornaviruses,propagandohet
muhamedanëve,nohur
linosit,jiyuto
perlshet,përdorimëshe
tamilishten,bugattit
rodney,berlichingen
pakices,femijëtashtu
evakouar,pellazgeve
shenjestër,mbrëmjeje
virgjilit,qafështamës
kembimit,hajdinajt
përballo,farmacistë
gjarpërojnë,strateget
aziziyah,lustraxhi
cilëc,only
bërëbërët,shpërqëndrimin
pyesi,tyr
clarce,kannamangai
kursimeve,latifondar
vetënëse,jorn
goriziaitali,arealit
radiojuniku,konsultimve
rosarum,grumbuj
lukajve,ndihmoj
svijask,dansey
cervicë,grudën
napën,hold
rotarianëve,ëmbëlltoreshku
qelësi,bajte
mësimdhënësi,ballighai
marinko,elbena
vibrations,kodërvarresh
sokeland,porsaardhur
verlag,aparatesh
lumturon,përbindshi
kampesh,kompaktësinë
prerës,krisherizuar
programorejava,artizanatet
lagesht,rezistoreve
haxhiahmetoviq,gaboni
moxarti,qerpiç
xhirojnë,ekzekutuesve
lëkurëvë,rdsel
scrofa,zotonin
colfiorito,michelozzoja
rihapja,dcada
pter,ranorëve
falnin,ramizifetahi
kontribuesi,iovilae
sllovenisht,millet
pasatribuar,tarmiqësisë
june,afërsishtë
platform,kundërofensiva
elmuhtari,godhë
harbert,skele
edietik,avnojit
gjeostatistikës,adys
qendroret,vegsha
kriposje,tornadove
prophet,plotëfuqishmin
iputahu,bejlerbeut
cola,bobketi
unterhaching,iiidan
ett,fantazonte
përjetimesh,paprekshmëria
anthimi,kuptuam
beqirin,aventurohet
fotokopjet,djathtat
landovicë,fish
takht,gdhin
khat,kaplojn
biokarbureve,ameriakane
mishrimin,fyshekeve
asanas,lënduara
thesin,patogjenezës
shpërblimesh,maligue
kaine,cvilen
pleqësije,gjykatorja
transformuese,vellaimurthi
postimpressionists,rrotulla
rrgullishtë,ekzekutuese
qesikja,deformimit
marigo,epilepsine
kudhsit,another
ndejë,cirkumambulacionit
ivanjët,smerr
filipaj,impulsues
mbarimet,kundërtat
naciste,rregulat
pushoni,turian
sentamu,mihailo
darovitjet,shekulline
janëshqetësimi,filozofojë
shivashaktyatmika,banit
seville,aixenprovencesudouest
keisi,contencin
licensuar,tubimi
shëroi,etjnuk
materje,buçet
plotësim,mainc
introspeksioni,mofetil
sternit,humbësit
kurimeve,prejardhjet
myrtezai,dermatofitet
unejze,trajnohej
pagatuar,akesë
secoli,themën
kategorizon,kadhe
lonidas,atchison
desktopi,asfallti
ladinishten,kryu
vuçetën,familias
shtinim,anaerobia
httpsrsf,reia
uraniumit,unestate
shefaregjimi,fokinae
gjason,myslimanizmit
greshicës,lecco
essone,ejubid
shpifjeve,azhvari
këlliçi,unutmamasn
europarlamentarësh,shyqi
cambyses,katakurit
zeme,nënëshkrua
gjtësi,distribution
ethernet,semla
gurupad,villenavedornon
tatuazh,kadishani
spirancuar,brko
nënintervale,shantazhon
pacenuar,peizazhist
signaturën,steel
kaliten,feb
vatapi,rjedh
advokueset,vizir
fqinjën,jellko
assamble,gzu
shimpanzesë,izrjadnova
anata,freya
arrija,shkurtimet
kryepeshkopët,gjysmëhënën
dizajnuesve,gaurit
meritor,dhelprën
dijetrve,dolomiti
ptak,vellinge
vexillum,xiongnu
kishan,ambicje
atashua,prelën
lekosavës,fejuarës
nënfamiljet,harrijne
scodrensis,cottoni
menschenrechte,radiomoska
inteligjentin,zvoglohej
legacy,vadhje
potestas,avis
masivizua,nizamie
procesues,aerobioligjstes
zhivkov,mikroekonomisë
sinfonia,testohet
joindoevropiane,endoenergjetike
salin,rrethregjistrimit
oborresh,olympia
kristalike,përcaktorin
demaskim,biologët
vincas,xehetaria
pakuptimte,puttige
tërësishëm,dinaj
vijimësi,suedezja
morsealumni,atmagjë
dilemat,birësuesdhe
antiluftë,shitala
koreta,foshnjërreth
vorëishëmkepi,aufmuth
kolkondasit,matematikaneve
harakani,prozash
ambivalente,tillët
haumea,javaneze
mezcala,dines
xhebeli,vunone
vibrimin,asimilua
hypotheses,makedonski
toplana,imambarave
limped,kolonizatorë
orient,spikasnin
cenepa,lisimakun
apostullin,fallxhiu
codd,krahërori
binomiale,pienaar
bohmienëve,turinxhia
vrojtohet,taxhikë
ipekyolu,shumepërndjekuri
argumentat,perpiluar
dejvisit,ndrkoh
joamtar,parfumit
albtelecom,gentes
merovigjianët,sëtrupit
punëtorinë,njëtrajtshëm
lcs,johadë
lugnajës,elxhuzxhani
stambolliqi,petrokemikale
panini,difosfati
mësonim,bastes
parëpastaj,publicita
katushnicë,antifederalistëve
nmmmënyra,saintmarcelenmarcillat
aladil,deidameia
shumëvëllimësh,essebilli
antropomorfizmat,kompresojmë
bashar,tonën
pja,dyqanshkolla
zhburrnue,hibridizimit
priroritare,noraville
mbaronë,gjthësesi
qytezavekështjellë,arshit
endoglossic,kripalu
nautical,skenaristët
kaundi,buçpapaj
shpejtojmë,konciz
besalu,poirier
icy,çair
shoqerohej,meritmut
nderteses,këmbetme
copëtoi,leonardon
tradicionaleqilimave,nukleoid
ripërtypëse,lgalit
fleury,arcadius
aftësimin,gërvallëës
antikatalanase,virtembergut
halvetii,xiiiti
ilirija,rolan
shqipria,hahamogna
capparis,spectrum
kulaçin,insektengrënëse
belyuen,uttarayanamit
radovan,ametller
troshanit,orectolobiformes
gedeshi,boden
madhesise,suabianët
kretomikene,ortogonale
jenciklopediya,origem
poliklinikë,begaton
pjesëtuar,terronsuraisne
zhivë,dogana
jeshilë,cunninghum
catalonia,lypje
elefantin,rishërimi
zarbonit,vinnagar
merkantilizmit,portalit
sushak,rntgenograms
dritartet,binemma
sarfaraz,novgorod
fragmentohen,bashkir
ekzistuaraperfshire,ariostos
dërrase,jemenë
buçiste,blanzylsfismes
nenave,luftuat
georgiev,fatorinove
muzeumi,frigosh
gotën,viskontit
molecular,valetta
psikoanalitike,halebidu
iset,kolektiviste
imtat,gjestin
shpenzoni,mann
dbmsdatabase,hon
colchicum,rregullatorëve
boxerit,trevor
tallusore,maldiveve
mbrapshtës,components
ppe,pukan
algarve,jekaterinburg
simbolikes,thënave
tironçja,xhavabi
elben,miqësohet
bakufu,xhabarit
dimrim,diodën
çajupin,vanderhoek
zhouzhuanin,fabaceae
culul,kujtohej
pikturohet,cyclophosphamid
rza,pioner
murtajë,balluke
shpelles,audax
ushtaresh,villefagnan
osmanopersiane,domgjon
vishaya,shërbesave
morfofuksionale,cenrtum
biomolekulare,rikrijimin
dijetarin,apuleio
nenshkroi,avicenes
loss,bukure
heshtin,bashkime
myftisë,kevitan
rronin,mashtroheshin
marconis,bixente
coulthard,kasketës
valësjellësit,tempera
përulet,ngurtësuar
trinia,chaturdasit
olti,benzvi
abosede,rjeti
detajin,numërueshme
beguiristain,minoxi
shao,rrëmben
shkurtajn,vaughans
vikos,letërs
ngjeshim,promonarkik
gaziantep,vetëanalizë
kroatizua,robërinë
profdr,placeboja
fossli,kafshet
ambientalistëve,fshatarësh
mollet,baptisteri
vështir,alexisit
perfshihen,reshtin
bujnë,krishnadevaraya
muassel,matematicient
resul,sultana
cipon,juvisysurorge
nszz,reliefi
semiaquatik,poucet
hangari,imazheria
ungjillëzoi,përforcohen
nevliani,qehajiq
selection,gata
kulturoreargëtuese,mësuesis
caresse,zënça
takako,shqetësohen
japia,mishavinës
argolidës,përtëriu
duartrokitur,authority
cirkumferenca,pagohet
pashket,konkrecione
vënin,fletorë
fideles,leko
filipoviqin,retinë
mbisundues,lgbtiq
zzahmet,shkaqesh
funksionojneeshte,croce
spërdredhje,mameha
abaside,trengjyrëshi
nuhatja,hekuranës
deuce,margaritarëve
dfl,mbyten
ndëraleate,stadi
thiruooragami,teknikolitologjik
vezhgim,benjamn
rishfaqja,perpjestim
qytetkopësht,arkeoastronomisë
ruajta,maçokun
lajkave,gurëzim
drapka,përbashkta
bombyx,koagulimi
phalera,krijonë
nouvionenthirache,dumje
belserion,alvida
palloilijat,iriqin
darulmualimin,ibad
protoplazmatike,gatishmëria
transformuan,kënetave
dardanekamenice,laringutpërbëhet
ozurmishtë,polemikëss
veriorefinlanda,nënsaharjane
sibilave,karantinës
sal,popullojnë
kaspikë,vedavathi
petëzat,coronellit
euarçontoglires,borxhli
shpërnguljet,tavil
detajoi,reketet
hilë,djelmnisë
kqyre,mbishkrimor
orienton,proprioceptiv
frankfurtit,stolisnin
linguistico,aplikoni
fekal,potencon
toshi,pjestari
crmpotani,bakajt
mangrol,falsifikimet
sakat,furat
kassave,fatali
mirënjohurit,shmangie
geogel,planimetritë
khorakhane,fuball
parullat,bymehen
recenoga,jugpërendim
laptop,keraunophobia
arzhentëilit,bukeburg
millmanit,leia
gosho,gradus
inoks,mangaloda
dyndjeje,sharxhi
shadolluve,sigurueme
regjizurës,fshehtën
obor,kagijin
pavarësiosë,bardbardh
cln,preparatori
kritikosh,vëzhkimet
strehohëj,transportuesa
siguar,licinius
shtembari,kozhikode
banoheshin,plecotus
përmbysë,ndocej
luj,belevedere
golla,serverëve
baldoskuqit,numizmatika
elektrodinamikës,reprofotografi
lëndinës,ricchi
zihej,citypark
insertuara,emeruar
shqisoregjestule,ndihmesës
dautenj,perhapja
gjeomorfologjik,amplifikojmë
artistet,mlanje
jacicës,shëndëllia
colas,demolua
bertrando,ekonometria
uindsorit,scutari
hekurosjes,ndeshejs
klinger,presëse
eksimer,groenlandë
hemolizës,mnek
mantari,trembita
shaipi,gjonçën
sla,bazukë
rrno,fiorentinëve
qmf,samsonov
asllanbejtë,emëronte
lihtenshtejnit,liguria
berkovitsën,dugmës
saktësishtë,monistkomunist
diritti,kristelia
kahore,diyorum
ujiteshin,depolarizimit
udit,sainteanne
shkarkohej,aprovimit
mesazhinë,llozhës
kuch,bultaco
labov,autorial
minvu,perak
eton,neuronal
imitua,mekanzima
voltën,gropëvarrin
gjysmëmotra,doruntina
neurotizmin,nefs
disfavorizuara,karaokja
pengemarrjes,agam
taumantin,arogantë
bujtur,trapezi
persistente,luaneshe
ministrash,toje
atele,kolltuqe
imponimit,funksionuan
pejsazhittë,quajne
vidan,grindelvaldi
protoilire,mercenar
perdoringjithashtu,kolonjegjirokaster
kulloste,font
heliox,alltunit
malakka,brisku
cobb,katapultuar
avari,bakteriologjik
vajtojë,aristogoras
oquendo,intl
kompenzim,gilly
australine,procedural
kazakëve,lavra
ekoregjione,çmendurve
fretum,varnado
protovestiar,romakobizantine
trija,ekoturizmi
polimidit,chambonfeugerolles
neuron,rahmiu
clovis,taksen
folkloreve,durrësqafë
brcybrires,synergji
përshkim,paisit
razie,jogusllav
dyluftimi,frankfurtitnë
pesëshen,ngritmbi
bashkëudhëtare,feudalet
nënkategori,fric
sainttiennelesorgues,brohoritjeve
ndërvarësitë,ditriksit
demostratat,precipitimit
azzahir,amratiane
tanina,nieri
petite,donim
facekook,etipik
lepenicadha,lizosomet
garashaninit,thaddeus
uçpmbsë,peronal
udhëheqi,chevnement
althoff,trusnia
eitim,lulëtaria
trierit,blackent
pkrishtit,glun
palmistikën,codec
antiballisticmisslesystem,kompresioninormalemirë
udhëhequara,stormzy
imigrimit,shumëshumë
vicsurcre,isignylebuat
himariote,zdanskyi
vingt,neeson
kralit,sociologët
holandezbelggjerman,tregoje
perparje,ventotenes
konsistencë,elensari
bajazid,shtonin
kufizoi,parvataka
modifikatorë,manovrash
kevendishit,shkruajtem
eldfell,lgion
nënrendi,çeshmja
aangut,vijëza
agroteknik,angles
qasemi,vajin
dhelprate,agg
rabatsalezemmourzaer,jeromanak
shëmbuj,parëzohet
resultat,himarën
shtrembërimit,theatër
gravëpara,pohua
medaljeje,antiletrare
xhaferëve,kazalzi
unëtha,memati
sharif,tuface
gjethngënse,ampriane
mëkëmbur,konsultimeve
pointers,xhevahireve
brianit,graff
novosejasve,reichstagut
itakojnë,gjendj
leucemia,limanezeve
listohet,endrres
aritmetikore,odave
gutenberg,shelgje
recensenti,rurouni
hudhin,jetëshkrimeve
domethënësë,martinton
vai,mirëdashëse
cholesterol,raoh
vraj,casares
kaskadës,nikadin
anxhelesi,hillsboroughit
bilmethur,verbri
srikovilit,komunsite
giulia,schiler
flanxhe,jar
fusapark,pottercast
gcm,mëvonshmet
kulturvven,dhimitrit
vakëfet,marrëzitë
eterin,difuzive
replaying,stemen
tetoja,panxhabe
vasudva,hierarkive
fazore,bogonjën
çmendet,ngjyrosësit
hallucinating,monofizitizmin
obrenoviçin,monofletike
ajka,pranëvera
udhehoqi,gjelberimin
bicirg,anëshëri
flashland,pasburgut
ditve,prrallla
këmbyer,chepi
toroid,taper
rikombinimi,frakturave
taushiro,badian
lidhe,langston
duge,stadeum
lessay,dyzuaradisjunktive
denucohet,konfrontuat
kahu,sicily
gajdes,allasio
koshnicë,varjas
frushullijnë,dezertuar
zvarranikët,uicilopocli
rikonvertuar,bregoviç
taiko,enesit
perhapjen,invazioneve
juniorëve,serpent
kandidaturash,pastesteve
fotografiste,bangu
ropalcë,angioneurotike
djeshme,eiidytëstudimet
paichadze,eisner
meditime,tendoste
buxhetoi,durazzo
hijshmëria,hiqmet
litas,lienhard
candavia,priftëri
politip,handke
uyumayalm,thunderbirdit
gjëmirpo,joshkatërruese
vinkovci,përmirësojeni
boshte,adr
ndjejm,editohen
mirditore,shegert
krorëzës,debitit
rebac,crotti
kriva,ngatërronin
zhare,keso
vetting,krasnodar
nsasë,zbriste
fagu,mbiemrave
mëkambësi,kollitjes
boraku,pishinës
emetimi,cacti
ilireshqipe,nxitësi
pincia,kompasa
napa,opinonin
odio,beobachter
baia,biheviorizmi
ohaba,galenin
gallopavo,evrenozëve
pëermbi,famulllitarit
qetësohet,çezme
frymëmarjes,lidisë
kokes,sovjetikeafgane
jc,dënohën
samburavarayarë,barin
pajton,qeverin
sosit,some
tabloidësh,egzistojne
ibrit,ganija
ponti,anonin
rreshtohet,hippopotam
insuficiencës,bohr
shkruantekëta,vretoja
solubil,defektin
martiguesest,zhbllokimit
hckr,marcigny
pigmentimit,gjashtëkatëshi
cravos,ngjeshës
darsma,zejnulla
pef,mendjenaltë
përbashkëtligjin,pozitëopozitë
derivat,grdonyi
disponueshmërinë,llukarit
ferraco,agrikulturore
konkurrentëve,orthodokse
pandehu,lamanitët
accel,minearle
lëndian,shejtanët
pelioni,duf
madhsi,kenit
rchitiu,kadaiffi
takayoshi,gërdalle
deputation,lsha
demostratën,bymimit
parahistori,senuseretit
shkatërronin,beiping
gazermat,mëngjezi
krematorium,poci
markoi,mayers
erdener,suitë
shahist,folciforme
ulurn,matisë
rezonojnë,forcohen
formation,derallajve
pepajve,lojtaren
limpopo,multisectoral
rapën,neugal
kamarinou,chihara
gjonmarkajt,anasjellë
danezëve,ascitet
tempuore,trembin
betula,rikonstruktuara
mjegullonte,fjolla
shkrimkëndimi,massouma
shkembi,rrotullës
shpinte,mitamura
junçaj,moskujdesin
murtajash,siriak
ofiq,recisiv
unidet,natyasabha
zjaveres,mbretrisë
simulon,ruka
thelbe,bimesi
antelopat,micelie
bashkegrupuar,servesvaras
çajkovskiçeku,fototeka
pakic,jnanavapi
dionis,vërshohet
nxënsëve,espaola
makular,gurakuqit
anovulatory,zhapiku
doganorë,enkriptohet
intersex,lisieux
diaries,atiku
vastumandala,mditations
pemishte,vulgut
pitney,cholinergics
shrividya,përplasi
zinim,valvulës
magallanes,mbrotes
ishaktor,avivi
harohet,lenës
andhas,helixh
bojkot,joautentike
biokimisti,lakmojmë
komunash,servette
egjiptianevekurse,surpriza
gjenom,babian
çrregulluar,rikthenim
hagener,peshëngritësve
akal,linkestëve
medaglia,husserrlit
idull,butel
tomoeda,ballshajve
liriagjithashtu,behgjet
bombardues,rourke
momo,botërat
anticipation,germave
glukozës,kaniyooru
papyri,curious
dicitur,fitoje
mbisundimi,historikëve
fenciklidinënnjë,fragmentim
mëmësisë,përmbajtën
nasica,mëshiruesitmëshirëbërësit
sajksi,varangianët
nepali,zvministrit
gjeneratorin,divorcoj
knenkupton,shkollojnë
adonisi,junikutdhe
kenunit,alcharismi
çezariishte,kevalya
bifunksionale,muzicientëve
kordë,antam
tevfikun,shakaja
karatoprak,daniell
scharfe,parakohsme
tvshnë,pamfleti
shkruesve,agores
filluat,aritmik
bleue,amfib
balenatore,herodotit
sukothai,recitojë
karrtierën,okupitale
margine,fibonacci
megjithatëprogramet,pralla
beguncë,paditi
plemja,biopsia
shpëtue,peshkonte
oçitani,detyrohesh
padisim,rreshtohen
paraçlirimin,lehtësohen
viete,analizonin
jehudive,roshit
kampionin,adhuruari
uprona,karbonifere
vjetëra,optimizuar
martinazzoli,prefektët
proton,farzet
firmosës,subnet
hildebrand,karbonizuar
endacaku,bodleri
zibetha,evropianit
shpështësine,marge
shared,hadj
eiviz,çelëta
kreshente,eksportim
bretkosen,torrescanës
moldovea,përmbysnin
trazoi,homogjenizimit
vitalitetit,antietamit
rizbuloi,latcho
samtavro,mirmbajtjen
joprobabilitare,rudenko
humba,fugeret
mjerimet,guo
poosalaari,pejavara
çamërit,merospjesë
mijaillo,masjid
iholdy,menemen
ekselenca,mvaren
annika,michonne
obelisqeve,modelojnë
albajrak,amplifikatori
interpretative,vegapunk
rothschildët,akhenaton
bdnf,glukagoni
kishnica,neglizhimi
juanito,pelle
pushonin,blytën
nnoitra,farosianit
circassia,mullas
devijon,gjellëtarisë
periekë,kadisijes
lartës,sokolin
fotografuar,fërgohet
beard,njollosjet
grantha,mëndojë
stanfordbinet,lt
velo,cabeza
gapnordouest,chteletenbrie
editions,janelukumi
kofshët,selitakontrabas
sumurturit,loaction
mbeshteturprej,hallgrmskirkja
saldator,atlantidës
kapllanaj,skitari
horahane,blinaja
somavarami,turnit
protoindoiranian,agrokulturorë
gërmadhë,patogjeni
atlicnoshkëlqyeshëm,kombinatit
princeshen,ganglionar
pyllëzuara,authorization
vazhdimsija,mëmdhia
idhëtarët,bindit
koorporata,antominë
sever,southern
paradispozitave,poçi
reagimieve,kryqëzori
mbreteron,laragnemontglin
trigger,ngrenit
heroldin,filolog
eso,antisllave
arabizimi,penaltitet
klasiske,sock
vishnugriha,vittore
darzem,kërkosh
ziklatër,çlironin
çaushbashi,kapërdiu
asimptomatik,tumoritplazmidet
saharaja,lancuar
reformoi,marshonin
agama,dallfeste
vaidyasalas,demagog
çart,antiromanit
jugosllavpasi,qelizorë
geus,bagpipes
leanne,martirizimin
gjtihmonë,besançonsud
varë,duroi
gjeometrisëdimensionaleapo,dke
hipokrite,paulinit
vedis,këshillëtar
elnahai,sllupçanin
tdrs,pbco
pomponazzi,certifikoi
fitonpranon,bryant
konsulenti,karpalët
sensations,zoologëve
definimit,neutrophils
intinerarit,bakart
postbllok,feller
irenaeus,jovokale
mazgit,rrembim
beben,tematikisht
holmbergut,shkatërroheshin
serbizuar,occidentalis
ngs,flakëve
zëvendësministre,soditës
marcelline,guerinit
fhrershefi,shehlerëve
hermetizmit,posedojne
orkestrinës,tidedikuar
koror,pashtriku
shuriken,stërmcin
mikrotopinimesh,serpentinizimit
expose,diamagnetic
shëmbja,kolegjitë
hermoupolis,rrobën
comm,spallettit
fts,jahste
kompresohet,negotinës
hapoel,tregetine
muritmund,leonidovich
lahr,podkastet
intonacionare,melci
methods,thumbuese
ahmeticërnica,dhobitalao
glomerulare,vulçan
uspto,qesin
yukishiro,përimtuar
vasalë,dramatika
harrojmë,zgjoj
kurive,xëcit
shahjahanabad,ilirion
prelatëve,frangut
salts,borshin
shaivizëm,dmasë
duplikimit,cagnessurmercentre
agatharkidi,turbinës
kyrkbronit,komfort
naftes,ardhmerise
sardar,gruevskin
përmiresuar,reçic
baritoni,mrekullimit
centravanti,pagujnë
zimo,apu
domenec,asfaltua
kercenj,tiranit
pjesësh,leake
bregas,saintmorel
mirëqenjeje,mandalay
ergasterive,goldsmiths
sigurti,strano
meqenësë,ekstratropikal
sextant,perbera
ngeja,pslk
barret,billysurourcq
jazhincës,lmg
pyetni,përçonte
skizofreni,shpyllëzuara
kontraktueshme,vonëses
macht,laltrieri
xhamajke,mumjeve
sadashiva,miënjohur
blanchard,sinjalzhurmë
vama,departmentin
xhindë,hotsëap
carolingian,pierson
orbium,capella
bletet,planaria
xhulieta,propagandonte
modal,dhunimi
rrjedhore,polideukun
njesitin,passersby
rekrutohet,pastiçeri
fathering,bacishti
strahm,teoricieni
akuitainës,pluginsave
kurtoglu,garit
latrina,dekoret
urrejtjeje,argetim
njëmbëdhjetëshin,karsten
kallami,shtazh
gjysmëperbindësh,cmontimit
bestar,matityahu
pikolominin,mikushë
rendeve,mobydik
katërkendëshi,vizebardhave
privilegjesh,udu
prononcim,tlrrv
qishmë,kosmetit
sifilis,parra
chinesische,zhukovin
ginger,diplomuan
semantika,habisë
outback,secretina
kryqëzatë,bombardohet
osmanijes,autoktonët
zmadhimi,ombrelles
hamamet,lëndimet
pylltarinë,archaebacteria
saintcaprais,bhujaga
cessires,bujkërobërit
episodat,muhakkik
efektivat,uretrale
sermaxhajn,kushtojn
bruga,zotëroni
shtire,pidgins
fatlume,bezdisshme
nderfaqeinterface,borzage
sebastiao,vjetit
refraktiv,progoni
dobronikasve,gjedhë
iaquinta,punarkottamit
rivalitete,yeshe
dagens,ndërrimekurse
autumnale,antizogist
inuarashi,muzikëserialeemisione
njohurie,binfordit
kollatës,montanus
kontene,tuzlla
shumëfishuan,ceresara
ezherit,dasam
daodejing,mësynin
përfqësuesit,inspektorëve
eakidëve,cristianon
bëshëm,helenizmi
thiruvananthapuramit,ngërtheheshin
kornilov,tiranti
mbrapavokalist,tuberkulozë
emmie,ngarim
grgn,lask
evaziane,literature
proka,hebrejnëve
shyhrete,makroskopik
lodrash,violisti
kautsky,parchin
syko,karte
arbania,rrihej
krater,hullinë
ipsala,dukshmërisht
zgjura,ujosurkrirë
njëfishore,hithrës
konzolave,erehteut
ishakbeu,dbr
seenazani,frikësua
erickson,lorem
agustian,roginë
hambarët,vasalin
stabilizoi,nasalë
metodie,hiteut
addharmët,sexy
atakeve,patak
barnabus,mrnavi
kundërshtitë,endjes
supozua,vendkushtrimi
pandëshkueshmëri,alloviqi
isma,polymath
orhidea,tastieres
shitblerje,vejam
digitalb,festonim
diplomatësh,hullsë
kafshuesemallëngjyesee,pkryer
phage,kitarëkur
normandie,erythematosus
mumje,studia
pyjesh,matjeje
kendveshtrimin,brestoci
popullime,accous
vlan,ndyshueshëm
ishpresidentitsaçë,bosnjëhercegovinës
buchhalde,spinak
sinjes,istikame
trinity,shprhjen
elbe,dsa
jurançon,qendërbanim
intolerance,nënfleta
noqofte,gardianit
ngjallë,kozimaza
argyrokastro,kailashi
lakon,jabuka
hierore,shqiptarovllehe
murchison,engjëllit
skeletitkockat,kapucin
alunns,bashkpunuar
përdredhjen,refugjati
hiç,alergjike
anijata,gjemb
sahlin,psikoterapisë
chseishin,derivatët
picenun,reg
aimery,përiudha
snes,loire
alaskë,camaj
rullin,njeripeshq
chronos,pelet
koreografes,okupoi
grabovcit,scooper
strenglat,kamariere
fragmentit,perceptuese
rrafshimit,boja
biologe,filozofikoteologjik
testuese,apsin
magelanit,teti
bundoora,cordiner
datacom,sportivo
hishami,henorit
lieblings,ledblic
kinematografiei,fillin
tregimtari,radhadamodari
siachoque,atriumin
opistozomë,filologjinë
tamizit,legalisht
transoksani,trombina
spiralizimi,gjërëqeverisëse
promemorje,agdam
mëtuar,cladoselache
tharavadus,fryni
ajanta,yassin
cupressus,amir
dramsport,nozhah
speleologjisë,librarin
mërkurthit,daciane
jungfraualetschbietschhorn,saktësisth
coppolaanthonz,blazers
yshqyer,feet
kuarcite,gonville
christen,fuel
httpssq,bienale
byro,shkurtua
buena,gjuheletersi
palestrat,vlerësue
porodini,rutinës
shkurorëzimi,belik
mbetët,recension
pinscher,komercializmit
khassi,luftark
shëmbujve,rriheshin
uruguaiane,chantelle
andidhoro,kacin
pjerërrësi,neuroendokrine
nënshtronte,assist
zhuhai,majselës
zeriyt,tarabulluzëve
musahabuddaulah,maputo
neurotikët,katun
vepërje,gejzerë
traumave,imtiaz
manus,mattino
subprefectural,vesper
physics,anahi
coptohen,bashkëdrejtues
grigje,medreset
fasces,ljubic
spirancën,djegës
palestrës,kuiksa
ape,prizrenitdhe
pakashumë,postromantikë
papilla,nasti
përcaktimet,ulrike
frojdist,kuttanadan
kinojaponez,xhamijatë
hinder,tedi
muharem,daklin
publikue,patela
redaksie,depertojë
vargorë,navatës
urbanizim,preki
angie,rapunzelit
durës,nopcsa
recto,forëcat
terakotës,axis
qendronte,saraç
logatkjo,perplasja
pilori,ndenjëse
bashkëkohësish,shpenzimesh
aackja,pajtone
patogjenik,shtrir
serboshqiptar,karlist
sealey,takimesh
recea,kring
ligamenentet,rikavicko
sfingsi,ezoterike
uruguay,erfurti
përkujtuese,pesuan
përmirësoj,gjurakovc
mnchhausen,laburatori
përkthimesh,pavdekshmërisë
jupiterigruaja,medalioneve
kahershme,automobile
corina,qerbela
poçeri,pirratë
turqe,dimitrie
perek,mbiemerin
titullari,aryeja
telegrafuar,ligjiratat
maltretojnë,leksikologjisë
titini,temporale
dedikues,malazias
alassad,saintbenotdusault
hesapesh,brëza
absurdi,nolay
orissan,mixin
siglen,rrekën
nakago,siebenbrgen
lundron,mebja
taxhikistani,kuintave
alcobaçës,inxhinierojë
temperamentit,mrekullisë
sie,moderato
mbështjelle,akihito
torturimit,interim
kafeneve,azumës
dendrocalamus,tonal
vikunja,ibbyt
didaktika,perandorish
hyra,pastrimeve
suksesëshmi,mbajn
alexius,josinusoidale
kardamit,kollnak
terrene,mbiveshkor
levie,reichenkron
isabeut,atlantiku
asinkrone,pajtojnë
nderlidhura,përpendikulare
pazëshëm,krenve
canarese,hisa
pirenejet,vindhya
internacionalizimi,gjeneralizuara
baiemahault,kokona
scheckter,poturjaku
jokompatibile,imtash
demaçit,vissel
palloshi,nostalgj
pozionimi,parfumet
cxe,prokaryota
ampulës,cnncom
bartjën,zijaulhak
përvëloni,dispunonte
livingstone,parisot
bambja,kullotur
falcone,pakesohet
strada,alacati
jutstifikua,tërbohovcai
violinave,ofensivave
gemma,disamujore
polistireni,rrezitur
përmbledhë,muhabetet
aragon,iaaus
filluarnga,zgjeruese
diplomantët,përgjegjshmërinë
bibaj,bllokada
xvdhe,enkoroi
lavanasura,talluar
lapidariumi,mëtej
harenga,grazhdani
hareje,kësi
adoptuesit,zhujin
ëojciech,mikerezi
qaid,vitryenartois
mjegullnajesnebules,richterit
jeshë,uestminsterit
eliminuese,deepest
romanoviç,vrina
brig,chicagos
paluka,hornyoldstrickland
pentesilenë,indehiscent
volontieri,potere
baticat,skurës
nauruanët,vardhamacharitra
startimin,viiixi
hrd,sfenoidales
rajkumar,tritoni
kufijv,kynithia
lalo,përkasësh
letnicë,lyuben
kushetutëdhënës,infiltruan
ruajtjet,vacuum
saintecroixduverdon,tironën
fulni,baxha
elio,deshifrojmë
njoni,bëinë
pelqente,elektronistagmografia
garant,ushakov
elmander,vlushes
eksperimentojnë,sikistët
themelus,shumëpritur
desmondin,leepson
krishtlindjeqë,resorti
karantina,sallaku
fedajinë,kume
elaeja,gishtore
heksagonal,enkodohet
rrasat,binaku
akrobatët,kasandra
gulo,eguelfi
verenjtur,lokalesh
kopekët,viceland
strofullen,intelaiatura
virtyti,afëri
lllojet,lamedontit
shemsidin,barkore
rrejdha,nismëtarë
sunset,munte
freies,bramante
rrafshëzuar,zgjaten
raçi,hiskett
jeneze,doubleday
vëresh,lilës
stampuar,përkthej
blanfordit,lampardit
blubardhë,bourcart
eube,ndihmëstrajner
metamorfozës,prodhonit
ngjanin,patosmarinzës
autos,kemosabe
perputhet,sofrat
shkatrrime,cervid
plasaritura,vjenes
stetoskop,luter
avicena,gdhedjen
litvinov,aliajt
pofersoret,izolatorët
pristinaidpshelter,diskutimitvarietetit
vendqëndrimi,sna
trot,equites
serenatuan,njejtësia
prvetësimit,gabro
bliss,asgjesua
drizari,rajgirit
ngulitet,rosenkavalier
sho,shdusë
nidanasutras,kuçove
hugin,klean
kërcënohesh,motovedetën
grisoft,holiday
rrenje,regains
hoxhatëve,opiumun
postarë,blektorale
orgazmës,rrënje
singulariteteve,vinyl
zbulueshme,kundërterroristët
lfid,mejreme
dekurajohet,dhëmbja
mesrutit,ernesto
motot,geil
mohohej,trazojë
cukal,qëllimetnevojat
hulumtuja,besushmëria
perkrahte,melo
hemoliza,dëftesën
alvalidin,juridikson
pratyekabuddha,skedabusti
translative,organistët
bosnie,bellarmino
udhëve,matamala
çmendurisht,saintdidiersurchalaronne
gjethembajtës,elegantë
shkatërro,afelit
serafimit,kompjuterëveku
soa,spatar
zarfin,els
indiferentë,inuitë
egjyptit,shkeput
barrienga,sakrilegj
certifikati,ndëgjuar
eseninvolpin,levistrauss
suffragette,fleurysurandelle
brohi,ndieshëm
marjana,perdës
urinare,greqishtetj
gudule,haderit
kajol,trent
plek,pallacka
inatos,pozicionim
neziraj,voskopojen
lekunden,peschke
pezullohen,dava
borsi,mujer
hamamatsu,diktojë
maliqve,bapaume
elike,simhapur
adel,nevrastenike
zyba,acetilkolin
diary,parashurama
number,ivezi
sentencave,irmën
ngvane,hypostyle
bllokohej,anim
mitropolitë,pasjani
perfshinë,përgjithesi
konturet,ndërikoi
transl,oberlindit
hekuba,kundërkandidate
izoritmia,paleontologjike
kerenxhi,vetizolim
kogorou,amadeo
konservimrestaurimit,monokromatike
pajmen,anastasin
paralelizëm,heroglifet
sdos,dhr
singaporeane,poshtërson
ehailës,broker
tutuje,gurshkabë
sardenjën,keqësimit
thëna,trojanëve
suite,faltorthet
yuanlingshan,jonianë
dispononin,sanchi
rezo,imperio
vref,euglena
mnsterland,teksturë
anadrinit,pasdiplomike
coachella,railroad
elektrolitet,gjurmoi
velçan,jusufllarëve
portovecchio,suning
jurispudencës,patricit
gaaran,shtrirjeve
dadlin,haasit
antigjenantitrup,miqesisht
shlyerje,përgjysë
zhdukte,cromer
jedo,thellue
çorapët,pinggir
tatsuya,thukididi
burizanë,pirust
konsumimingrënja,spërkatura
gjallimin,biophysical
godtemplarrrelsen,orovodë
amalaka,flaubertautori
dench,gagne
pirustët,bukurine
emancipimin,caza
pshnje,chiara
perfuzionit,frensch
emancipim,tyotal
stavridhit,sinis
mospunësimit,nua
oja,shpullë
hapësinorëkohorë,xhelatinizohet
jitem,xhumase
voeset,illuminatus
persnale,diversiteti
tejshponte,leçe
enese,ikonoklaste
vespaziani,lirijon
mutates,pështjellen
vendlindjetugjec,hnl
tregutkostt,arahantë
qreqisht,unilateral
hijerënda,pernelle
aij,koderi
importohet,giorgi
nënshkrimet,mundonte
bashkpunimin,gallacin
revolucionari,vikefortin
orgest,cucen
zalmoski,mouthoumet
drejpërdrejt,mumjes
balotazhet,bezdisës
letërdërgesave,thithje
bëtaja,ree
atomistike,elektronegative
mikroklimën,sufler
emancipohen,saryer
kisinao,cadeira
antagonistet,liphistus
pranone,palestinezo
korren,videolojërat
huamarrje,shpejtim
rrenjes,davison
delay,chuka
meë,kukuriku
invention,ekselent
shërbesa,shtupeq
rrëmbehen,permbysjet
trafficking,doka
kaukazin,doktoreshe
terziu,rrotulluesit
viiiv,pauleta
konsanguinile,varrezas
zuzar,dëshiroheshin
merite,lilliputasit
zllashën,demash
asdrenit,duridit
ljuvilit,implantohet
almanak,thurrë
frankë,hititëve
proçesionit,hidrogjeneratori
siçc,ndërkostal
brëndëshmi,shklirë
projektorë,inferioritetit
malayalam,gomarthit
benetice,akrobatik
kaliopi,tributi
diapozitivësh,arkivimi
kurseu,kompozituar
cheerleading,shelnut
shivatrivati,fadilat
perkursion,bokaj
ibrahimovic,sirtarit
gabiniusin,rrëzinë
telekomit,xuanzangut
pavionet,dërmnica
pasurish,thronion
subkutan,boshatisur
korb,valak
kalanica,lipich
postuniversitare,domany
përshkallëzohet,nderën
hugoin,shpenzuara
zën,kryqtare
indobritanik,labrador
cournondauvergne,ishfederatës
përgjonin,kifajas
kasparit,dhjetevjecarin
xixëllonjave,lecitina
hambartsumyan,shkelja
knidocitet,pidhash
seite,noreaster
fetaro,beluri
përftimi,kukuvajkë
yjësinë,leksikosemantike
dig,numëroni
përjashuar,shtjellojmë
lidiane,fone
sllaveve,sternritter
parakushte,rikuperojë
creosote,klonua
trenave,shoshi
foreleg,cnidara
bashkangjesin,mola
nxitin,circolo
trimëreshë,jospa
sundimtarja,parfume
këmbente,providurit
qejfi,kërdinë
zailefjotët,reformua
marrs,shahistëve
pitagorienët,ngarkueseshkarkues
konstandinopoje,katalazë
uood,nënshtrat
prangosur,hungarezit
sabre,interiorin
elasad,superkompjuteri
bolshoi,këputi
golyshev,motorrëve
ndjenj,mospajtime
vuthjane,adinatha
miximin,italic
veqse,johumane
njëzeta,helioza
saintpierrequiberon,pamatshme
vëmëndja,intervistuarit
marrëoff,nishë
zevendes,agronomit
vyshken,atlantes
koagulantëve,njëditore
todorovici,reusi
durrrësit,njëzetenëntë
zanatlinjve,vidoje
giorgos,osnes
popoviç,vonesës
edreneja,shtjellore
multikulturalizmi,suedishtja
prokurore,proleter
agadir,bashkëpunonte
vaditja,severny
përshkojnë,tenxhereje
gjigandë,faslli
breslau,routerat
rrenjet,zulesi
brazzers,nixdorf
kolektivin,vitkovice
boughsë,shpretkëshe
aval,garantua
termoelement,gzelyurt
figurëshme,ekspertizën
antikulturën,shtatzënia
panonike,khaled
frishëm,etnopsikologjia
freer,delvines
lemi,zabelin
verzave,dorëshrkimet
numizmatik,orleansit
akbn,bergueda
aljona,luciusit
beal,shefave
sulltanatin,stelushit
plotësishtë,matematicienët
nikolicanj,petkave
cosbyspafajësia,solntsevskaya
arrestojë,fakultative
shoshanit,shëni
granadas,asnjo
ventotenne,pykat
urdheroi,joven
abymes,arsyejanë
xhide,botsvanës
petrosa,karakteristiken
aoni,krijueme
ngjizura,vjetari
schillerit,cortez
xhihad,multiplex
vitaliteti,zanit
perdori,absolvent
nikanori,vishva
kafës,lera
besimtatëve,sferattrupore
bazal,garganos
pikturore,roads
budva,kapinlëvizjen
kholn,robërus
llampadarë,apostatizimit
prokopie,gezuvor
profitabile,httpsites
djegje,jugend
abuzoj,demencë
holleve,kapitenën
turtullin,jaap
paraguajane,megutiguddas
sinishtaj,univerzumi
inony,shikoja
karakashi,mbarështohet
alkiminë,fiershqipja
iklim,matka
brinje,integrohesh
udhëtosh,ignatian
mhill,pithonit
dëshmorin,teknlogjike
ndërfetar,iiiit
dashurisëseks,mallkonte
shqiponjen,veshtiresia
valderramën,çkishim
kamakirin,maniples
aberaldi,topshtete
karlën,liam
mitake,kandidimit
gjithëanshme,estudiantes
pullman,multitouch
pssp,shëruara
reçicë,cofanit
cynoglossum,franceska
versh,gënjente
mëmëdhetarët,kumtesen
aksionarëve,mikaelin
përkatësive,gjethi
derdhe,kindat
regjo,nismëtari
lepenci,colloquially
cirilikut,mogorces
sprasme,doulat
dangtu,magazineës
domain,vinitas
rramanlia,svetoni
scat,kristelidemokratë
hyrjesh,shtjellim
proprietare,transistors
barbican,inçit
suell,farkut
floral,haxherën
hazarit,boske
flokshkurtër,panxhezit
mbështer,lakmia
sequencecdma,lakut
results,rendesishmet
hajder,glasinac
albanais,bharatha
abdulkadir,këshjellëzë
çfarëdoshme,asamblua
sirtarëve,malone
generales,leshohet
rreqebulli,atomizmi
apertura,bilanceve
mundshem,pausania
infektuan,rnban
cassandra,falluxhës
azrbaycan,upz
kalota,fantazist
semani,gote
randolf,euron
pelinkut,finer
jonosfera,kavien
dominikane,fishtë
kamnike,oksoizomeraza
mamicën,mauborgne
ekstrapolimi,mavla
dragojt,technik
photorespiration,sankatmochana
dasantilës,veku
importimi,aviacioni
ringjalli,spartën
vetëshpalljen,skematizimi
djegjën,nodule
relaksuese,faqën
mahrama,amputimet
nechayev,konkurencën
nannanët,milaneze
tërnoc,ashurës
crossover,elektrikeprajanë
kaloçi,ronny
crete,nostras
curel,oviparous
spermale,democracy
nazifashiste,magnentius
kantieret,gorostieta
eurosong,bashkëvepruar
playmore,briseyda
durdhara,mjekërrruari
afarizuar,lotusi
likene,xhinde
badrinath,slides
bujqesia,kamus
vëllaznimi,vge
ekthyerjetës,aileemusic
vrapca,pesëdhjet
brane,performim
repartist,rindertimi
genussgifte,mackenzie
vrojtimeve,bodkin
propedeutikës,ukthyer
parandalohet,shpikte
caudillo,çlodhur
mbrotjen,intervenoi
vendburimi,kurorezonte
baqevina,rariti
medicine,cryptoapi
bashën,gramati
qeshurave,përforcojë
hartojnë,miçanit
amitallërt,luzmë
soderstrom,mbledhe
sensi,dializës
soleil,genet
fushim,gornoaltaiskit
vikelidis,budall
foinikes,vikaste
zeland,piçenës
bastione,andragogjia
pulmonarë,satativë
xhelaludini,skotland
mjekesie,tapat
paston,cesapik
cilesua,flagella
lavalsaintnicolas,konzolën
tailandë,filanit
alltëntashit,pandantivet
erdhen,nppve
ngulimit,tretese
drillët,ndërveprimin
gods,mekaniko
mësonjëtoret,ndeshkimi
kardia,blozës
kaçur,serbisëmali
karremit,zogistët
sunagakure,fressh
jugoslavinë,shpëndarjes
pashok,splkoppel
ignimbrite,livonias
atriumit,angolën
perca,optoelektronikës
castillo,smiles
atika,zgjuarsisë
gjenerim,dostojevski
pëgjithësisht,minnie
shetitur,bulbore
labor,ambjentim
prizereni,brrutit
arinve,ganeshavinayaka
mertesacker,projektrezolute
flavian,atlantit
kohënclock,blank
eksperiencadisa,antikancer
larshit,arene
eurosport,bashkëveprimtarët
parmenid,hesiod
llastica,lange
akumulativë,cuilapan
dushqet,bukmirës
vetëndërgjegjes,pardos
monetës,rezonanca
këtj,mape
ramanathadeva,shtiqën
punene,bionde
alokoheshin,vyshkja
kokula,drejtëzës
sandaleve,lucich
vidheshin,kaferdis
buletinit,habitant
polatin,klausura
nimravidae,multiplekserit
rrafshnajë,karkala
jennie,fregatat
emmaus,protonotary
belfortit,ivanoviç
avaris,vfq
hinduizmit,ndihesha
ymerajt,shoerite
epiciklit,mukti
feels,fracking
grabisnin,hamin
byte,veleshtës
administraten,hamamin
madrasit,lemane
urdhërarrest,jashtmedebutimi
scoutit,nokën
mostretjen,nënprefekturës
riparaqit,freksionin
stratovolcanoes,sthalkreem
rybu,stekë
mv,barroso
etiopinë,voskpojës
herborn,tamtameve
lizën,mosvërejtjen
bindëte,joyeuse
filoteri,mektebi
dekoder,njgyrues
adhuruesish,mozhaysky
glaukia,radiusin
shpronësimin,ilustrohen
tkfillt,polisidentit
jokeri,glosologjike
heather,vinzieux
mdhe,pyramid
utakata,çdokund
zvogëlonin,raboshtes
lëvdohej,realizonim
mohammedanism,rindërtohen
gjëneves,fairfax
musketa,vestfirir
reyna,zbathur
yaroslavit,kandaviensis
sejdi,jugosllavis
dizenjimim,goraret
zalem,zhdukem
cvetko,lidhores
gjendesh,urov
suelën,pasterit
kulturëa,belmadi
islandez,rizah
sillna,konceptesh
hecquard,rikshout
harricourt,buallicat
rizle,sendërtohet
barduz,chop
grazalema,furrash
kujdesimi,rmx
rrëmbim,ftinës
aynrandorg,astir
plakje,jashtmartesor
saintvincentlesforts,ankandid
mbv,vaktë
mbështjella,proper
nënsisteme,virtuoso
shantazh,riaktivizuar
schenk,kalldrëmxhi
palmeiras,mzamyx
guidat,rauzë
naivitet,patience
bojkotin,hormoqi
zbriten,jasunjski
huajtë,deportoi
mitsubishi,jolegalisht
gulonine,ulëritja
hapesirat,nyuserre
nong,këmbësorie
satelitet,jatribit
evidentim,acs
disiplinën,zmbrapsej
izvira,thomthem
dar,embolie
spostuan,abeba
ramat,falsifimi
perzihet,kryellogarisë
prodni,horizontally
scindhia,revoltoheshin
kokonozët,medicional
gulbarga,trupës
vendnxjerrjen,ntp
erasmusit,monsunet
nyangani,patologjisë
reciprok,histrorisë
luçin,pozharevacit
analfabetizimit,fëmijëshumë
aerikoni,kanak
sanjit,menaxhment
quimperl,toyooka
pasardhsi,lemia
vojska,vendeuil
ehali,vemendjn
kthesave,skijimin
mësimoreshkencore,akneve
plenik,galë
didaktist,drejtëpërdrejt
koefiçentin,rranza
cedomir,sheremetit
mëvetsimin,vallazërimi
nëkernel,tërnovc
adolph,isaiah
sauzvaussais,kalivaçit
virgjerëshës,ilinvërrhit
yangbing,imagjinueshme
sulua,centralizuara
sunenin,ksuht
ajantin,sicile
ckishte,kasparovi
huazimit,likfidojë
nezuko,citoj
bazin,osten
ngrinin,lriza
zdanivsky,argirorokastra
umanisti,ngri
toksikologjia,vankuver
perfomancën,ermita
flokovci,husrevbeut
përkujdesjeje,argitën
procesimit,karapanon
pandu,parëdukej
randonne,pamatura
introspekcion,pittoresque
djegieje,fisnikëruar
vitteaux,voiglnder
kroshash,kufizoji
hildesheim,mariachin
drenusha,materlai
vladesti,mëmyrë
jofiktiv,pergjesi
shkolloi,tabasko
lorena,mycoplasma
meurt,vejçare
demoralizuar,ishisniq
kovalent,kontatave
friedenspreis,ishdrejtori
rreguluar,eljedejde
submukoza,ascend
ative,caoqini
keshtjellë,hakerat
unquestioningly,hattamin
bibliologët,syra
beshiri,segu
komunikatën,mantelit
ndertimin,psikën
nuniversitetin,vullkanogjenosedimentar
funksionaleaminoacidet,rinisebeqarenderron
priamin,maris
gournayenbray,mbajte
lancet,taberiut
bodile,entrayguessurtruyre
përqindjen,ustikes
scythed,caught
trimerise,intelektualësh
kaname,djerrina
merkato,kërcej
shkelmuar,pregatijen
kumtohet,rikablloheshin
hiperimune,paaftësitë
prezicom,kurorëzimit
bagalkot,gjysëmlegjendare
katalogizimit,daka
nektar,dacitike
dalembertit,dëshmorëvenë
devole,ristos
copëzuara,përdorinvegla
soltis,nënshtrohej
shkrifet,filmimeve
locuara,navigacion
tjegull,ndjekësve
tradicionalish,kullëzën
kthjellta,shtrenjtaose
minimizojë,aqui
exner,teresia
zhdëmtim,numrue
evroperëndimor,profesionalizëm
njehsor,pinto
shabon,abhishekas
opinionist,carr
llerousse,komercializimin
ishtrajneri,leksikografë
patriotikrevolucionar,cian
boboshtice,mistifikuar
rrekur,starling
determinimin,partitura
rapelang,hinokitiolit
kristiansborgun,ushatrak
notojë,borai
fmiut,vigevano
tetari,teritori
reumatoid,adaptojnë
katamon,literatur
territorializimi,konceptual
ngurtesimiy,antilibanit
minimalqeverie,lotus
duaj,sesto
chiefdoms,pushk
ishmbret,breshancit
mdërsa,shtypshkrimet
paranojak,vokrrietj
parentit,qëndrojmë
komos,daimjove
numërorët,decimalë
mamutovitëve,arbuckle
agelau,perkujtim
nlsi,çezmë
magdalo,gjeologët
hë,bihan
gjeografikoekonomike,përmbushje
flijojnë,bazofil
idete,lemnosi
shoki,vzilly
tjerëu,mançuria
kserofile,përtëritjes
silikatit,higumës
peeks,seksioneve
vilakë,riprodhojmë
surfontaine,ndjekjesh
ndërthurin,quetta
mossadit,karnevaleve
rrërë,finlandezorus
nomadike,fantastikët
pakkush,imatematikani
konfiskohet,mëvetësojnë
kanari,përkufizimeve
maasai,gjenocidin
mateli,shfajsua
pershtatshem,berries
susuri,ceprano
skenderbeuqe,hekurishteve
kozmologjia,pvh
attali,shkëlqimit
milicisë,suksesioni
tesleras,punësuarve
giusto,beatificatione
shumefishohen,khalifa
garancise,heimaey
kamëza,zbathësh
arriher,fituaar
deshve,tradhtisht
transgresiv,merkuren
fizarmonik,mauricit
marrëdhenie,incestesh
knightmarët,halogjenet
qenj,cfsp
collegia,olimpikun
reduktonin,shkaçe
këlyshin,february
pasunuversitare,sucheta
perfeksionin,shimonoseki
konstitutiv,fluoroacetate
njëanshmëri,northern
kolektiva,gallezë
jugpërendem,stacioniplaneti
gjallicës,saraçhanës
vetëshfuqizimit,hoschede
soronit,eskatologjitë
pronoari,padurueshmëri
kalldërmit,xhamballat
ferritet,paanë
sipërmarrësve,qepe
houstonit,peshkopësh
shamil,pashqetësuara
despotizmin,helmime
akhetaton,suresh
lumërimet,fdl
alergjenit,dopio
amsterdamin,guxetës
sinor,feuillants
karageorge,pakrahasueshë
shkuarkua,agregat
rrëgullave,drink
trasversal,fëuronvdekjes
habzburgëve,munenori
eyres,mugruar
luftëtareve,segmentuar
idadijen,perceptohen
transplante,chauken
silogizëm,ephedra
sofjesplovdivbourgas,branievo
xhelozira,voltaik
pafundtë,spikatour
brussels,ululeus
kimler,virtus
tjeyer,petronas
barencdeti,ddac
burnedover,nuli
moving,adsorbed
gezhojë,gojëdhnash
goshica,fantazme
izoloi,pulën
upsë,noeu
guangzhou,varkashtëpi
penshoppe,çinarit
stuhinë,alvarot
gausi,tutanhamunin
gryllotalpa,aparetet
styria,autorative
evokojë,protonike
gjakosur,urekomandohet
makunga,neufmaison
georgy,shumëpjesësh
kryqëzohej,keshtuliburnet
manshet,castigat
gascony,komperatorit
gazetaresk,konfimruar
cryptostreammode,zhivkovit
farkëtimi,mikrosociologjik
floydin,charted
fdh,elmasumi
rrokni,agion
fleksuar,suiten
proquest,demshperblehej
estate,pontifikor
prior,instinkte
tezuka,konkurrohej
bikini,lyfontaine
tavaf,letësim
përëndimore,regullime
potassium,saluki
aminoacid,mendjemadheetj
bss,kempelen
rikap,zoonotikë
mretës,ecclestone
gjethit,cilësoheshin
hnh,mollt
shfuqizuan,rape
databaza,kortona
journey,aksiologjia
helmuse,devatha
tecnica,padenjë
devore,fotovoltaikedhe
nderuari,equius
thhuet,pendereto
baballoku,nënëfëmijë
kalorsit,friktion
kariesit,toyo
nkgb,hosseinit
dispenzim,individuals
selenicës,ekspresionizmit
libertarianët,diturie
infraklasi,kylie
profesoresha,antropolog
ndarrrugicë,tanneur
konjakte,reken
çpimi,byzantina
ukën,hebsed
frymarrjen,thamarai
çiftëzoi,arvizu
bashkohemi,kallirit
fnp,luarat
mikeje,keronë
aleatëtëve,konvergojnë
tringa,peach
gabhastishvara,aldaulaas
shetbunit,xhoans
highsmith,persefon
ilusioneve,prisi
klubobmann,vitiit
porositësit,brunejit
pambuluar,rimuar
urdhëroni,akullthyesi
tranzientet,granadës
certified,tupolev
kokrevë,marhamën
lakore,malltretuar
mness,oblast
ahomadegb,smogun
eide,seferis
dynes,hesenit
shejte,aacs
densinfektimi,pompei
giganteus,lodz
meir,shpejttëtë
përjshtim,dyluftimeve
angioedemës,latifah
kashtore,intekeltuale
hananu,zharku
desivojca,dyfishojë
magjistraturen,pavarsinë
literarum,holistike
arst,torajanët
prdai,kurbetinbashkimi
maniz,nistlrooy
përlarjet,kushtojini
multipart,inkuadrohej
trashegiminë,overhead
gjashtëmbëdhjet,desmostilians
mudurnu,shkurtoi
personindiagnozen,needham
prezantojë,apelschen
denoncimi,veicioze
laprave,vjehrrën
albaniapress,ridda
nevojtar,antropologe
kuksianëve,muqaj
kolumbit,njihnim
titit,keeeq
dobrica,topluga
doktrines,dipolar
klug,dating
pronghornit,dorrëheqje
painformuar,dnp
parkë,cocaj
mentuhotepit,qetra
dipllomatike,sekretuese
kafshohen,shthuret
pulbardha,levizim
aaboulevard,korfusi
mënyën,stari
cunitz,patentuan
ethemin,dhera
xhora,oster
harruarit,lloid
indianapolis,ribot
came,karbunicës
lahutarët,kampionia
vëndua,saintbonnetdefour
jumping,trageteve
dutt,çajlld
mutuel,geshtalt
vërtetoheshin,lehja
rabine,shkruajm
hebonshiki,fermentuara
turqëisë,perftuar
bakterizohen,sans
journalistik,lamore
tetutat,shqiptarepas
gjidet,klinikat
fondamenta,tropikumonsune
buburreci,biogrupe
servil,guadeloupe
gusinje,luvri
armv,burgosja
satine,millorad
përshtypjes,nëntëqind
mjegullnajave,autoren
bting,ciklesh
dhvbv,shpuara
endocitozes,serrires
tkive,rendën
thekrës,discipline
sangameshvarën,mitrev
sovjeti,bretkosës
çlirimtarë,idealistë
arnaute,laserët
aqet,tranzitore
ghatesh,rotomagusi
kundërtdo,kurpali
vauçeri,oligiosakaridet
garazhi,rubikut
andreen,kartash
dashnimi,rrjedhadeçan
damast,navarros
njankoviqit,sureale
clozaril,kohezionin
eponimik,habiti
izolimizëm,arsimdashes
cohani,kendim
scottsdale,pararendëset
reichstagu,himarioti
backe,covent
holografike,skiboarding
kemben,shqyptarët
llustraxhi,gliese
antagonizmi,ndenjëset
suahilifolëse,ngushtohet
kopaonikut,macini
lulën,senglea
chancellery,tmershme
shquiptare,venturebeat
shtrembërojë,jetësë
tanishmen,parafytyrimit
zooteknik,haiderit
bashkëautori,shandong
maranaj,strehuarit
matjanët,kalqedonasit
pavdekësi,gotthilf
aftësish,këshillo
turdiu,kangjelë
sabana,mazarikomandant
kolektivizmin,tintelektualëve
vetëobservimi,llagëp
mermertë,shmanga
kvil,rrëqethëse
mëlmesa,kurorëzon
celulën,emërtoheshin
oazet,cakja
cerdanyolas,sadri
centin,zion
selanikun,gjegjësishtgjithandej
maxhoranca,marrano
gjithasht,akhenatenit
njihesh,kriminalizua
dekurajoi,teknologjije
forsat,inhalimi
likujduar,kungimit
certifikimi,petrossian
hebroni,niedersachsennord
jorkuts,riorganizonin
dherat,drejteperdrejte
agjërojë,semiotik
tarqui,cycliste
ayana,nënpellgun
hajnë,ggec
aceh,teknlogji
brothels,kalkutë
glosterin,rivendosjes
pherin,strazimirin
sekou,arkivuara
kërcimtar,amynta
soliditetit,gengan
guajardo,jakupicë
bausch,rafinimi
zoycheva,multielementit
molarit,lljo
njëgjuhësor,performancava
makoto,ateliene
engjëllin,parashtrimi
kurcola,trakata
filiza,artikulare
nairobi,maicon
referoi,sdasi
utian,huazojnë
mbrotjes,xhandarmerisë
qevrine,ucm
columnna,dafinës
illgner,sharinganin
masonerinë,salltanetit
kishnarek,perkushtuar
rameses,rezervarët
meristem,afekuar
rrashbulle,lorekios
jakuti,bindjeje
ademit,revoltuar
pavijonit,nadirëve
gandit,shkulme
antisemit,conventus
quaja,harcburgite
transeptet,lubrifikant
saad,gjërësia
yeltsin,nënstandarde
katesh,larisë
mornar,mears
pamenduar,fiksime
palave,zëjë
ncis,vaups
mbivleres,pauperum
luftarakeqe,sociolinguistika
ilirizmi,uglar
kyrkbroni,kaçorri
sigra,aurea
sulltanës,khobar
hershmi,aktualishtë
zhyste,gruppi
leprojit,anbar
pico,admira
gurëcoptues,amplifikatorin
eto,ponci
fundmë,safiye
tëpërfshihet,koshtoven
puntorësh,sikla
clusterit,anekset
betakaroten,zbavitur
bocconi,rveillon
pafundësinë,augur
mbroju,autoblindave
plee,vepruari
ekstaze,garuan
guljelm,mburrem
krishtert,itud
folenëmbledhin,thoshim
alokohen,anteriorin
dblspace,fiatëve
sogorë,arkipi
shikueshmerie,vogelo
venezuelën,helia
neoplazme,gjermanoballist
marokien,zëvendësohej
ogostës,sidorela
bektesh,gëlqerori
narasamangalas,zlindre
kujdesohej,nause
capetos,erft
taiping,merak
macanese,kthe
mundësimin,metorimi
tardhur,lerës
okaz,kundera
reichsminister,thyagarajan
flakërimeve,claremont
funt,difuzionin
repblica,meidanit
kërshërive,furisë
kuoicienti,zgerdheshit
ngadhnjim,shprehuri
spinin,rinocerozë
shabllonëve,jimnez
guillermo,gazulli
akttregtar,mosfunksionimit
kshilla,vetëshprehjen
triepsh,ekscentrik
njëngjyrësh,studioja
roemeo,afanassjev
moshatarëve,beechcraft
sëpata,gurot
specin,gabrielle
monetaristëve,kukalaj
kryqat,sadedin
kalyanas,melba
vitetet,creshnica
cheta,feroishtja
presjes,oseti
filogjenetikës,paramilitarë
matjan,mishra
dill,skumma
albanischen,mariesophie
inaktivizimi,fluori
celle,miocitit
lipset,tinteresave
dërgoja,kushtue
nalukettu,dushqeve
mate,senjor
shrëder,tmz
danubdrava,njohurve
parane,natallia
rikuperohet,tuajën
sivëllezërve,gazte
releja,riatdhesimi
ksovës,zerv
bruçaj,interpertuar
kronlund,palut
dertyrës,bashkëfshatari
divadlo,llapjane
diele,ndërtur
elinagër,katharine
mileshin,paplota
seidi,ekofiziologji
amnore,falklands
motorcycles,fundimi
radionovelës,sofinë
mazurka,turrje
peshqish,përbindëishve
perbuzte,parantezat
ptolomaeusit,bedenit
urakës,ahuri
historjan,lapit
valëthyese,goditej
qëndërsulmuesi,inflirtua
ci,inicializohen
gershetuara,zagarët
tejmadhe,postkomuniste
lartën,pelagut
smilodoni,nsautorët
paranoike,daro
proromake,kozmetikë
vushmaqin,haq
skari,humbjesh
arnulft,gasandes
proaktive,rapidfire
shtroni,inqizuar
kriptoanalizën,buonarroti
presidenta,cryer
procesim,ciklizmi
hebreu,hidrografinë
hartonin,sato
xherom,suture
provonin,legatus
imperativ,pendesën
jayaprada,urashimën
oline,mujsh
transplacentare,vukashin
pjesemori,dinarët
avers,lekuren
xhainizmin,camorra
merce,entuzijazmin
gjethrënëse,ishkapiten
naturale,nannie
rh,stem
gërqishtshqip,kulakottani
mëndafshe,klaras
ballisht,gladiatori
mprehtësisë,relecante
pedologjia,uthmani
liberia,legatat
legalizoi,anthrakothererët
rangabe,oreksit
ndrysheose,peletier
terheqe,aira
vushtrisë,ekzaltuar
kretas,drona
thjerzes,jopopullore
dhëmbëzorët,makroskopikëmikroskopikë
blasieholmen,stagnos
bolus,saducenjt
niketani,llogaritësi
festit,fërkim
mbrotjese,avanit
përpirë,prishjet
rosarios,kopshtarë
dhëmballa,earendelit
pdat,qëdy
perkrahese,produkcione
izotopet,tualetin
pronesi,cilkën
lucën,ironinë
sprotiste,llambe
etore,israeli
micropayments,brcenas
colestium,gladiatoret
toolkits,konon
eordai,punësime
shtëpisëpër,ndahesh
rregjistraur,barbituratve
tankerëve,lokuseve
deperdrejt,seele
projektmarrëveshje,kalbësira
veshëmbathje,carbonzotero
perfeksionimit,milicive
etc,biila
balkesir,jugi
osetisë,nachdruck
gjendrave,predispozuar
scheduler,vilfred
ndreka,endoskopisë
mëhallës,blushes
outputet,krismën
vilhemit,kalasha
luxhërisë,merrem
jarl,mesimore
shabbatit,memling
veriuteuropaazia,vazhdoje
malignancies,vapors
apis,epnë
stanfordit,anonimiteti
gleyre,trinitrique
vlerësimevë,mundesoi
semberisë,mbrujt
fërkojnë,jarno
shaun,rreshtimet
asuan,papërgjegjshën
mikrorajonit,dimitrovi
freed,vucja
peçena,sheriat
cerci,zëvëndësministrja
iksavaku,shkencëtarësh
chingiz,ndëshkuan
souilly,proja
vitis,shpëtoshë
xhevë,diplme
çinhaitibei,vecindario
protokubizmit,msuati
bigonzetti,trace
linguistic,rijntë
streni,ktk
inauguruese,urim
kakautë,circumpolar
puntoresh,rekreativospotrive
miniseri,shëmbullin
venezuelian,tubacioni
lodhëse,bardhajt
kutade,eurazinë
desensitizim,udhëheqes
djenko,urbanistikë
gazata,shake
furrtarësh,qarri
epokat,velko
komiku,ennai
vasdsadaend,kuponë
ndeshët,rifo
plcker,pleqësisë
bakumatsu,pojatë
homonia,implementimi
realizatore,bloc
pacifist,iptidaijen
replacements,hinomit
pzmny,paradoksesh
merrez,cholerae
vojevagna,vatanit
kontesë,banditëve
pothos,verdiktin
alaha,servantesi
zbukurimesh,njerës
hierapolis,ehf
terakotë,bukël
sllavokomunizmi,diones
beqr,galile
montreuilsurmer,elitar
kururë,tenn
maqedonishten,hyper
rhodiana,bara
karagjorgjeviç,xhiruan
indoeuropian,obgyn
muca,tejkalimeve
akatsukin,antropomorfizëm
jacobsskolan,allindi
zonbor,andrime
krijont,kelelës
naun,urtin
zosimeas,flegrat
foley,fibromyalgia
pampanga,qullët
shimedaiko,ndryshëmsishërbyesçirakëpunonjës
nentori,zidhekafe
bushamaku,ishkolonitë
sapohapur,operalian
polinezian,budiztët
hermupolit,inverzioni
kamchatka,dionizin
gllavës,logaritmave
futbolistik,mesonet
socipatike,shtrigave
suspansë,chivu
indiegogo,harpy
kavove,orllancë
amorin,sistemevepërpunimi
delegatit,penjohurnepermjet
amezaikut,tridhjet
utd,delikuentësh
ngrijnë,peshkopet
kallamet,liing
decahedron,fuqine
krojeve,rimlandit
guren,lavdisë
hapësirëkohën,karalibeun
golashenueseve,minberit
asuantod,teaser
sandayu,lojerat
xhagolli,lëmenjve
cherry,zvicrran
sedy,rocket
njehesuar,gurinës
anesan,kalaganga
dënonin,akercsë
personazhët,thavil
xhamis,familieve
frquence,vizitoj
benetton,drapër
dominici,ujka
juridikut,komenton
torrishta,angular
galantë,ishblloku
geekklutz,trare
angiogjenezes,nyads
karioz,anhidride
topogjeodezik,kapricot
argjiri,bordonaba
kallëzues,goldschmidt
furi,shuradhaj
bakteriofagë,elie
këmishave,masiela
vadet,dare
dciman,tpmt
stomatologe,katekizmin
niedersterreich,iseukaj
trrasha,sinoimeri
frape,zhandër
nasiride,boyfriends
trekëndëshave,kusagakure
peniteneze,magadhi
vleresoi,shpiksi
erhan,tringëllima
aleksia,junk
shama,materjale
eskatologjinë,gpf
ving,keun
vetëmbrojtjes,korrierët
tejdrinessurrojarrenujmisht,zallong
mëhill,ekspozuese
essem,larter
çajniçes,eisack
stutz,appius
prust,sidcul
mayerov,përshruar
cilesore,clair
emirit,kelin
gayla,kuarteti
burgime,ndjejshmërinë
osiopen,nëpunëse
kolesjanit,malëziu
veshtersite,vendpushimin
entuziazmohej,funksionuese
antoniae,festojë
nihanin,somatike
sulltanore,lanin
chaitanya,çifllëk
radhorë,gjinishi
kundërkryengritjes,osterman
ambulantore,tonit
prishtës,barutit
prodromale,kollokotroni
cociuba,donzella
shperthimit,gruevski
dekodifikuara,elastica
ligjeratës,luçia
tahallohet,xor
tbilisi,arrestimeve
spiritualizmi,tipospecifike
tragjedite,sysh
marinaj,konstancin
euromaidanit,teriot
qarkullonte,gestacionale
linguae,taifuni
koder,poznanit
zisuf,adresojë
rrobulli,marihuana
szirtes,mizukoshi
herëshmet,urdhërohet
mette,alluvium
deschooling,goden
aleancen,gramaticieni
legjindës,sygjerimit
fjalëpërfjalshëm,medheheb
asgjeja,mëtutje
kovaç,halvet
konseguenca,ymerit
tauridën,tekstilevestalin
ndërrua,firion
ouroboros,siguruara
bizeles,kuptueshem
gags,maldivet
lura,trishtues
pirun,bashkuen
konfesionin,terinit
shumëlëngjësh,teodolitin
bashkëmoshatarëve,thumba
inas,tuanku
ripërjetuese,helikodat
mmmansoncharleshtm,dolunay
materialeshatomet,polovina
amirës,narteksin
nihet,uitjen
january,drahmet
përcjellshmërisë,mishkinin
korani,lecka
doping,tanishmja
kamzës,ejugut
avdiq,raketor
reforme,tempit
raprezalje,konoptarisë
qishmëdhe,floririn
përngjasimin,dalmada
kimke,ferhofshtad
skylaksi,drejtes
dimitet,shendetesi
kofano,bejtush
krasniqaj,tire
kodiya,abdelaziz
klinsmann,troposferike
schir,skanerët
benhur,përcollët
niteroi,spektrale
gjenomët,viitë
emitimeve,animin
xxxii,grigore
linearisht,gjethëzave
sigfrid,pagëzimorja
xhenxhis,hapu
keqën,agjencione
rizoide,mesjetarë
last,haivazian
teperatures,nsonjë
stenglein,rl
psikometrike,shield
proust,farërave
dikasterin,bulevardin
mbiujëse,dallaveraj
juncker,qej
vënt,themzë
palinën,beqaraj
rijekë,portland
terapise,erz
kopshtarie,kankan
audion,arsyesh
tonias,rocker
inertedhe,nënndarja
marijas,absorbohej
konveksional,mosbesuesit
gjelbëron,malazezeserbe
aplikuesit,sypozim
vilson,kryqëzatën
omajade,suleiman
hiiumaan,këmbëngulësinë
delegatin,rotarianët
ndeshjeje,istaias
ambal,lemushki
provider,murenë
bujqesore,funksionaliteti
osmën,statistikën
artistikosportiv,epidermi
mihallaq,telemundo
kristinës,dyskritodon
propaganden,ilirisëarbërisë
brahmane,ketërve
valdanos,drejtorati
çankaya,ingranazheve
çanakkales,mayfield
evitimin,çvlera
administravtive,erica
ereksionit,epigjenetik
gaudin,ekzekutivë
jetimësh,organizatoreve
rinneganit,provokimin
hyrse,leksioni
venedikasi,gjeorgjianët
specifikacionit,cuobana
monolite,anamalsit
luitpoldit,xhate
armatosi,pulinit
ndërmjetësor,gjerëtanishëm
bukurite,siranush
bnumri,ureter
kryekomandantin,karavelov
pile,soldateskës
nuneshatpara,geng
kurtizane,yudhishthira
sopoforik,biznesmesi
levantit,metropoleve
uzines,lepurushit
reserve,hopkinson
majëzuar,atdhetarëve
frymen,margjinalizuan
hemoglobines,tristia
ndjeni,hallelujah
lefkardha,kadeti
bacit,folktale
regent,ribotohet
lekturime,kuntz
çetnik,veterinarë
njëritjerin,sslin
vdesi,koeficenti
sarolta,gjatat
amfitritës,guilas
çekëve,kendues
chadian,fiziologjikë
esdhe,bioakumulimin
saulcesmonclin,mahmutaj
patkua,përaktëse
eratorët,sinkronizimit
diskotekë,ndërtlidhëse
minuteshe,instinktesh
unikkatil,asgjësonte
mentuhotep,mebhath
përligjin,marcelle
tavernë,folia
filigranëve,troftë
kolitit,perfaqsim
verand,tebes
kostandinopojas,dalokaj
krorezes,lejë
norvegjezët,cën
hyena,shakallë
chouteau,profecinë
ziliqarë,perfitojne
erduran,lulëzuese
çonë,kostandinopoja
medresantë,perdhikulë
sylvatica,sridevi
zhelinës,training
rrenjëve,jasonin
lehtësisë,luftone
parafrazuar,argëtime
paskajorja,zharg
kandë,gezoi
rushen,membranes
besh,gopuramë
ulaj,visitorë
arkeologjilk,ndërmirrte
tejdukshmërisë,njerkut
pishine,kunstmuseum
kalat,taniperdoret
rat,puits
cingëroi,shoqaa
kahësore,fshatarsisë
katarakte,cilësohej
comarca,ngaherë
frena,brçkos
orientalomesdhetar,gojët
përçara,saudisë
mehdin,aegna
konkluzionin,njejtësi
asimptomatike,klay
mziressuroise,shkujdesjeje
shperndarje,zenigata
sporades,ankhesenpaaten
atintania,vlerësoni
deviancës,mitokondrish
sinamrisë,trei
njejëta,shameka
langan,leba
roughnecks,proescholdt
iluzioniste,antikash
filologë,vazhdimsisë
terrigjenëve,samir
tibialis,ganesh
façatë,çekreku
lindorekinëkore,kavanoza
onderneming,gunter
parashkolloret,mahendaravadi
dietillogji,supplement
tautologji,nhf
ginevra,monteskje
anëdetare,zëvendësdrejtore
aneë,profiluara
qetesuesit,policimin
gjysmëshami,heloiza
komfortsepse,karadjorgje
danimarkanorvegjia,uruguajane
esches,kohzgjatje
usinë,gjarpëron
gërryerjen,misato
fajdesë,vrullet
nieriu,duelin
kontestuan,leksi
delismon,përzotshme
maina,dyjap
foni,telekomedi
qartësimin,basketbollistë
cozzaluzi,shëlbuemi
tepërshumë,periciklin
stud,merimangave
ishkomitetit,dhomëne
mendjeve,maulvi
numizmatike,krahasimkur
gënjeja,pezullojë
ilok,joanisi
piruvatit,aido
rota,ndërvepron
mbretrore,elhasabah
antic,papërlyemes
varahan,rruzullin
shiro,mackinacut
ulçikës,elteva
garniznit,epiteti
gulliou,vllahinës
demtohet,hydrokloride
purgatorin,ithësej
gjithëdijshme,parvatakën
sotmshe,buddhatvan
prod,piruste
konsumoi,xhavellës
bayeux,ndëgjonje
pekkanit,radom
gjurmuan,ext
replays,kuptohemi
vermes,veriveriperëndimore
plopana,guribardhë
duarshtrëngimethandshaking,vetëpërmbajtur
ekzekutueset,cigan
sigulda,batllavës
ekosistemet,sheperi
refugisë,honey
analizoj,togashi
sërf,heartilly
daniele,ajetesh
serviliteti,columbi
braband,aneksonte
pzhbvve,kiloxhula
placebo,ekolit
vasha,rebekës
nlja,serbokroateboshnjake
qaflesh,shuem
pulsion,gondar
singlei,iseult
shënosh,altensalzkoth
pemëtarisë,përqendruese
hoeness,katalizohet
miliarderi,nematoda
monge,courageous
politikohistorik,todevski
geci,zygnema
ptolemaik,afganëve
vanduvrelsnancyest,birmaninë
djevojka,rafalet
paradhome,ahtum
autorizoheshin,fillime
oberhaus,fekueca
rifati,hoplit
defiçencë,transportonin
diferena,tregetohen
zbërthim,pase
lartëkrijimtarie,trafikanti
asgjëje,foklorik
rukia,kukësitbotimet
gjilanasve,arqile
vrazhdët,barbarizmi
ruyter,semaforit
tonalitetin,pedagogjikpsikologjik
mështetje,milkani
zhvilluarën,cpuja
kalgi,proletarius
peevski,folmet
taktikale,ionization
anulohet,porsamartuarve
jirayan,zënkës
kono,dakordimi
rrënjësh,bujarët
strategjise,madhësti
ishgjeneralit,pashaliman
baroku,deshirën
malësoreve,modulimin
sterjo,kavouri
jobiometrike,mbaresave
zbatueshëm,vettu
irmaj,totenham
sulphur,bisedor
premierat,eye
shtupeqit,pjesma
kanonikët,kontraceptivët
poliamide,paleokristian
philippine,karnivorat
kataloguar,karatese
kpuk,sajvjen
detroy,kujxhija
nanto,zinova
polipeptidi,detektimit
çabutrot,shëmtojnë
companisë,riformulohen
terakotave,azam
hungerberg,thotëqë
taskbarit,clumps
fantomat,permetivitetit
dmase,ghaffarit
kevala,ambrosiana
anetarëshe,dimoula
vllaznija,merush
baranquilla,hirono
haskell,zhegër
norgay,rishpërndarë
përshatshëm,prodekanit
rrahmanin,thurston
hurrian,gradave
koheve,prqafuan
karak,abruzzo
pleckenbrinksee,kategorise
irlandezëve,ekonomikekomerciale
blinisht,gjenisë
obelisqe,shenden
orollogaj,bioshumëllojshmëria
ranatoci,kampus
althalab,loze
kafshua,aidhe
çpërfaqësojnë,shumëta
serezit,ahvenanmaa
transportimit,fenimore
korintik,trikallës
tatuazhuar,bruhut
taunton,performime
anglo,transmigrimi
chanakyas,temetet
ekuivalentimit,sekondat
ay,qelzës
çakmak,agresivizues
vallëzohet,atmachintanin
basilikaherakleia,mesapeve
besaid,rraçi
freskim,leagues
pluhura,brus
greshices,paleoklimatologjia
ona,schemmel
orsinit,qëndor
tatime,trobriand
orbi,kompaktues
frankofonisë,jes
ngadalësohet,shpezë
puritane,burrërinë
meret,garret
gzk,sorbier
gilby,vërshëllima
arhanxhelit,paco
dimërit,hafizije
pulkeropolit,robsjohngibbings
success,zoteron
klorofita,njehen
paralelit,kanosje
atletizmin,rënkimi
karameleje,tazuna
klea,ekzekutoni
pekarëve,improvizim
shenepremtës,gllëga
padia,confoederatio
skalohet,epiqendrës
spahiore,piktoresket
lula,regiomontanus
japoamerikanë,lhakhang
varioheshin,spasit
hotarugari,talleshin
ilioni,errëtkafe
ahrar,jogusllave
ngjrjet,fruktozes
mbeshtjellja,eozinofile
nicosia,ejrihut
femtoampera,kantieri
maturohen,rrespekton
nargile,bejlereve
ekjo,lllobregat
libitum,abbotsford
petraqi,rezultative
dobrogostea,mind
inyah,thurë
husqvarna,nais
nousin,latineitaliane
ruterit,kaldura
kovid,prosimianët
dëshmuese,selefit
anomalinë,vitve
tibetoburman,henritkur
maniok,nemanjiçëve
clap,shperthim
deftere,mukozore
arome,idhtarëve
plazmamembranës,përshkallëzohej
sejdinë,pagani
ekuilibrist,ozai
bulbet,herzog
ngriturve,kukësshkodër
detyroni,vanarasit
daimlerbenz,vulosje
heilmann,skuqi
mulloy,halloch
zogjdhe,jimmie
mburojat,mahashivaratrit
muzikoletrar,modeloheshin
shpejtoiup,prapseprap
inamor,ullemek
trysnie,ravi
trikonshe,jeanneemilie
lxxxxi,mitralozëve
bujshmin,anëcakët
zçlirim,çermë
superlativitet,janjevë
messazhes,renovimet
trimërore,mbishartesa
pëdorin,ferrata
stërmbushura,lodhin
zues,ngadhënjimit
republikanizmi,aksionesh
mison,pedagogesh
joaquin,zamenhof
vegimet,shembjes
zeppelin,revulucioni
venkatapathirajan,bëftë
punu,anousheh
acdc,ambicieve
epërsor,dilja
millicent,jeffery
sitamarhi,zarate
speaks,ishduhanpirësve
surapshvanathit,udhëtarit
salvime,anselmit
osijek,erikut
murana,mjegullnajen
aeolic,hojkinson
shemshovasit,pastoriusit
vjetersise,cemetery
portretizimet,dinamitin
tokhmakh,herit
cotopaxi,neka
telrif,kotori
përposë,ahidjo
mamaçi,alisane
sahabin,federaliste
lakmi,nanoari
sorokin,verbandsliga
producimi,fatiut
jasharët,golomesh
bukuroshë,bamiresie
konicë,nizamati
agallaret,saguntin
vakumi,shtegtimeve
engelsi,vetëmbrojtje
çiklizmi,medinën
mirosales,civis
rreshterëve,gratified
sadria,gëzimeve
jashtëtokësorë,përmirësonte
vështirësisë,plakjen
ujëmbledhësa,bug
pesten,buci
montazhier,petrovo
dyiarbakirspor,boiscolombes
kampim,rakitiin
radikës,larguane
granteve,perlis
separatistët,starbuck
hajo,dna
evidencuar,vuçiqi
arvanitase,ulivieri
perkursioni,rrufeshëm
pagezimit,transilvanisë
perndjekurë,përbërëseve
parvanos,andorramaqedonia
qarkoren,evidentojnë
eksperincës,skuadriljes
xhefersonit,vitetve
jenners,bibidit
kurrikulë,celebrimet
heynckes,sotiri
kastravecat,përjetoj
memorialin,anh
dandi,pararendën
chorionic,skicoi
dizajnonin,tsuru
betametazoni,valencedalbigeois
tektoniko,illirian
operohej,shikohej
lancastrianëve,militanti
vegjlish,ollezy
anaksimandri,tragjedish
ponderabili,triion
polychaeta,kondratyuk
kastalisë,rekve
emigracionin,alp
oiutjera,dougen
aokijit,guvernantja
agartala,informatve
parabolik,shëllirë
farriss,razvijenim
bogenhausen,pampelonne
gradecar,hartog
mshel,epigrammata
termalë,faq
reperët,lendoj
kolaj,intensifikon
shkatrimit,shkatarrimi
mjeksise,interierëve
përputhjen,bacil
vivo,atllaset
xixtë,besnikut
anoxygenic,angst
dytelëshe,mirëmbahej
aacr,nulta
gradimi,anëtaren
qëmtoi,aukserës
kaskaden,blackpink
koz,sheikhupura
shkumbëzohet,tshen
palmë,nxierrte
përvijohej,patronimike
tenvini,sinjalizues
konceptojnë,tërfil
eunukut,sault
migrime,pedroza
rigjenerimit,mahnitës
miray,dardhën
drinës,tëvaja
come,tyilrive
onos,novalisi
përparimeve,rapti
adik,roxherin
tingëllojë,normalës
daniela,faisalvaizman
mabad,tourkoploukon
detyrohem,kattegat
vjetorë,thjeshtëzimit
hashek,kovacane
leggende,patronazhi
candi,villierssaintgeorges
charbaghut,aldiss
frekuentimit,bëjn
xanthit,kudër
kazbek,harxhonin
shpalllje,kriptuara
zëni,matkal
eturve,madagaskaritqë
nëndegëve,astibo
smbahet,poligine
dravskega,gollombopi
njëanshmëria,ngjiste
posedues,saintdierdauvergne
megjodoviqi,aubeterresurdronne
nominimet,thioesterazës
diyarbekir,kudhësit
bajrë,cerepet
pradosha,rekomandueshme
kënaqësidhënëse,multipërdorim
anglikanizmi,animizëm
clirimtare,mahoney
hetojë,sekretojë
kandidatanëtar,grozni
ivekovi,koncertmaestre
shfrytëzueshëm,bucylspierrepont
assesi,malena
ferrun,bideja
blitt,ladeni
periodontale,dambrosio
biram,pauliane
amplifikim,food
romae,postulateve
tianshan,hugues
qëndruese,mpeshqeve
hipsodonti,pellegrino
gungave,sulovës
abyssinian,vranet
mëndëra,lendët
strict,benda
krionika,pisaurumit
laojun,gocë
gjeofizik,menjëhërë
palatale,chaeryong
sirenes,shtmit
lapidarium,kryetrajner
republica,referencimi
maksimumit,prokurorin
paraqitnim,rctv
janakit,njerëzitpeshq
copyleft,sirenës
çobi,psikologen
kancelaria,lucylebocage
recesive,përsëritë
murxhitët,sepale
casnik,zmaj
valimi,finishit
pecën,beuys
appony,moldavëve
kolumbianë,torturash
hamurabin,flor
vjedhësi,nëngjyqësore
sistetizojnë,thulabara
cartesian,dëmshem
obligimeve,sistemohej
ndb,hoch
transvestinë,bots
polarizator,prfaqsojn
echelone,lëkundëse
greqishte,mvarësin
karmni,kamy
lanouaille,munduan
tiroksinë,sio
rimineze,membrat
frashërie,ludi
bejdeshatë,pauest
studjuesë,beja
dzkie,prospektive
varnia,senishti
munsten,lodhjet
gaia,sthali
nidhriotëve,clusumiclisania
lëngëzorë,paspartusë
shkurorëzimeve,thërrime
korsikë,spastrojë
infortnatorëve,dekretuar
tenoktitlani,eventi
ishpresident,determinoje
janicereve,tokad
selacin,parakonfiguruara
bashkëprodhojnë,vaghela
hireotheu,fuqizuese
fjalëformimi,dekolli
litorali,mariemadeline
tekmonin,çelesave
periodos,navaja
turiddun,distillery
djerba,parivar
developing,vastupurushamandala
caldiero,joti
sellës,margaritarë
prirës,nestulusit
ëasmes,thelbësori
zorraxhi,calling
gares,dëgjosh
zedkov,përçuar
marioneta,kontrabandon
marieta,gurdilo
galicia,karkteristik
charit,skedaçegrani
lici,haliloviq
gushës,pendohu
verdenik,gametëve
lumenjsh,çarmatimin
shtëllungë,flisjin
impiantet,flandrijë
nëprmjet,jepsen
bajrakun,dedli
pershendeti,citimit
shëmbëllimit,shnagon
demika,shizuoka
qumështori,rikrijimi
molester,postkonfliktit
sumne,samarrah
ullu,papingas
oinin,cirkuitin
vellait,macondo
pai,junin
justifikimit,sajadhë
vincenti,pleiszoceni
kokëbardhë,limfen
shovene,larvik
shine,larkspur
arcadia,kokaina
phnix,khalid
dfia,marechiyo
lamizana,krste
nashvilletennessee,tenistike
pergjegjaj,vineyard
përbejne,detarit
gjirokastërlista,gallea
termomineral,laporta
freires,dubluesë
lekitëta,mirativë
kunoy,regrutimit
lindjeje,arkeologësh
gërget,përfaqsues
perplasur,karagaçi
frymëzuesi,perpceptohet
fichipeti,tribun
genealogiai,fungicidetherbicidet
iynemli,rrushin
dramaturgjie,daoist
fajtori,misionerike
mësonjëtoreve,festuca
fijacin,ndjeshem
kafeina,jemenas
isar,lpsë
dhriva,levizësi
kurtagiqi,pagëzimi
skenografët,asokas
santangelo,sarif
mirenjohje,nevrikosurnxorri
regullon,publishers
ekonomikoshoqëroresi,dodave
skellefte,suharekëprizren
masivet,zombies
sensorit,komisarët
bronkët,inefektivë
mic,inkurajuese
cuce,ishanëtaret
nicd,sangelaj
çlirojë,sagittariidae
enes,hunke
dukaginzde,kaibruar
kerrabes,quditen
mpbja,canzoni
knox,përkthehët
anten,komunion
nevado,kavalli
pasaardhës,kryeshefe
raketadhëse,precizive
yjenjohës,tipografët
lionduke,coelcha
generis,verdagueri
haro,sampdorias
errësimi,pakomplikuar
charter,kordave
pajtueshmërinë,apoptotike
ivanov,dhikrit
peterit,linat
bulollari,ubangi
përngjasuar,nazofaringeale
mbarboteror,kariqin
lakuna,festivaln
ivani,helikave
poeles,huazime
less,agat
pejgamberë,jaisinghun
aragonez,tabanoci
zëvendesua,argona
ardhjesh,omar
santi,gjikës
kapitole,sajën
marburgun,sandali
tenebrizëm,islandën
connally,docenza
sampdorian,transformatori
autobusin,heparinash
kruna,premtës
shkëmbinjëvë,labovë
gojdhënat,elasmotherium
evaluohennga,formularin
dersnik,pësojë
përceptimin,filologjine
përdoruesitkombinimet,çmendurive
zaranikës,dieppeouest
bimbashit,spektrometrisë
doll,tavafit
menon,pikëllimhelmqë
vllahë,ekuadorianet
magjepëse,vti
antipredator,sanada
mimet,draçini
pretenduara,lovelace
shurdhan,bujqërit
manovre,blistër
saye,turandot
unimaginably,lulishtes
rts,carshalton
krysta,holografi
mavis,bloomfield
bootlega,autosradën
zhvatjeve,apostafat
ravena,harapëve
shqipgërqisht,lippestad
ordosit,molize
milonguero,matsudaira
nathalie,hazratganj
francia,hoxhët
patentim,along
dëshmorësh,niortest
altman,pitagorianët
fëmijëveçthoni,vigjilentizmin
menduari,tapet
ristenozës,pavlefshmërisë
arnon,kushtuese
seen,korrilave
quinta,përballohet
tekkai,cenon
triolive,dense
smulders,sidretulmunteha
elamit,llokum
domestikut,tretja
ncr,hayrullah
turkoarmene,lejeve
pustules,praj
peshojat,ccd
sheikëve,unescoja
safety,shëlbimit
hypathia,filmim
zëmrave,itifaku
supervizor,tuletën
chucku,malazogu
schiphol,korkyras
gjallësh,stepësm
shtojcënm,baily
ekzitimi,cumberland
percaktuare,babjes
rikrijuese,dobruxhës
trdets,vëndosur
karolna,nuo
sherbetoreve,because
stubell,adapt
bayani,zjarresh
paradigmë,rrahurit
infanta,ganjit
courtois,indonesian
kajron,kaolinitit
ecurisë,konglomeratët
malëzi,degjeneruese
fajësinë,kundërshtyese
nacionaldemokratës,persuasion
civica,thorana
sheehan,nervozës
leximeve,guackës
luebeck,bartshëm
bunaçit,mundësohen
bettany,adoptim
rrallohet,euromesdhetare
lutura,vasiljevi
fshatarit,paintegruar
botoja,emni
bhagatit,marga
kthjelltësi,tequesta
urdhëronte,vespucci
saviq,cla
letërsin,zgjithet
favorizime,sectumsempra
shumëzuan,neferefre
adultizmi,balonë
britshme,nënkalimeve
hesiona,gjuejtja
seve,shërueshme
rezonatorëve,zorns
zbehjen,turr
bules,banjon
ceremonise,identitetet
përroskave,kuduse
ramo,buedelmonti
plotësimet,metropolite
veshësi,agf
coje,stimulacion
tëtijë,kikyos
kahnitdhe,pulë
suellentrop,fuzionuan
nostalgjike,amatoreske
areolae,sërbosllave
kenshiro,kriminalitetin
studencanit,matutinus
cëdungu,vertiakle
misirin,tridantsh
isisin,plagosej
analogjitë,mikkel
uracilë,rifilluar
kurtulaj,shëndrisin
lopushnitsa,oberland
millikanit,polineziane
goldmanrakiq,ceremoniously
erotica,gjykuara
falconetto,arendalsvarvet
konvencionalë,aloysius
aparaturave,rexhepagiqit
fdpja,llojshmëri
bët,stratified
elmexhid,spitfire
chr,ekoja
badre,corespondence
duhanpirjen,pohoj
koenzimë,shtetasin
fenologjike,kaziranga
karakterizimi,matthey
tan,udbnë
holdingut,varfanjakësimi
leht,binit
amlia,roberine
arijnët,zikzaket
pensionimi,amputimit
patronimet,hapuri
vakume,zgjeroni
nënkoordinatorëve,kohl
qiriazin,simpatizant
pisistrati,ichigos
hatixhenë,erzurumi
serembes,papushim
manuskriptat,prologue
punetori,politicien
kbs,vestigje
umbrixhin,tangjent
qojë,bukovinën
çokit,subkontinentit
allergens,fëmiëve
ndryshkut,shtysa
stimulohet,myzyrit
hipotezon,hunn
çunaku,procken
përformancave,kidder
intepretimin,deflacioni
gjymrykun,stilimit
tuvana,paramithis
radiolog,bergamenses
pashpjeguar,amorasit
pezmatim,bajrang
anonët,sunshine
gekos,ngastrën
adolfhitlerifaleminderit,kioska
lzhk,hizbije
lelshua,egi
ndërtesen,moonrise
kaishaku,mpiksje
lulusia,klariaët
pksë,rehabilituan
teknollogjitë,mancha
propozuarit,midiaenos
djelmosha,njeqelize
rrica,yakuza
harmonik,janjevëgracanicë
importimitblerjes,vlasdimirit
alfabetesh,deshmimtare
krosigk,yatsuka
httpssites,anestetike
konstruktet,pergjithem
frutet,kimizimit
binakaj,hagiografia
freskuar,magjeren
çeshtjës,samuraive
ragnarok,enkulturimin
qepallë,hammerfall
pair,rubeni
dalliu,ashur
përsëris,kantakuzenos
bisedimësh,zgjedhen
audicionit,billard
parfumi,yunnanit
arianna,pande
bogovina,pashme
fotografon,fragmentuar
peevey,sandviçë
indusria,pushtetore
bankingut,avanttrupa
ezani,ikonografi
arabishtja,obstetërgjinekologu
youme,paraindustriale
benaf,jargon
vladën,dpr
sapolindur,bruztë
hatullave,ramabajen
erupcionet,guvernatore
zahirit,shërbyeset
tranzit,ehlisunetit
tyrbe,mumbai
transit,katolischen
elektricitet,latice
gençlerbirlii,pseudorandom
famshmes,djelmoshat
madhëroje,isla
icefields,shtyre
mbizorëruese,kriptimit
sheme,kojën
universelle,internacionalin
molibden,nkatun
guidara,koreanë
pergjatë,ngjyrosej
pavve,kontraltos
këhtu,ekonomistatistikë
shija,reporteri
therepelin,kosanica
filumin,rrogozhinën
makhdoom,bronckhorst
loh,empolit
nbg,pasardheset
toyokuni,reichskommissariat
sulës,mishel
bajra,darren
nepravishta,restaurimeve
sheqerasi,austeritetin
vetëushqyerjen,pip
elokuencë,vallettae
punësuan,nait
pancho,zaragozë
donationskyrkogrden,kasacionit
aleatorike,meditacionet
pëbërja,iustinus
adalsbanan,jesenin
arkondit,celsave
trebeshinës,adoleshenti
sfetigradit,nëntipi
hekurin,kaynarca
bulmetrave,kaida
mayotte,albanologët
ekonomiku,dunavecit
influencojn,perfaqesuese
kremrat,anetaresimi
ypa,rbd
ridekoruar,rirënditë
pompadur,hixhab
bagazh,cuper
piknike,debutuan
nguruan,biografë
tsubasa,mbrëmbjes
samurain,yuzuru
litvake,valencians
marihuanë,tergon
verrachion,hafsa
horkrustin,shjta
fidanësh,iemëruar
tufani,magyar
carlyle,santur
shiringave,filmuan
kemishë,betz
hanoi,haruhi
eiserne,bartolome
nahijen,paqësorin
nihmon,iluministe
anagarika,lalizolle
mistras,vetëmësimdhënie
makshanëve,shpëndi
belenenses,eshariut
imadh,dardhe
përjashtojn,arsimdashëse
mbyturve,pervetsonte
përfilluar,veturës
magjistareve,iiiii
auditin,negus
mospjesëmarrjes,flutur
mikenas,prokurorise
meziu,shumvjeçare
hikizuri,malltretimet
oranzhës,parmakë
minigolf,malecut
gadishmerie,perëndeshë
fotografite,moors
riparaqitja,personifikimit
frederikut,milinkevich
hopkinssais,fadilistet
demirel,debutuesit
kapidani,cimë
izohipset,dyrmishi
katodës,bokan
baxhoxhinj,schumacherin
dhuarte,lituanisht
furrnalta,komutativ
anderi,tenshinhan
vladislavin,snajperë
mernin,ruçajt
metamorfoza,qëndisej
demaskuar,kapilareve
bahçallëkut,amplitudë
materialitetin,courtney
përcues,modifikojmë
dul,headhunting
strapless,maru
friken,malsisë
arnja,pagodat
sprapsën,dorëzanueme
sts,djurovski
servanisë,arrtitën
nënoficerët,sheridan
simpliciusi,boing
likuidimet,seroze
kripërat,mirevska
valmir,dohc
tzikouri,saktësoi
dushani,kryeminister
trevesikurse,fluviatile
afrohem,royale
përfshjihen,selftitled
nerezore,servleta
ftonin,mushqeta
arashino,vello
thërrmijën,predikuesit
sipërpërmendur,kacake
ahën,beçiçi
kuantizuara,monarkie
qasjeje,antalya
cebut,vëllezën
pqft,meni
milleniumin,devanagari
lemingun,marshallit
tiristori,yahit
ndërsjelltas,sobolev
gërshëtuara,margai
sayf,janenaftaqymyri
ferko,herbartit
gorin,pronjon
grishur,kasitëve
pekanbarus,volgograd
zagorisë,postulat
stoa,neoromantike
plis,shkrete
bashkautore,srialit
persiani,përmbysura
postures,osvrtom
kuartin,zamorina
nënfise,josepi
mazun,rester
andras,espinar
tomiki,shënjinas
dhjetëdiskette,musalla
yahagi,tregimtarit
dimëas,qengjave
deontologjikomediatike,lozonjare
regjencën,nënët
privimi,oberbergischer
sekiraqës,sanyan
alaudën,bulchia
ishtiaq,kodrinoremalore
protovisigotët,antologjitë
producuar,bagdadi
ekster,ngrijës
kryeministra,uspravna
ramdasia,monumentaliteti
shërbyesi,fatime
trends,fshehtësinë
ndihmesa,kalibrimit
hipokrenit,handover
plinit,rubini
bullçinjë,apollodor
capt,baraslarguar
shpezëve,revolucionarizuar
papanikut,cmim
pamend,takara
grana,kaliasit
mbrojtjesh,dëemtoj
skiatorët,huldrych
bayerischen,deficite
ripushtimi,sponsorat
luçes,cilësohen
yaumulqiymah,autoradiogram
knauss,chisania
gjeneze,brdet
planar,afermuar
droboniku,lajola
duran,zvicërës
votuesi,ndjekësish
koleksionistët,ndryshonë
djegësit,falkenbergi
ligjëvënësit,çelsave
trejtë,tarabulluzi
atribueshëm,bragadin
cannon,htm
gatuajmë,kronikon
luftëtaresh,magnetitit
kva,anashkalim
shkretinë,klitizuara
rënkon,perfeksioni
motivues,trejo
filtrim,bistra
kovili,cello
tundet,mim
kuoten,pjerrtësim
kontestuese,connal
donatore,afrobaradiane
anabolik,igm
lidhem,kolska
kitaristë,kumllave
hovë,orli
rregjistrohejne,zac
qepët,fidanët
rishikuara,dërgim
patrokliut,billanovich
slatinci,patinat
berana,antinazist
vullkanesh,chhatrapati
idealizmit,havarijunët
ottilie,ndërkombëtarëve
rrëmujës,sulfatin
plasticitetit,ëmbëltorë
gretl,elektrokimik
picadilly,mamallapuram
apus,popolo
badum,teuratit
sociolozohet,gradësh
sheri,diskreti
etjshumë,cleveite
pikëbosh,pbbs
shkatërruesit,relief
riciklohet,dedlit
verse,arnautin
romans,verdhaari
rengjisht,blazing
jobindëse,apendisiti
gjithanëshme,lehtësitë
mëlçie,benic
gëzofin,kruri
fincimet,diodave
ofert,huajin
grafon,antoneta
gjakshton,embola
emrullahut,dioqezan
grupacioneve,kompletohet
orteliusi,manovrueshme
marshojnë,ndikohej
cydia,timoni
skribon,meduma
ndrrim,françeskanët
hertzian,finikërie
strehoi,saxhad
eklipsojnë,kuestura
sevakët,shfrytësohëshin
narbonit,potenza
çandraguptas,keqpërdoret
parashikoheshin,dervishaj
tmershmi,emergjencave
dobësohen,soliditeti
salcice,verejt
jezik,insightii
barde,ngurruan
pjell,kasnecin
putinin,kalueshme
ngasin,othman
bohdana,colombine
sbv,padyeshme
quajturi,flstog
çamet,evangelion
paqellimshme,ulimi
kopset,flavianëve
infinitum,medhhebeve
largëtit,gjysëmfytyra
gummersbach,penelopës
ambiciet,ferrand
mbs,trunoshpinore
rudolfon,remember
relivore,sundberg
ambasadat,frenetike
bardhtit,kunopalpur
politeist,nrke
mtsangamouji,trekateshe
ndant,nënrend
cordes,tbg
ptqroptër,dauticë
gjigantit,jomagjistarë
tuncer,ptuh
lariosaurus,ngjiti
liseberg,gunat
tifozerishë,jahrhunderts
joakim,arkes
bender,cornhuskers
grafikoni,falkenberg
eufa,lëkundur
foz,osprey
diskoid,suara
borja,sekuestrua
ornamentet,aer
dalits,dëfton
automobilin,baldassare
përderis,kadisije
jouniforme,penka
bajqinovcet,portokallkuq
mertingen,agjenten
vasubandhu,radiofrekuecat
stora,orionit
freestylers,agaj
dvdnë,hungarisht
konvergonin,komandoheshin
katërrokëshi,kreattiv
funish,plotësohej
gjymlek,vmrodpmne
thoissey,brutalitetit
dioqezave,ishvagabond
corinna,dadale
mucua,beltman
vedni,giovanelli
alibeaj,eordaia
shetë,peritoni
gjysmërrafshin,schuitema
mlesursarthe,vërejsh
dujakë,griscom
asamble,aminodontidae
antim,ouranis
inquiry,transpozicionit
stroh,bimorë
implementimet,karavidhet
inhibitoj,alejo
psherëtimat,maxhun
përhapeshin,vietnamez
misafiri,dromos
objek,nikërinë
mich,posterit
filipo,përkujtua
shogunit,nikeane
encyclopaedia,skoufas
nënsistemet,moldaviaukrainë
giditje,sanitation
hedonist,verintendentsmbetet
peon,ligjdhënës
mainotti,gjencia
izabela,bustin
perkon,intransigjente
feudalin,shëndetësoresh
barbullushit,erebuni
buenosaires,jogjenetike
këndontë,detajua
nsdapgauleiter,doloresi
mundsonin,sdkja
dëshmitareje,sagapërralla
prema,printemps
konektorë,fatimja
dehurit,kuotave
përsosuri,tropeve
lotajt,acetilkolinës
rizofit,corosteni
nei,kaloja
hellion,përfaqësime
frekuentues,verano
zefit,lucisë
deluge,falso
ngritej,dimapur
agregatin,echoes
formulohennga,bianconerët
nxehtesin,revadi
gojdhenes,titullare
kneset,shismi
ndesë,chepinska
maturohej,celande
pëcjellur,hindle
delete,diplomon
tirovica,komunsitebyroja
beninit,irakun
funtesh,llukarës
ojsimpson,osnatit
dashamiresine,veriorët
parregullsie,dualitet
ngushtimit,jitte
pavilion,arrnaut
nitta,xhevatin
pastrohej,vrarësh
sazanami,vikari
bdi,faktoret
keman,lahun
përkushton,vreshtarinesi
deshët,jorganët
cesario,zëro
haifa,hapash
anëtarësoheshin,fim
zbrapsur,barasimin
goulette,zbulo
fansa,igigi
villaricos,danebod
invazionit,marrshoi
nepunesit,multimajë
brekijë,merve
lenis,rusja
zelës,kapilavastus
triasikojurasike,gjokset
roi,jenipazarit
kaioshin,bicikletave
champslyses,atribuohej
grekoturke,fiorentini
gazetaja,socialliberale
arbenët,kokërdhokut
volej,shpërtërore
berverly,ursulaschule
avinjon,milionera
blizzard,ariga
nimfave,novelistikës
perrosguirec,caruso
truket,patan
habanera,parnorama
incidencës,prendick
tatlses,luajmë
karmës,anadolliane
odiseas,epshin
falla,lahouri
nezë,tevaram
sekuestrimin,narratizmi
gyanvapin,becca
skocishtgjermanishtferngjisht,emitim
linkohet,shkaktare
tramontano,muzafer
api,ishkoleksioni
naftëtarit,reformuara
daisenoki,hamijetit
udhëheqesin,vjete
supozonte,llakaj
leksikografitë,mndruloc
liebeslieder,nënklase
mejsen,blumfonteinte
queiroz,aritur
shikuesëve,shqetësuara
ndetimi,luitenant
përkëdheli,kapedanëve
depozitimin,ndërfaqja
bardhkuajt,përhimëta
mbërthimit,ruajne
camillas,gjela
vetënjohja,pëllëmbor
damtue,sigmundit
sherbenin,bigen
monografisë,ekremi
virgjer,britmave
xhemua,halvetiane
bitum,rinërtuar
rou,lufts
aurina,ëm
miranit,molar
vulcanised,skiable
kris,bittë
timen,gjashtëri
çelura,lyssbach
sectare,denimlab
ngjashjme,variola
haxhifejzoviq,autokolonës
tebanëve,kontrollim
nomenklaturë,elberon
emigronte,noterizimit
prindërfaqe,muzaffer
changeorg,hashemi
spu,banuesit
koncertist,dhëmbëzimi
ndiz,vrapimet
nag,bravos
pareshtura,banine
hasmeri,serbomalazezët
yisrael,berri
perfaqësues,irvinit
rikthehesh,kimie
legjedes,mutlidisiplinor
stugarës,brlon
luçianit,laryngoscope
sihanouk,kokore
halley,klod
inspektore,inçizionet
komunisti,gabhastishvaran
absidë,sharrave
ëndërrën,cleda
tiranisë,megavat
numerikepa,meridianët
najdeni,nertuar
zhyten,ekzonarteksi
vranësuar,vërboeci
detarashtu,titanik
nolamba,vushtrrisëtash
kërkimoshkencore,zëvëndësministër
marias,përvëlojmë
llapjanë,llulla
gollobordë,pampavathit
cituara,vërsulen
pashprehura,eksponateve
gjasatë,phule
bashkëbiseda,riprodhohej
anadollu,vtheuil
spinçiç,përmbyset
ekspozimë,lezeçme
komljenoviç,kreativitetit
bohema,shqipatre
denialofservice,looks
einaudi,riorganizoi
headunit,ognissanti
ndërtosh,nënsovranitetin
oullins,kompletoi
torvalds,ështëpiloti
rinjohu,lartesohej
sheksipirian,marinefordin
hivit,katërqind
spajdi,rsfj
daud,kalvarin
asics,latapatra
laurents,stayed
fajde,cesme
cristobal,vetidentifikohen
sebastokrator,përmbajtjesor
lekundet,bouma
modelohej,tgjithëve
rolanda,imagjinohen
peshqeshet,galileit
xehetoren,afërtin
minimax,sienës
kazmierz,ages
bunget,dautaj
taci,bromerit
emitimi,deloitte
simbolizmi,resursa
humusit,patent
lufkdojmë,volfgang
cakullina,përpjestimi
vendimmarrësë,spjegues
kultivuesit,barbarisë
pakontestueshme,konkurruesit
vetëkënaqësie,belvederska
mllada,turbullim
ipeshkvi,urdherave
renditeshin,negociatorët
përsenë,eurostar
nomini,agripino
milkshaket,kryetrajnerit
shkenctar,demaskojë
fictionalized,guzet
bargello,sbie
ssuntersturmfhrer,motoje
coltrane,lekseme
stilo,berishët
xhematin,ison
limin,lumumbës
novellas,vatina
varo,meteorologjiste
kompleksiviteti,miter
kotor,rises
padurueshëm,dezertimit
fenotipit,happencourt
pavendosja,stabilimentet
frankie,burgosim
belloso,halapensis
miçiganit,diskalkulia
frontal,eme
manikej,eksklusive
eine,pushtuesëve
grackat,hasësh
edu,rrjetore
ndjesa,deducation
xhirova,kurajoz
lundrueshme,kundërveprimet
heit,boteve
ndezjes,viviana
dalessandro,shturmi
memfis,exelences
fshatate,luftimë
pinjollit,gomez
jastrzbski,partridges
orlandosi,vinçës
leucine,germanic
ortogonal,poeteshës
tkurrjeve,parazitit
zakonshmit,marakaibë
cinglata,numurat
shërbeheni,konfigurim
hienit,subarktike
procesionit,gjuhadol
tuz,kambana
kondensim,sabedin
hatait,kyçjes
klckeskoogh,rndsi
ametin,sinti
protoperëndimigjermanik,grafikun
duncker,marecnë
kontrabas,keco
spektakle,horus
vijimit,academyshkolla
solntsevo,vairagis
shëndrohej,confucian
elektrifikimit,socorron
amnor,maghentalerit
sipërmme,solfezhit
xhiruara,argumentim
zoqishtit,cut
qytetitclyde,çamçakëz
lempes,denisof
pression,parakrahut
kodifikimeve,lukovajone
klitorit,madhëria
riprintuar,kakiemonit
encrypt,kryehet
argon,bernot
kundëraustriake,cezareja
abstraktë,rofest
gjarpij,dëbim
etnogjuhësore,pushkarni
endriu,derthur
ishçekosllovakisë,planprogram
mvarësia,cepheid
avullojne,sqepari
chateau,zanpakuto
irredentizmit,organelë
ammi,elktroneve
irritu,scheffer
islands,renal
alivardi,stubllës
intrigon,monstruoze
brygu,adlabs
përmisimin,kuçjotët
valvolat,shtetezuan
yangon,halebidus
thuasje,solfezhi
altamurë,skllavopronar
llukes,politeknika
kësula,dëshitoni
kronstadt,pështynë
tranzitin,qmi
joseon,ndrrohet
tavanitqiell,sinopës
purtekave,prekjen
lloçin,mikrobiologët
pritëshin,kundërajror
apelimi,gjashtëcepëshe
amran,hool
bube,basistin
vepres,tenkaichi
tonio,manthe
albenisi,janisht
anketim,neuroplastike
gofrillerit,rigjenerojnë
sygjerimin,kampingjet
psychosis,ishfederale
ziggurat,njohësh
inspirues,deligacioni
thopisë,celulozas
gojedhenat,përbetim
matriarkale,sarajë
fliegerhorst,rihapjen
zelimari,pimenit
mantenja,ulogut
dovrit,jeu
muëtezilëve,vezore
beachit,torturon
asiria,ornithodira
obretenova,zogiste
angzahime,përkryera
shfaqëse,ngatërrojë
amoni,pazarjik
hulefai,irracional
boljait,holmstrm
dërgo,lehonë
amfitrion,bacili
thanëjo,bioremediacioni
topojanshishtavec,gjyqtares
vulpis,ndertimitformat
xhemre,jetn
valmont,oakdale
poiret,nxënëseve
tragjedie,lubrifikon
topchannel,iroh
pelinku,folsom
kongu,ballkaniadës
kova,adnje
pineut,minutes
gjnisë,cilirrotullohet
shumëzohet,çpopulluara
nxierrura,njëpartiake
oeste,gurta
rozetave,pllenimit
mosmiratim,orkestres
zezat,pasurim
blinajë,sthalit
oste,rekomandimeve
tymtarët,ogre
krasnqin,diaboli
kudondodhur,apostolic
burunsëz,lakmusit
kripta,sporangje
elim,oxhaku
eventet,shekullar
grecs,mbajtuar
stomata,shilingash
dboriçi,biodiesel
dobrosav,higginson
pasaportës,birmani
hebreut,murqua
stabilizohen,ekzagjeruar
anuar,alzaimer
korrektura,disneyland
siguruarstadium,camunda
sakuma,cohen
detrave,nonomura
ravidassit,tetralogji
cikloni,vaud
foinike,përuroi
paçka,nevoj
lapsit,gerbilë
thyselius,assr
morofologjikisht,allegheni
politizimi,coptojë
adamsit,upadesas
teknikes,forster
ausonën,proqeveritar
terryn,obstetrikë
dunker,fatalizmin
imponim,anasjellats
gentin,severxhane
angolan,natanu
mihajlo,kujtesësjanë
fronet,drilonit
dentsu,bathsheba
dendesine,lidenbrock
trivikrama,galeris
katsuyori,nansen
shlyen,brahminësh
mbulesave,pëlaen
përkujtues,grenlandës
clusum,ureve
shperthejne,paradat
dasara,thornley
eutherisë,vullkanizmi
deficitare,volgars
abdulrahman,fallen
homës,librashitësve
rueil,astrid
grënadës,vivesit
dioqeze,bohemiane
vivieraucourt,diva
pece,ngjallën
dymbdëdhjetë,abdylaziz
spdin,parafjalore
programonte,hurd
thellësive,lavalnordouest
mitralozi,kongruentë
beçiqi,organimin
joesenciale,korporacion
numërnumrin,tardelli
sobë,tejë
kariotip,melander
gjirokastrësndaloheshin,përmirsoi
shumanshme,piroksenitet
cracks,ritregim
erasmus,dhurova
dështime,chaffee
etnia,mauritani
eficiencën,denatyrohet
azzurra,maharaxh
mbl,lbeck
mashkullorës,sbastien
akademiku,jomaltezë
fortifikur,ishsekretar
baikul,bereqetit
saarijrvi,marrveshjet
aldao,tabhanës
arshivi,spires
param,acharyat
anthesterion,konicën
gjithesej,heroldi
ngjela,romësh
kopilice,kërveshi
bashkohoren,barazpeshës
drejtshkrimor,infektiv
vetimunitare,kthella
kengetarit,transforminin
varfëritë,rrëfyesit
voskanian,dashurat
hota,fillohej
cosmedin,dinograf
speculative,meritoi
october,hutterite
mahendravarmani,kapsulat
zeqi,uruar
kryerjeve,kapilarësh
gabdelfat,filmografi
estat,shumështetësinë
elektoratin,lazaratasve
nehru,papirën
jetullah,ndajshtesa
mirëmban,pështjellimi
bernerslee,çetri
rottland,kampionët
euroshkenca,piedecuesta
shtatëgjatë,higjena
jagst,manipulues
vaikunta,ganna
bundyn,papati
shumëpak,dunaveci
vendosnirivendosni,llugaxhiu
numërim,patriarkanës
pjesëmrrje,chutsan
tribuja,gjujtjen
tradhëtarët,llagapit
vino,rrehatshme
michelsen,psikozave
cunninghamit,kumunës
admiralin,telamon
jeep,fsheu
hs,sangh
shuhej,shqipare
këlyshi,rendest
llojllojshmërie,ildefonsusit
lonën,shklqyeshme
gjaktës,dentisti
poloniumkalimtar,hallin
ostarbeiters,përballjeje
boil,pylltarëve
çekoaustriak,krotonës
parischarenton,nënkarpate
alqura,ajros
franconian,bmv
imitimi,caspers
ranavikrama,photoheterotrophs
muratorë,jaftueshme
indradyumna,kamiizumi
millovanin,shqiptarobullgar
tennent,amane
emendjes,mirnin
lartësoheshin,september
mbushës,thirresh
sociologjis,hiperventilimi
hyjunshiki,prats
amfikinodon,tdhem
catholic,kosovares
poetkengetar,lartua
specializimesh,schauspielhaus
teknikokarstik,zotoi
nënshtrojnë,hazbiut
amalfitanëve,goricës
lugier,dyngjyrëshin
egjiptianësh,deliyiannis
narco,messengerit
barbarizma,kiiskien
kavanozat,idasin
arkitektetin,poliknikë
aitë,jesus
hidromonument,pianofortes
trajnuesit,chaps
proçeset,gjallëve
ekonomikosocial,tundjes
shebenikut,indianojugorë
gjuetar,foekema
kazanxhinjve,poçerisë
lakhpatjit,zhargitja
fushtate,jaks
parritur,tregtuara
hidroksid,balshoi
rber,septemvridobrinishte
kadilerëve,keqtrajtuan
bashkirianëve,pseudoskalar
predispozitat,cifte
imediat,turboçarxher
deus,catorce
aleatet,pahulumtuar
hajrunisa,ngjasojnë
trilogjise,ssportin
litanije,epigrafet
kasbahit,pronorë
misisipi,ndehen
pllake,ovajja
pozcionet,xhamim
mesazheri,ligamenti
balancojnë,folet
chordates,vartese
arnstad,batheaston
lemuri,glogovac
poreçe,rakete
kalendarike,ukajt
copeza,lëndonte
carolinensis,godase
bushatin,artroza
modemi,hajdukit
brij,kolonin
pavjoni,muftive
topuzi,hunj
municionin,xhorxhtaun
forschungsgemeinschaft,xhafollit
grijeshile,rinjoh
vms,gadishmërinë
merkatit,cungime
ngjashm,capac
neuropsikologjike,pichincha
historikoarkeologjike,linguistique
chiura,shqiptarënë
pasnesër,kaarriera
firmosin,versioniipv
oricon,trolman
sivi,sigal
yongle,surulere
donahue,nuovo
shumënderuar,lembes
porotë,diseksion
bettino,sumatrani
vlaamse,vpnhub
arrogancë,nderprere
liberiane,nofulles
dashnori,algjerinë
përvetësojë,antifashistet
uloom,verehen
zuar,satyros
hank,paramban
regjisë,purifikues
uribe,sakthi
genetike,foleve
pilberk,ironside
kvene,sibunës
enrgjetike,zenta
shperndau,leas
luftarrave,qive
bashkërendonin,hernias
elnasser,snacku
duodenale,shej
poligonet,prsrinj
ndërkontinental,bajerni
imperator,toebe
shoqror,riqarkullimin
bobbyt,amikejo
aluzion,ulnën
mbishkruar,ishzëvends
solistik,hodhëm
mirësie,traversed
etnopsikologjinë,narmada
janko,adyarin
minoriteti,descendants
elfitr,pierrejoseph
dysong,refuzuese
loutherbourg,arensberg
kompilatorin,ndërgjegjia
munefusa,kemanusiaan
distria,kitaristëve
estatstica,fronëzuar
perditshmeria,lepakshi
praktikantë,bizenesmenit
mbipopulluar,sheldisë
efektor,versifikimin
terti,recess
ilirin,qemerët
pakufijshëm,ballafaqon
menaxherëve,nënndarjet
joysin,simhavarmani
aveiro,quejt
ordiner,ioannis
diskurs,gerzeane
augusteum,endokrinometabolike
corylus,vitamine
mens,computerin
priboji,perndare
girdhari,sidorelës
nihja,kooperativen
safar,riorganizua
cirroza,narathara
sqepluge,kurban
nde,hecet
radiovalët,bendideia
qeverisjeje,sanjuanito
alcestis,brali
yomudrezultuan,makrot
anelko,nestorit
korrodohen,nënfamilieve
sanjaka,kumkap
limogespanazol,përbinte
vygotskyut,jeanmarc
reduplication,morusman
abuna,soja
tikpike,vagal
illiorakhi,srp
masihun,lioni
medelln,serpentiniteve
centaur,ankorohej
verifikim,tualet
shfajsonte,ultrazë
lokas,bogovine
leksiku,gjysmënjerëz
persosmërin,yndryrnave
ecija,krimb
solemnia,kolponomos
tullës,xhlozi
nxenësit,filogenetikës
vishnjevë,roussillon
pfmse,mësimnxënie
gjovani,abusirit
dergisi,rapunzelin
patronimeve,snakeman
krabby,ned
baroni,judaike
shumëkulturor,olimpikëve
nënalpine,chandragiri
ndonjëhere,cond
gandin,kontaktojnë
krypeshkopi,anhu
anaerobe,thelloi
buggyit,serbokroatë
detektivi,koordinantat
rizgjimit,fergie
devijojë,deriviminrrjedhojën
mësimëdhënës,baltjonit
formacon,pazakont
muradie,kenetave
gabdulkhai,karinase
zjarrfikësit,buhariun
astorga,përkule
partizanokomuniste,herndonvirgina
habib,tjerapër
mijakë,disorganizuar
domainit,monotoninë
kashaginë,zooteknologjisë
dicaprio,molotovin
dashnorë,rrethtavolinës
bardhok,vinjisë
egistin,kruçi
kategorizojnë,thuajshe
stamps,demonstrimit
medininkai,naipin
vetëshpallur,ngaster
lekurë,teropodë
aeolipile,pierrepont
toteme,tunizianë
mobilizon,muerën
ndyshimet,hipsipila
gjenovë,mrs
shkencëtarin,perfaqesimi
impresionant,kryëzuar
kompozues,huascarin
goçi,samuelit
yasodharapura,mrekullueshmi
campanone,cluj
mathës,lagjjen
kuqeviç,yamit
therrtoren,mobilia
edlira,fanteria
shtrateve,pfalzin
vrfruklostret,chrysler
hajdutëve,vetëudhëzuese
muzinë,kompaset
fanarëve,limiteve
përfillte,langerhensit
futuriste,toptanve
aubin,vorenburgu
clive,rsssë
arestua,dollamë
trastë,zirve
dilet,llapat
infrastrukture,serbokroatosllove
epizod,murtaje
kugarëve,mallareka
akacia,movima
artani,shiturat
shtirë,çekosllovakie
hoorde,çokollatat
socketave,martial
rrasur,rrëshqitës
projekcion,ceromoni
përvathi,serxhion
hendikeponte,riatdhesimin
zellit,velezha
pesdhjet,moneton
rrënjet,këllni
normalizimit,bert
buken,struktural
stuberë,nënpyllit
shmidt,lnçnë
plevneliev,zagori
administratve,përafrime
matematicieni,baltasar
çmohet,dirigjente
gjymtuan,kirkovit
gjithëpërfshirjen,fosforin
paqëndrueshmërie,prefekturen
turrin,përvidhej
përforcojnë,apango
koh,hixhabit
gjinoren,okazional
daktilografuar,jashtashkruar
homicide,gilg
polifoni,hanatit
mkennedy,muhagjerë
rishkrimin,yllka
fizioterapist,schlisch
oliveri,paditësit
vlatkom,mikepritja
çeshte,jigitpashës
mitanin,dhar
votres,styling
zëvendëskryetarin,gjoricë
vanarasi,indicus
kruiserin,neveritesh
disleksia,muqiqi
shkodërtiranë,urbanistik
eustathius,tubimin
origjinsl,kairavenit
backupstë,parapeti
majmunin,çangsha
dby,spazju
laertit,operuan
pelisteri,apsidën
manninghambuller,piarists
dorshkrim,akronimin
metit,tetorin
plotagazetash,timoshenkon
nxehja,baribiturateve
panjang,ksenija
stabilizua,hoyle
puçistëve,hardhi
katërkatrorkilometra,mevlan
kambane,radiodrama
tekstetët,therezë
shametaj,siluetën
nënudhëheqëse,primadonnen
frstner,ortografifonologji
kasapë,gdhirë
vollën,lenë
soranishtja,yukit
polatit,indoarjan
clugareni,rrënqethët
evakuohen,përditshmja
grabiti,hokej
effingham,kulmimin
hakiun,antigonusin
njëanshëm,shlyhej
melisht,schlndorffi
prusiaaustria,anacleto
zvarrisës,hipotenuzë
seac,alarm
vinçat,detection
mentalitetit,aasë
etole,aberracion
shtylle,pishash
shpërdoruan,pasdrekën
neuroneve,çertifikate
nikoqiri,perollit
bajrak,rishëronte
tersitët,ostrova
namiut,paramithinë
chromium,cantodea
blackoutin,nh
ledhishtave,hindusit
mbeshtet,fyellit
uruguajiane,konservatorit
cg,belkije
kulminon,vjetëruar
maqedonin,kokqepa
orientoj,trevorroper
qipriot,murinë
glykeria,datëlindjes
freskuese,spidola
jdt,galvanike
zoroastrianizmit,pakësimin
ekstraversionit,tatiana
hurriyet,shiraz
frymëzojë,krilin
kirtland,qonte
demodulimin,kimikishtë
koska,qypin
vjershash,koprivën
talharpa,vrara
kokëulur,detë
citokine,drejtorie
mëmëdhenë,bilioner
dispozita,aliens
rivarrosur,vertetesi
boomchickaboom,alekseit
mijëfletësh,jacobsson
beaulieusurdordogne,sallonit
grigjës,anticarist
sumerine,imad
vitrale,ananda
infermierëve,politolog
titrimi,proverbin
vahanave,salemboza
ushuaia,unmiku
marëdhënive,fjalëmetaforë
garanci,yzba
jutlandik,kaptina
perroni,moisijeviç
serikultura,stërpaguan
pollonin,tile
brionet,jouaignes
prijesin,burundi
filtrit,shkatërimtare
xibalba,shërbëtoren
fleuriel,lusën
vidliçit,nxuri
alarab,qerpiçësh
allahabadt,pleqësi
kriptoparti,trujillo
çerçizit,fillo
pasardhjen,tavastia
dukti,bakërnikeli
vetëlinduara,antimalarik
gallopit,epistolica
ekgtë,nomura
gurguricës,ejpril
rriteshe,arkadë
vaniljen,lislejourdain
grashticë,papastra
provizor,greqishtës
konsumim,glisando
casi,mazaçesk
evroaziafrikë,kamerën
brezngushtë,ankaçja
kontureve,yuasa
kubistëve,rrajone
buseto,impedancës
gjinovci,alfalfa
shkencoreedukative,lefteri
purulent,bituminoze
pavell,klikim
stankoviq,cryptex
ombrellat,bace
ekspozojë,hatchlings
limina,borec
dehidrogjenazës,hoxhenj
nckstrm,tenge
shendetësisë,stabilimeti
brundtland,hansan
përmendsh,ced
kryesish,shumëçka
shperngulet,breccia
rjenik,vëzhgueshme
pashtruar,institutinë
pëmbledh,drogo
fordmercury,lendes
dardanin,keeper
minute,lartëkërkuar
kreditor,pandame
kapohoriot,nestoriusin
tulajtalah,zhvillu
inçizua,nornishtja
fermentohet,ndryshueshem
leith,kolombin
endomisiumit,shtojit
mbyste,kerit
dhëmbëza,braancamp
vulkani,ishpresidenti
rrezikonin,hidratim
përceptimeve,gjylatëri
povijest,cenotafë
kontracepsionkrahasuar,orikalkosin
pëshpërit,perfeksionim
montaldi,margjiecevich
kihlgren,dashuuria
avancime,habisin
bauat,marrdhënia
bycapitis,nixi
itu,henrin
kompanite,ihdve
tron,dipeptid
gjysëmhark,harxhimin
musavi,blogeri
vëmendjesimpulsivitetin,harduer
shumëzuara,johnnie
ndidh,kapët
kist,pacënueshmëria
sterilitetit,kontabël
grlitz,tess
ndërvarur,tërhekje
grumbujve,shpërfytyruar
ardhëshëm,ndezi
riddarholmen,epilogu
pravosllave,apshisë
paapin,gjithërrënuese
eksportuesit,almagestum
mitro,tribut
brëndesi,therin
gastropodëve,lrrach
lëndonin,menge
verdh,mijërandonjëherë
zbatoni,miqesi
darnolfo,baibars
nç,assista
shtune,nazifashizëm
jomennonite,hyska
carreras,synimit
hetitët,jugorët
brendashkruar,asketizmin
muajtit,entologji
softver,nierën
redmond,pakoduara
cperfshin,rothesaykontesha
bluff,allma
gazpromit,slënë
gjithçkangrënës,ilqada
tëmblit,treningut
jopopullaritetin,kroacise
gotmarin,kuveikut
lëzivjen,removable
leru,granhus
harruemkëtë,kuranike
pusave,përfshitet
neglizhuan,joprofitabile
gështenjat,kushtëzim
tonifikues,plasu
lëvizjematjen,paqartësi
polivanova,corregidor
socceros,shinra
ortodoksobizantin,nilakanthas
pvbsë,njejësin
poredak,kushtëzohen
mayorstudimet,shumen
trencads,shkupjanët
kriptuese,sugjeruen
tukididi,shkopthi
mështekna,regjistru
toksikë,pranevenieje
sainttienne,sprove
rasmus,perfaqesueses
identifikuesit,skraps
sipërfaqsorë,yeigo
konsekuente,fakullteti
parkeri,orikunin
hotërore,qytetitshtet
lmez,çatallët
irriton,komentuesit
madhëzi,ardhmme
lekundjen,kppk
floreti,kompozitoreve
arignar,suprizoheshin
petrishin,banishte
muzakën,empati
gialloblu,oligarkët
gaita,involvuar
kqijave,hardhitë
euralius,eknomike
ever,valleaubl
ndotësve,djaloshare
kullosnin,shtrofkë
provincash,kodrinoromalor
grabom,akrita
parokiale,yorkvrau
qabe,zahide
medelinit,uatson
pukapuka,mbizotëronin
zgjedhjeje,porsaformuar
kadmi,zarys
budallallëkun,kuhn
dhentari,ispn
baqari,hoxhallarësh
tempj,mahameghavahana
bhagvanit,cbse
koçillari,skanojë
rinocerontve,zhtej
muzeumeve,prefektë
konka,locuar
ngaçelësi,antnio
hostenit,anesteziologjisë
velle,osmanosafavide
menaxheren,marche
plotësueset,ekonomistit
lulevadhë,matesh
malosmani,jehuese
snaanin,fayat
menagjer,battlestar
ëmbëlsuesve,gmez
ngrurë,fashatra
tract,pirelli
smalltalk,abnormale
kontroversiale,patronus
alexsander,kumla
spjegojë,vetngjajshmërisë
guerilët,ndryshkun
inqizuan,sindhu
mjekohej,shpatullatkurse
turismit,vlerësohenaq
pozharanit,kronologjie
xhirohen,ukës
snefru,molekularefiziologjike
avdiko,premtën
dhimbjalehtsimi,myfarete
miofibril,renaissance
karapanos,mëtar
reichsbrcke,marrëzi
popullzua,tiroidesë
akeane,albancite
jugonleslacs,cardinale
napolin,zabuzën
specialistet,bhittai
apostrofi,quajnëlibri
nderf,konstruktoi
komentatorit,tkurr
dacisadik,mirditasit
perditshme,fitopatologji
neuflize,konit
bollusit,astrofizikante
përçuesit,cenë
utopike,orientalistit
tengku,inteligjencënpor
pimë,bhr
ramaraja,japporterai
gauge,gusmari
deaver,agroindustria
karla,soulit
netje,vishinski
bejteve,husejni
riven,inverze
sinagoge,shtojin
hidrolizohet,nenshtrohen
fertilizimi,martirë
tripolin,behari
treitzit,kjuberlei
kinetika,çangashan
damar,sofika
fragrance,seireitei
bellajve,cilan
ekskursions,paralelizim
noradrenalina,vadakkumnatha
akbejit,antagonistëve
marshal,paundin
clegg,operatorin
ekuidët,denimet
laringut,transplanti
neandertalit,oeuvre
misir,dav
përplasjeje,ailsa
sekuenciale,brunhilda
michaelin,rustemin
seçka,kurorëshkelje
dërsli,skadimit
kunderterrorizmin,porticos
taktin,aparajitan
transferin,sphinx
dianca,ignaz
rocca,fizkulture
sillën,disenjatorit
naivë,kpp
gozhdët,oborrtar
tjetrinpa,nakolec
neorilindja,boever
experts,amshuarës
gisit,granuleve
serdar,vicarage
mlartsi,magazinave
liroje,lundroj
utsavi,çerkesia
cilindra,ndeshin
lagalla,çitin
levees,tomko
lindej,varansit
zbavitjeje,permbante
rreckat,rimekemb
shufrave,figuronte
dopoguerra,karjagdiu
maest,poliana
shtypjet,gandagopala
tutsi,sincrtico
jemison,stary
pellenimit,torrenët
kryesohej,postgupta
postsocializmit,corrolla
plugnë,horkrusin
paonas,arbresheve
gradel,vithegjera
barrel,grauniad
neulit,protopsalte
pellazgo,gjinkallat
përmbajtes,talentë
vellim,sredorek
dispozitivë,altaikë
shtypshkrimeve,sclavonia
brohorisin,paeonia
mashi,kredencialet
autizem,kamforik
tarantos,aristarkut
mdha,racionalizimit
vallëzojnë,brumosej
bryn,designers
innocenzo,devonshire
fjalorë,plitik
linjti,ferzilete
testues,bbd
rreshtimit,toc
fshini,zbarkonin
pares,levanti
firme,etanikët
mandali,mikoto
studuesve,çungun
nomon,barge
rijkaardi,buchs
egzogamia,bleva
baritore,përçark
brune,pijet
dendrodaterats,qafëshkabë
baldushk,majmune
riçit,horizontëve
futbolliste,medreseve
fallus,zbuluesve
ems,hola
afrohesh,balikçi
termo,vetëpërmbajtje
aleksej,nonbenzodiazepines
ahelout,gjenocidi
orangutanët,triumfuese
shakalleqe,kolja
sahabi,preeren
tubers,makbethiane
polari,labial
bitch,pjerrëra
justianian,vllazërimit
ligjvënies,planktonit
perezi,travers
tuistin,cellcept
inicimi,ahmedije
dllin,lejne
australasia,rrehtimit
këlkeza,vasojeviqasit
arsimorë,hipokaust
nasr,gëlqerorit
malish,çelën
bj,simptomet
mbetjesh,brirtë
shtroja,gjelku
solani,monogatari
panthers,redaktohen
heqim,revolen
nshpi,monopat
proverbiale,onati
ndodhtë,sllavoserbeviq
otelloja,rishkruar
nisikigoi,testosterone
recidiv,tezia
cmimi,qiteshin
suam,frëngjishtturqisht
rrahë,rëndësisshëm
papranuar,kuçe
arkeologeje,martesen
nanzhing,ferra
postmodern,asuadi
txhelozojn,baltëzë
ishshtetit,braces
autentiku,jarid
komparative,jepini
herta,ekulibronte
gromit,epshore
dimenzional,zofia
hatohobei,agjërimesh
ngrohtësisht,dezajn
thojne,ndërkulturor
hainault,takajës
ordo,tiranëve
vun,jesc
arakkal,kontracepsioni
enelit,vivant
protestime,okside
mushqetarët,septuar
pamiersest,kursantëve
cajës,trance
burmali,hasparidës
chavenon,kralevën
grumbullojë,diagnostikohen
respektohen,bashkëprodhuar
atdhetarie,vereinfacht
friedrichshall,kivin
shplan,faizabadi
qesharakë,indoevropianëve
pështirë,parenkimatik
sanduicet,gelasian
gurbanov,sigurmin
prangos,nrresundby
kryekreshniku,pedieos
ndërtimeveve,konzoleve
negocionin,reumatologji
liqenjëve,procesional
naturalizmit,philippsburgut
telefononi,zselim
eskiehirspor,pamundësitë
nëpërbërje,pagueshme
certification,medinase
gjyrat,deit
rikolloi,rindertimet
papanicolaou,pacifista
pilipino,nyjëzohen
freisler,nderue
disidenca,elkatipzade
mbilleshin,barbarekrahas
surround,norrtlje
fehmiun,dobereiner
kushinaran,rishpërndarje
kortikalët,velegllavës
uritski,filelfon
antitrupi,record
anaphylactic,koncilet
polos,zevendeuar
inflamator,disajnin
escobari,puçinit
unierstitetin,neuroshkencës
adresim,koherave
hijta,dërasa
caitlyn,luksozë
kristalofizikën,njehsorëve
kojas,ndihmësministrit
javanezen,aleksandrise
symahisë,kuzhinierin
filozoofise,plantigrade
malalas,empedocles
sensorët,kërcënueshëm
presidentë,uop
kgbsë,shënuari
empiricist,padukëshme
encapsulation,schager
mëngjez,xheleti
sksk,postincrement
mormonët,saksofonist
xhelaludin,bashkëpuntore
villeurbannecentre,domozdoshme
dor,elvira
guangut,standardja
fraunhofergesellschaft,plaçkitjet
ndezjen,severxhanes
genk,punojse
fatimas,uhuras
omla,shndërrojë
lyhen,americanas
trebinjët,shpëtuarit
salentina,ilinca
deshtimin,bolshaya
usernamein,montagnac
terhequr,bishevës
bacungut,kënduam
magazinieri,preparateve
kruarja,polestra
kuturu,toponimike
kontrastuar,urreni
murine,albanorum
drusus,smrekonicës
valutaparaja,muhamedanët
silpi,protestane
dërgesë,miza
proletareve,shiritat
illa,ivaton
kavalje,maser
gaforren,dyfytyrëshit
shfrynte,monologu
anastetikëve,vorbave
risku,nervozohet
lorenciane,eumenes
jeanluc,kozakë
shpesherë,ekstazën
spiegel,llashtica
avienus,copën
burrneshë,plk
nxirreni,duca
arlanda,shpejtësisië
arboreal,mallakastresme
addons,përcaktohej
pfc,gatimonolitik
dokumentash,janave
becquerel,tabullarasa
afikë,hakmorr
cfarëdo,viadiu
klarku,nf
gjokaj,ulissedini
ngjitjet,teshave
boulingu,mesoni
taksapaguesin,yapmaktadr
karatoneja,policy
picasa,mihalarit
atheos,eusebio
adnne,poezivetufa
darnell,kozmetikës
gjizës,kokra
bayesiane,lojalistëve
philosophy,dështimeve
subhorizontale,gruphon
mbështesim,manualin
pierrefittesurloire,përjashtë
chero,analyzer
gija,ridgendërsa
automotive,internalizimi
brossac,popullarizues
mckinsey,crystalla
furnizohej,katërvargëshi
xhehlit,cambrai
astrologu,mermert
ushtimës,rummy
emphatics,qojli
celiaket,saipa
syrakuzës,tarun
plantard,oldendorf
siva,botërorit
mbrojtjës,entrevaux
gjeografikoststistikore,npyll
masakruese,ardheshme
alazëhar,mirëpritën
spellimi,likuidim
ideologu,jetëgjendja
osteoporozës,mart
nalandas,hidrologjik
çoroditje,konservim
postojnë,hendriksit
sverdlovsk,nderkufitar
playoffin,prezantoj
pendlat,zuluar
patentave,verave
piramid,dhana
trepov,vetëstudimin
garantojë,transfertat
tobias,boa
challengerte,angelettie
biciklete,luledielli
emfizemës,vergoossen
klithja,transmembrane
pastrueses,komplimentoi
hagiografitë,peshngitija
shumehere,elfeisal
giles,behind
nihali,ajs
origjinalet,ert
pjesmarres,hanse
degradoi,ximena
përleshjes,transformatorëve
smogovinëpara,sloganit
grassland,mbyllurnuk
savai,adrias
ëiltshire,byberit
folktalet,vizatuesve
gjimanzit,farkla
dubioza,formimesh
shredinger,cërmëdel
lacarrire,velikovecvlkermarkt
sjlland,regnault
beecher,liriken
shëndoshur,mehoniqi
autostadal,eksploatimin
pejëgjakovëprizren,neshos
mburrej,kaçurrelë
erëkues,takla
shakthi,atlasi
kapitur,nxëna
stratum,shkattroi
domestifikimi,plotësojne
bielefeldt,panthi
blancfrancard,kalibe
feltre,reagjenti
monestis,linë
secretacy,shenjuara
dobjani,përmetare
ekonomke,femravetë
rreptësisë,nogu
ener,ankthshëm
euribiën,hudhaifa
bacchus,zimbru
shndërronte,sportë
kundershton,menazhimi
filozofitë,autonomist
furious,angelotti
karaçi,ulëtin
rishkrimeve,taimi
nxitej,hae
detalizuara,matricave
pllanlepetit,ofdm
leonardis,pamirianet
ikorodu,vendburimeve
donën,kordhocës
bazorelievi,kuantizim
prudentia,saintaignan
fashtin,padënuar
poliamideve,vienes
perëndorisë,narteksti
mesples,kripura
aglomeratin,qytezes
publikinformatat,heydrich
risjellëja,laine
paqendrueshëm,rudeboys
mshpiler,mayukha
evanis,rrokjes
regjisorësh,margus
luznia,rosetta
aristarkosit,mesnilsaintlaurent
arbrus,istepan
korrish,favorizoi
prage,llukari
artriti,bohol
yndyrna,makinavee
hilander,haxhisë
kazablanka,madanika
parmakësh,cambrian
iznik,ziejne
balkanit,dernires
veshtirë,suncit
avdo,absorbuar
fotografëve,gjuhëtare
malejzia,nefitët
ecb,lëshohej
medicit,joefikase
treditë,huron
udbashët,traktor
eksternaliteti,germëvogël
rtksë,doogie
boltrafiut,modestie
ripunoi,bazifikuara
sahihun,riparon
lineup,rimoher
seksualitet,skip
gillian,abecenë
miopative,hisotri
terciaret,përmbysjeje
akumulative,unifikimi
nitroglicerinës,lipojës
teleconferences,qërohet
ljupko,uzgurliu
kastrisë,zhuljetës
xhupa,gotland
tenxherja,kj
kuqezezë,hermeneutikë
bernabeu,amvisni
rubël,gautamas
ndimo,shpërfillës
balyan,intonacionet
kushtezohet,psuv
javoren,cubat
koleksionistë,produksionet
kiprilme,epolarizuar
mineraleargjendari,buemi
cërkven,aganice
muzaferi,durimi
perlacher,luso
pastruesit,brokeback
pergjegjesi,eliminatoret
trazireve,gett
kamelidët,hipomorfave
katalogë,konteste
germanicusi,eidi
vuoggatjlme,arsyetonte
konsideratave,miliradian
autarkinë,dattatreyesvara
humnerë,victory
kromdraai,pergjegj
agastyakundi,govorin
helmojnë,kulonit
situa,rrësheni
vështruesi,bylysi
regents,italoamerikane
maghas,omerat
egërsirat,soomro
arberia,hondurane
provizionesh,orsons
kiyosu,kruajtës
topografin,mecenat
barolli,komercializuan
resorbohen,azbi
ajdareviqi,gjëjnë
umbrixhit,obok
bunter,annual
aderon,përkujtonin
rupert,vaugier
ilmulkelamin,naretva
stern,bejte
frutshëm,plutonin
fejesën,coyunches
lankë,guitarrn
speleologjike,tasin
tradhëtar,glasgout
xrd,rishpërndajë
lithosferes,bombarduese
silogjizmit,ranxha
mohues,martinizimesh
strategjikisht,jominait
ishmit,souche
leverdishem,prurësja
gjeomorfologjia,tesheshicom
dikena,çuditi
kontrollhej,atijah
shëmbëllesën,federatialeat
perdeve,pikant
vizitash,shukaku
pupulatka,referente
turkuola,advalyan
slim,shpjegojm
meçua,permian
burrështetasit,ramën
sarojadevi,profetesha
mhle,telecom
perrockës,kupan
vrullin,ishdrejtuesin
prasanna,zonekomandant
azis,abdiu
vecchios,pantallonash
lums,bulleh
hanshin,dramatica
reçi,mënd
antibiotiku,ganapatrai
xhalatëve,insula
taxhin,lennonu
aftësishë,lodh
idols,prvezës
siparantum,elmutaki
orlane,hunza
oke,hajdelberg
vidaure,neoklasicizmi
konvenda,çmendej
libretin,faucondebarcelonnette
turjakë,konsiderushme
buzëkuqi,aung
falimentuan,regjencionit
tylenol,specificitetesh
urouge,ofci
qeledhe,banorve
diapazonin,kantilenën
softuerve,orbitalet
politikoushtarak,nbs
shkallëzimet,volejbollin
maps,andal
ekzitonin,nëvideo
gjysëminertë,sorosi
anastetikut,maxhid
uezlit,guamit
prapambetje,crane
egzarhitë,fobie
argomenti,afishet
vickers,naphtali
grubii,obt
yaquti,shoshori
temjanin,kuptur
faissault,plazmidi
odontologjia,futollit
shtepin,baskët
sqepbiza,kërcellthit
shtokholm,studjohej
mareveshjen,gins
coulibaly,çerep
safatë,poteze
anxhaku,papërsosmëritë
gru,vërtetësie
pola,kërpurdha
melanogenesis,beqarie
ndëshkohej,skijimit
paione,bjnë
tatjanen,bia
erçel,hiperinsulizëm
matsyakesvaram,kembimi
zavëndësuar,reduktonim
kapitalizmin,kllobcishta
australasian,orbicciani
aedicules,kompozi
gurrakoc,funskione
fejohen,gjallëria
bashkëvendasin,filxhanash
producentat,turnamente
xhansu,mallera
tonelinon,festosh
reflektosh,tirones
petkat,artistikenë
investigativ,trishekullore
rivizatohet,astrobiologji
tripurantaka,riksgrnsen
afatgjate,radiohuset
refaim,vuçitërnës
bachraj,imponimi
durvasas,sulmimi
papajtueshmërisë,influenzae
suon,acy
sintetazës,noh
hanyu,eckhart
grerëza,formuluese
eduarti,konfereca
parërashëguar,tuya
snajperistit,dolloman
lindlau,parreshtur
ishluftëtarin,përmbajn
vazhdueshmërisë,conlie
finiqi,çipës
vizioneve,propani
halicarnasi,zekthin
shoqëroreekonomike,peano
rregullzbatuesi,pseudollullit
pajazitit,lundërzave
adapterin,përmedur
mbrojtë,kalores
kuadratit,kategorizimit
komisinë,bukureshti
labore,prelude
szeged,njomësia
perrenjve,nationale
zaselle,mensdorf
mamluke,spafrancorchamps
llozit,regie
rendisnin,ern
sjoselius,frymëzime
coursegoules,ilirësh
parmenides,tyreedhe
urburschenschaft,gjethëmbajtëse
cody,sportistin
filxhanave,kelamin
eksploroi,përputhshëm
mkatnova,nukleinik
pzoitive,qetësim
gomai,chargaff
asrpekti,kozmikë
konvertonin,iluminizmin
qytetarin,negociuan
barras,rrëshirës
sylvester,radiokirurgjia
joss,laringuështë
nënshtresë,metrogas
filigranologjia,blasfemisë
jurija,shkurtaj
fokusoheshin,koton
vrazhdësia,gorgias
kineastë,nandhit
analfabetizmi,offgji
sulce,recensionin
uamd,abortus
olpca,pisës
hadrin,shkuesin
poletit,plaifikuar
kadina,ruzhdien
gdpprodhimi,grenlandën
ligurian,ngushllimi
nazarbayeva,barroca
luelbrockdorff,dakshin
beshirit,clermontenargonne
teknologjiesë,sajua
bassjackers,shpejtuan
vërtetimin,minorskyit
juanas,periudhs
tavaneve,toxoplasma
fifo,pistat
vaginën,roselës
hogoshtaset,papandreut
nukleaike,aaraun
damëve,romancat
harpyopsis,stigmatizimi
dashurija,kokainomanëve
muhafaza,kufijë
celesin,saintsaulge
sirei,chiba
civium,fluturar
kisi,ëkisha
mekanikes,klepë
nazizmi,mbytej
magetan,bibliotheca
albës,përkufizojnë
lecca,shpresëdhënës
malë,famshum
mërzitej,psikiatrike
qudira,sijenës
risafa,lexosh
tekstshkrues,këndojmë
shiftime,gemo
gazzaniga,jivasiddhi
mjekërgjatë,scheele
mess,gjidede
mariasmotrës,prism
bujqë,sosthenin
maricaana,carralevës
iiii,nxënësitstudentët
sulvezabel,hvzdm
diformizëm,vëri
filmohet,perumalin
vyacheslav,mbits
zotrave,pangopësi
intubacioni,njufaunlend
inalçikut,urëz
pashamngshmërisht,joui
esom,druhet
servaleve,ekzilit
niçe,depertuar
kasabaje,atistik
nuhun,schlesëigholstein
malithamma,robërie
dhoksat,balonatperfshire
ipvq,dragoljub
paçmuar,mjerët
shqiptarjacom,nitrogne
ashkenaz,punsohet
simpoziumet,busquets
noches,kocit
qetësonte,debutuesve
acte,luresud
gjygjësore,hollëplastike
asherit,vazhduesve
simboloshkronjave,seulit
shumësit,siçilisë
kelmendas,mutazi
punësojnë,vijs
gbx,hemisferës
figer,merina
kolos,nenshkruante
elst,starasella
prmirsimin,televizior
keros,vetëquajtur
doktoraturs,grejbeku
llagapet,zonim
jaisalmerit,vlachos
hypur,zuske
radhërfordit,nikaragua
mifepristonit,ikosaedri
asdasqë,malcis
luzhës,manipulonte
atintanët,rritjeve
akrilik,barrio
diferencon,aryacakravarti
praktikantët,kontrabandoi
flatra,iker
ligjërim,riemërtohet
lumenjt,mynahs
moisiun,pathyeshmi
kundërsulme,denominime
eksistojn,olimbia
safehomeshtëpi,kirenean
gazetënluftëtarinë,sofokleun
prinditve,kazaas
lehone,visët
ansasmbli,kolhide
leporelo,benny
gjithqysh,epun
paumgartner,përligj
harriton,sintetikë
charlos,kolashinit
noel,provokim
rrembimit,fligel
bujtet,rerouting
sialinik,nëshkollën
medreseje,shkrimtae
konstantinovo,trreshe
amru,lodigiani
proprioceptive,dallonë
sihanuk,oreol
terrorisme,afotike
fluturave,delirium
sleeping,roylance
kryqsore,brant
chlonsenchampagne,kulturoralisht
kazaje,iidan
tevenenit,sietse
javas,tenzin
filizave,ceriziti
akuzashsarkazmashsulmesh,berës
thea,apoptotikëve
politeistëve,buzzfeed
muharrebe,barçit
kopertinë,rinos
rancholabrean,amored
ajmone,bspk
bashkëheadlining,radiofolësve
bërvenicës,tenkologjise
ndertesa,estivareilles
ussop,përfaqesues
kreskes,krej
arketipale,mahfuz
djegshëm,essenaltenessen
tours,autosplenektomi
saintprivat,drejtores
rifitojë,hudhri
promenada,filadelfi
keshtjelles,ndajfolje
kumbar,përbuzës
zigzagesh,sanga
vitterhetenletërsi,posesiv
celebrim,midsi
datata,iliriana
vog,recesionin
mugosha,orris
mailing,frulein
straniero,kolonjë
mundartforschungsstelle,skillz
thrak,pakapërcyeshëm
pugliese,kanonet
kaptinë,dauni
quadrille,freundlich
cohëra,diheshin
trashëguesve,leiceti
ekuivalencë,maksus
gucisës,pumbaa
amnistia,jargore
dunant,përmblodh
rikujtojmë,covariates
eshtesi,ndryshken
pikevieshtirimi,prorektor
dgtyb,njetëzit
shtunave,routers
valdete,tamim
mësyne,gjymtuesëve
mikol,sajesë
veppathur,thela
ldezda,trnuks
strofin,streamit
victorinoxit,përmëndet
çeçenisë,inception
kryenik,hls
tendence,kain
monsunit,ndertimore
stimulonte,fridemokratë
portales,konsorcium
skedamanifestimi,tst
qajtur,arritjesh
bagazhet,guacat
zotërua,grtner
asimilim,lashë
insitutit,liminganlahti
ndermolekulare,dobermani
uhdëheqte,canonizatione
jehut,iniciuara
panarabizmi,mamushë
kompajlohet,nauk
ngjitshëm,parakët
cygnus,tinatin
ripërpunim,mazezët
guvernante,cason
sauropodëve,erythrodermic
ceketine,shehi
taping,gjeografikë
mitologis,brunetos
alexandri,shoemaking
merreshe,biheviorist
kreshmimin,vlatkanë
kajushë,andorrase
kujetoi,ripërdorimi
glogovacit,rrokullisjes
dëshpërohet,shihënë
bubuzheli,dogmës
jasharin,kriptologjisë
gilmour,ranger
charades,azbest
gametet,këmbëshit
bhagalpur,arp
martorellin,shkri
principias,momumentët
apoplektike,efebia
raku,filtërat
dëshirueshmen,gigavat
mulan,pembroke
kështenjë,pray
qejfeve,rolë
dibërgur,bejlerbegu
shekullarizmit,durbancorbires
mendjendritur,shtëpisëfamulli
mustaqja,agjenturor
ishtee,compignesudouest
intervenimeve,marshues
tlrtë,rendiste
arbane,donatellos
padrejtësive,miratoheshin
tagus,falsifikojnë
ppdsh,majtët
moszbatuesit,neritanit
fait,gjellëve
zakonsht,rreshton
papriturën,lossa
gjentrifikimit,asklepiun
grafite,nikes
shkencorepsersonazhetngjarjetvendet,chuanju
pandava,pritësve
filantropisë,askulit
golshnuesit,argoni
vladislaus,ujëndarës
izolojë,gjallës
enit,frankoiste
ëmbëlsirash,arbiter
ludger,koroneeut
gjysmëkoloniale,joperspektiv
germanët,njianshëm
rabotniki,orchestra
biofarmaceutike,suppiluliuma
rrezatues,badrinarayana
fëmijënprandaj,dantivarmanit
rikardo,andersenin
diegetik,kllokotit
kefalogale,marrjeve
viriat,saintmartinvsubie
goeben,mirake
nzaus,bermt
perfshi,shejzat
anetaresise,mohanlal
notebook,jerusalemi
eduardin,ushtarke
levantes,konte
gluckut,nokshiqanët
çajin,shirahoshi
bizantinmurtaja,demirspor
preljuboviçin,notti
studioze,këmbunguljeve
ndryshoreve,qiao
mundshmja,rugbyklubben
theështja,rron
vetëbesimit,fairborn
konvertor,baphomet
cepenkov,donisitmadje
ngjashmit,israilët
bretagne,elbalagha
royaucourtetchailvet,farefisin
ekujvalencës,rivendosë
sssinglelayersingleside,telegrafisë
sholing,gmcm
dasht,rashtriya
shpronësimit,renjes
akhatov,largue
youchigant,snajpere
zabel,shpatëve
shndërruese,patheksuara
grimet,hazardin
tjatro,delfinin
nutritionals,paisin
gjahtari,paradokset
finlandishten,homolog
skamandri,vështrohet
ndotë,sat
mikrokontrollorë,pritshmërisë
gjenotip,flagrante
marrveshjes,topkëmbë
peticioni,vulosin
leslit,personalizimi
trekëndësi,canines
sellarca,kandit
euripides,ushtarakopolicorë
gomel,mizmar
njelmëta,fontenay
angloegjiptase,turiddus
pllajave,imigrimeve
leopardman,derivatin
sqarojnë,academical
kryepolici,hezitojnë
xhonturke,lazerike
rrezikoni,squad
shumemërore,bruegel
kalk,ivvi
kalciume,egërsisht
gjatërrëzës,riinvestohen
vjershëtor,muriqin
grebanier,puseta
nmos,mediasë
kryefamiljarë,shkodranëve
elhavali,embargon
ishfutboliistë,mejtepi
dhija,shtangëta
alrusul,reqi
riodezhanejro,antikineze
kinardit,manovrimet
prestigjozet,ndershmërisë
rabinëve,celsior
charentemaritime,beathie
ngulin,kamath
halfs,falne
tate,vund
asista,fetarizimi
hunësh,zbulueset
confiction,korpuset
mateusz,metadon
kumarisë,shkretetire
gramnegative,viçitërrna
chaitras,francescati
elokuence,dolorin
makindye,lipazë
ngurtësimit,kanigun
lenarcissercasonymusic,djanana
mbledhjeje,ambiguitet
penestëve,jyotirlingave
finks,skavicës
skytree,kupsch
zyrtarishtgjykata,asambleje
probatinia,liit
grabitësin,trukesh
fulci,noah
gjyqësorit,naraini
sygjerojnë,algorithmic
alkemila,vidër
brakë,afganë
kuptua,radiosonda
drina,ilasteri
kërcen,fineu
pasurohen,harronin
vazën,këlyshve
gellmann,viktimizimin
morphine,injection
luledelja,shpeshtuara
jema,antilopave
shtetësitë,pallën
vieja,papëlqyer
incursio,ajla
katapultë,gjëndrën
çepanit,ngryset
përdhunon,krustaceve
legeni,marinatat
hidroksidi,ekstremistë
landskrona,ote
thekshëm,kulixhit
turiste,dochala
shkurtrat,referohesh
skordisci,argen
radiov,orthodhoks
sidokjofte,englishia
ripaldi,carnelevare
embrionet,kalkulatriçe
handheld,baghdad
ngushtice,tsukemono
francezi,hobbehod
ekskavatori,sankatamocan
imax,mikrobiologjisë
denisovich,veriute
ishstudenti,bismuti
kuri,indiemuzikës
empiricizmit,nënvizuan
receptoreve,viviano
kakavi,haraldit
hjrleifr,peshojë
kremtesh,dërdëllisin
devocion,përlepi
casteldurantes,momentesh
skaut,cochetit
dahar,zotronte
splntza,thel
tiaminpirofosfati,vrase
mantell,pranoni
pogon,civilis
nekomamushi,veçanërishtë
vistari,jelle
ullinjtë,kleçka
përparëse,kështjellen
panafrikane,lmfao
rraboshte,ikonografit
xare,shrëdingeri
gushe,babulal
hudsonit,motu
akvp,mbidoze
hechtle,instinktive
mafikë,mikrokontrolleri
zramë,automobilaveavioneve
altomanoviqin,heliceret
rrymore,pittsfield
deanski,dudevant
mjeshtërive,fletëzohen
sevdalit,patina
jair,seshans
cosmic,dushitështë
tobiramës,runs
abbadit,adjutantin
datong,dhjetecjecarin
rivlerësim,savazhin
permanentë,pjekët
zabuzhko,zak
ekzemplarin,uorcesterit
drsimit,amazoni
tact,shinken
tekstualisht,atala
angjinarja,kortezi
inatati,personnaz
renata,shabo
perpjekja,prunet
rojash,markoci
azilantëve,gypor
momotars,natyralë
urdhërese,dragojn
kamat,motorsport
dëbojë,karrexhatës
jakut,vaccarizzo
krijmtarie,ratneshvara
katalonisht,tropolonet
qerameteve,traumatolog
finalizim,bëmirës
administronte,sharlin
gliale,etimologjie
matissit,zhurëtherandë
hendysarum,kalamari
avatit,lingti
inputet,posturat
intemuan,miran
dëshmitaret,xhaferin
neufchteau,playback
illyriapress,humaniteti
dafinën,dease
deshmon,endozomës
nxi,qelësat
keik,carriacou
fuqie,inçizioni
mënyë,routit
memedheut,ushtarako
shandling,argetuse
mohue,denueme
shembullorë,dekompresioni
castillonns,asosacioni
nevoitet,koepfli
kaushambit,shkuarit
telekomeditë,kasneci
lopësit,mitat
ujtin,politikofilozofike
krokodilëve,vetëkuptohet
belgu,kakuei
quka,labeatëve
retail,kkostoulas
çibukëve,deksteri
shperfill,tendencioz
enjtja,fjeua
harkminuta,nseries
epikodidaktike,domenikun
mylai,fnopcsa
hightech,redange
zhdanov,pilat
theksimit,groporet
socioekonomik,religjionet
zvogëlime,koeforet
dignelesbainsouest,çobanët
randin,muzakët
organosis,caracas
kokoshi,playmarker
religjioziteti,sakramenti
kiev,gjeodezia
pleurejtë,sulltana
bathinus,biblotekën
kashmirin,brumin
kosovaplasti,ntra
tundime,mematit
mashat,lakuriqeve
hamrun,shkatërrimet
aucun,paraaderimit
xenacanthida,scipione
imprsionte,minifutbollit
notacione,keça
guljelmi,choudhary
debbouze,rosaly
magjja,letajve
surny,koaglutinimit
fizionomia,komunikojne
mbikëqyrësit,vendëbanim
eremitore,justiananit
shpejtojë,esteraza
preventiv,voltazh
lucretia,mieszko
joint,capsaicin
alexandru,specave
konvekcion,baladityas
neonoir,tërën
ishek,anartëve
mah,solistet
denominacionit,bodybuilderët
maosi,gjek
kachiyapperit,sabataj
markuese,armiqësisë
mespe,soldevilla
shpinin,kapedanit
respektuara,temperatureës
vëzhgohet,impononte
balozi,tejlidhjet
interlingua,certosa
qubrilloviq,ratlamit
trakeide,sakatohen
dde,corvinus
migjithëse,spanj
cavalli,luterit
kumtuese,miratuarat
shkijet,bashkpërjetshëm
ishaleatëve,kitase
ingushët,numirt
hijeshi,solesmes
vërtetohen,huchimalli
vetëtimthi,sizmik
homocisteines,garnizionit
represive,kajsitë
përfytyron,paje
copëtohet,hidroacide
nartë,jehle
barrestorant,shatapatha
amu,auditorin
përtokë,goodall
much,retikuloendotelial
planifikojë,administratorin
programue,vukotiq
ashramët,attalid
tallja,solarcity
pulahaxhiu,influences
shaari,banimore
yucel,lavderua
nagornokarabakh,rgisseur
matematiken,luledjell
shqefarin,dellorigine
komatiani,atthakatha
abstenim,perron
patriotizëm,zindovic
trajtesë,britten
grykore,agnesberg
deklaruarit,tools
ndiejmë,desmidiales
domitian,dhjakonët
blleki,smolenskut
klestil,mirakut
biskut,johigjenike
biedermeier,çartani
origjinaleve,darsanan
francesen,begolli
transplantimin,haaretzit
cërnalevë,fsha
qafes,gigai
labain,jeruzalemin
telekomunikacioneve,jopersonale
mariolën,intergrafika
parazitë,osmoze
dinocrates,diozneit
makarios,skura
alyssa,thuhetedhe
mudjar,nevojshmë
hipokritë,hanifeja
shkembinjve,skirosi
geishës,fleger
isml,luspash
miliskaun,glikoli
chaptalization,satkë
hanefitëve,svatopluk
amirin,rrypin
ferihës,trefishtëdouble
plattenit,rsdlp
çekorinci,argjilë
kenaq,dukurine
trupgjerë,portonovo
ndërgjegjësim,carmel
punuari,distant
ingeb,stacionar
përfaqsuese,dileme
përzirjes,morgenthau
neglizhoi,rekaj
xeheror,valo
ripostim,jokomplet
mospërputhjeve,gjind
açajuoli,hakerrim
gjeogr,mytesarif
posedohen,belo
contenttransferencodin,deportime
ginosar,muhamedan
blaise,filozofe
invesuesit,sallent
mbeturinës,csr
monik,sloganin
bniceti,gramofonin
kamiona,kotharit
fibrinolizës,deshmorë
aktivizim,perplas
rizbulimit,shërbëtorë
gungez,valetteduvar
protektoratin,chigi
specifikoi,shkuesve
kitabulusul,esmere
haxhillazi,tatkones
nanosekonda,përbënë
zilie,rerum
hahnel,sastra
vleh,umid
saavedra,liebelei
nënzona,fotokamera
megjithatëluciano,ekspresionizëm
trajçe,ftoj
fillimor,varësish
lokuar,pikpamjet
pricini,kilanj
elephas,dirkjan
perpiloi,vallikalyana
mixu,detarinë
prishtinëpp,maoistët
nardian,natyroren
skudrën,maxhuni
templareve,pzpn
bakuto,tristan
përzemërsi,ripoj
pambarimisht,kauravas
adnani,pring
syshqiponjë,cocacolas
goje,baiati
rcooh,giresun
popperi,korrigjime
njellojte,ordumuza
edën,rrogozhini
masas,merscov
krijimtarine,yele
froissy,jokompetent
vetedijesohen,bandersnatch
goblenëve,francop
lrar,aplikimeve
rpkm,vegohet
chauhan,lgmaur
nageshvaras,hansard
quejn,topallaj
pavlou,artios
padishahu,shtrhen
goni,qetësojë
krishtenëve,frikësimi
kreditimi,microenterprise
mendojshin,mehdije
antivarit,ending
ishfshatarëv,belfortcentre
chimaeras,curonianët
madhnia,viridante
çamin,herida
semarangu,intertoto
dyfishtëflasim,tigranasve
gëzojmë,melihasë
monogam,kërkoja
stabilizonin,disfata
qerizi,gimpel
kthtye,vaksinash
skf,amerikanoveriore
shkaterohej,malmir
arkitekturësdepartamenti,haplogrupin
programerit,sdertlje
matematicieneve,sinozitesh
syprinën,legler
kozmologjisëqë,thiago
conodonta,roiland
dekurajimin,mariyam
sapunxhiu,carrozzës
demave,masabielës
albchrome,sanxhakbeut
avicii,kulturen
slide,akuzimit
domethënieve,georgoulas
osloboenje,shpjegueshme
paranishme,kallabakut
kelley,fazan
dorisit,pelagjit
abidin,ndëryje
bazaltin,copetohej
qepujkat,valorizimi
spekullimet,grovolat
segr,ilustrua
friuli,arkadisedhe
dixit,benderi
lesser,tentua
megill,francezogjermanospanjoll
industrializimin,përveshin
emates,aurore
aterore,telereportazhi
prekursorët,gjahtarëve
moçalin,vetëpërshkruhej
sinkiangut,arbeoral
bregotre,qendrimin
vërejte,tjerrja
pontifik,koronavirusë
senez,magnezij
rags,strehët
skandinavë,lihnidos
sufflay,festojmë
vuajtun,dyditësh
mëkëmbjen,lipofilitetin
kastroktisia,jazo
pengj,togfjalësh
congregatio,zevendëson
gustv,shahjahanabadit
nisum,yrupi
dhembja,kheda
imd,tunelizuar
gardhiqi,memorialit
barbarin,kushinagarit
vetëmjaftueshmërinë,institucionalizuar
aetigkofen,kopilin
pickimi,shumëzohen
skicoja,didaktik
këpurdha,gradishtit
rezultuese,penës
chakres,lespresso
lartesite,montesquieu
leander,pemberton
parashkruara,fuste
zym,mountbatten
hipotensioni,sefi
frengjishtshqip,youngpyo
csikszentmihalyi,kapshticë
transakcionet,iplikçi
precipiton,funakoshi
jenesis,intrenet
elektroturjelë,nishanlli
gintama,gjakovarë
ekzantemë,modernizoi
pyrolositi,drom
doddabasappa,analfagetizmi
parvata,hiperkalcemia
putra,ducal
meniko,dardana
melodiozitetin,stanishorit
moschopoulos,darshana
muscularis,njesitë
grannavili,inhaling
gllogovci,haritin
aca,mikelangjela
rpublicain,arsimonte
reel,qeveritari
pucarit,kubeve
scoglio,debatikase
bagëtis,trendafilash
traguar,fidelit
urrrahmanit,islamabad
atrioventrikulare,alpha
shartim,hungit
praktikavpn,casurina
hidroelektrik,premaksila
bashkëkombasë,atmos
mukozës,hanxharët
kripteks,mireën
avner,dekanët
gjeotektonik,begley
zgjatimin,parapërpunimet
paratha,dirigjenten
alfabetike,nënes
gand,tregtareindustriale
ndertohet,hipim
askomicetes,reflektonte
dhimiter,andalusisë
sonyt,leroy
breughelit,spaced
cimilia,kostumesh
ayin,lartmi
meit,diatyposis
bengalin,kaja
valiun,puisque
buluan,hmid
springvale,prennushi
haditesh,tashmja
bullin,geo
odonnell,nilotite
duaje,harrisville
tunizni,përftimin
cetirizinës,icard
manifestuar,pilonet
karamahmutit,çanakyan
lierse,nykoping
ishgreyfriars,formame
manandhar,fierisht
nagashino,hundëve
citotoksike,gheza
toksin,tëparat
zëdhënëset,aluvioni
arenës,rijt
komunikacioneve,marica
pluskuese,rezonatorit
fioralba,zirkoni
ecjeve,akeancë
shtretërve,hgskola
altus,touches
shaoshan,shkala
frederika,redakton
kozmologjitë,prosittucionit
bashkëbisëdues,shtesën
muzha,rradhitura
darari,nihilizmit
vunoi,kazarët
romanorum,elayyan
tolstojve,rankoviqët
hieratike,shtatornëntor
shefikut,kalue
grau,desktopin
frekuencore,prokupit
berruguete,turbulluese
orenburg,visayas
kurillën,ualës
nushiqit,moravia
piazhesë,romo
shales,dillon
kempton,siropaiones
vlene,përshkoheshin
jed,zejneb
kuqërremta,stollaci
chievos,jazon
autofiksionit,imtësohet
tinexhere,gjallesë
besojne,chief
tejibri,çerdhet
landautasserontabari,avalokitevaras
kavaje,paragjykon
shkëlzenit,hofer
konak,prizrendi
ernoul,amplitudat
kaori,josa
elkajsin,vetëvaren
zhgenjim,boshkoviqi
stratifikimit,sfalin
qytë,politikanja
koperativa,sensualizmit
figuruar,asciit
revokoi,kristoja
kolomanit,lubjana
aristen,membrane
hockey,nikimi
montreal,alavanos
protestan,lumes
uploaduara,mirëpërcaktuar
monoteizmin,borigat
qelave,veçoi
antisepsë,tarsier
guadia,motorrësh
novus,kthyes
transkapis,shënjestronin
movimiento,lumianët
sinem,bruçit
urhdëra,përcjelljën
mda,bashkëkombësve
perfunduan,zbatue
rrënuaë,turpërua
mesoamericë,yucatan
stoichiometrike,radiometra
lamash,homonim
tvalb,jahoda
ndjekurve,vonëshëm
monumentalitet,nilanthingal
balsamosjen,përshin
hondurasin,meshgoran
eixample,renogrami
kapedanët,akademikësh
qeverisën,kompozojnë
akerontit,muslimanëkrishterë
pushoj,kordinativ
granthamit,prehur
nentokesore,eksplozivi
buzibri,përsonaliteteve
valsit,errrahman
lemuar,oktatomike
investigativë,chondron
afn,janapadave
dashuninë,leonidhën
shpendet,subjektja
kolektivet,biosciences
pavarësimin,deste
dridhja,gjegjës
sportivitetit,vështërsisë
pjesmarrjen,arcipelagën
perëndimoreqendrore,oboe
opecut,curve
cisvarunas,tun
tirozinës,stabilizojn
monetit,popullores
columna,konstelacionit
inverz,trefulka
modfikim,mosela
tretsa,legalistët
fetaref,përmabn
alternimi,traineret
shtatëzaninë,zhoukoudian
konli,piccola
freising,spread
indinjoi,hokuto
gladbek,ilusion
baltra,brstner
fusion,emërtuara
intelligence,anasambli
fishohet,aadab
karagjorgjeviqëve,defne
ngurrimeve,njerëzisë
chirollesest,boycott
patundshëm,petrana
mejdiu,sdc
minutave,denominimit
klineberg,terenit
ndërbrinjorë,leksikografinë
byrekut,detalisht
mekkës,thtre
aranitasit,stanicës
xvitëndonëse,kolumbianët
specifikës,eeva
pakëta,botsi
sythash,hunt
coloraturamezzo,niku
kahramanmara,fatmire
soroca,kualitetet
bemchtigte,heteromer
vukoviqit,eufrati
aksitendit,proteomics
rens,theket
quajtuar,labradorit
milton,zejtaret
hudhja,tërheqse
paste,zbukuronin
drejtëkëdëshe,bottom
daktilograf,ratifikon
kriptokrishtenizmi,technologie
vallonpontdarc,grinzing
valevalë,fizionomisë
oeksë,spektrometria
lavire,hanau
gërbaci,radarë
krimbvrimë,torpa
sonsiak,magjive
grays,srs
kertbeny,sirme
iha,vendasfelipe
fshesave,futbolln
lidforss,deporton
vezirë,paokupuar
cceres,reflektime
mcculler,synuara
argus,qarkon
pastor,meseni
dekorin,sërishë
assessment,boj
geg,shpirtnor
kapitalistit,rastisi
transferprotocole,dermatiti
sikterrisi,funksionuari
aleateve,skutë
zhgenjen,barcelones
rishabha,memia
sevdaja,novosela
miofibrilin,bashkura
prshkruajn,çbërë
rriqethën,nëndarje
sëmuarve,pranëverës
autobombat,ulçerave
boida,gramoznice
ishpraktikantët,achaemenid
dojna,armja
regjionalizmi,tetëqind
metropoleos,staemmler
determinantat,kozuke
ndërshtetërorë,preste
pukjan,eptlofos
tezgjahut,syrakusan
gagauz,nënprodukt
padrejtesisht,veçohej
clodhjeje,ilustruesish
enkelejd,tuzllës
monokrom,osmanllinjve
kërcënues,reichel
nënkryetarë,elfaharije
liolinin,mbetemi
bcc,adaptive
çishte,fancy
integronte,doktorenkoja
hondurasi,sofin
akatsukit,smundi
kunis,jokapsulare
dribbling,iocsë
përafrimin,semmering
ndryshimt,idejen
bashkëstarring,sps
ebi,ishkolegu
bashkepunues,theksit
imamesharifat,sardinit
intervention,monari
kumanovëgjilan,kanbo
judeasit,etimologjisë
cantaron,pregatitor
recensionet,keqtrajtimet
kromatike,corso
fruktozave,lakmuar
përapara,xheda
ljarja,flisin
anuradhapura,pangolinat
primatë,mack
vedin,polaklituanez
fatimah,shoqërueses
expect,otsutsuki
mahavihara,mitkon
klisha,kullukëve
kasino,paleolitke
lime,pinakotekën
indukuar,vuth
separatizëm,filloreje
oxirhinchus,tourism
campaigns,tapezuara
duashetj,mors
tirolit,mikrotoponimi
pierr,turcios
papajtueshmëri,ureteri
corrections,shfletoni
valeri,lisabon
akueduktëve,mbretësisë
tetëkëndëshit,xehtaria
xhelepët,betohet
sivas,karamitsos
bicikleta,simbolistëve
branthome,otherside
plastide,aivazian
lives,agorasë
cenonte,giuranna
paraqisin,moraineve
shikarmaru,grotaferrates
ventilet,fleksibilitetit
reklutimin,nisje
neonaziste,ryada
metrics,ngatërruese
monsinjor,ndoshtakam
kavalerise,theofanisë
yamashima,linder
podmoçan,sagna
benci,capitol
nëntitullohet,dobroschi
pampinea,gjahtuan
tokjos,ajazi
marunuar,afisheve
konigsbergut,ulzes
pkëtij,rrëzuara
llopate,thellimet
havn,katakombet
shastisës,saintemilion
qiellgërvishtëshja,grey
korkyrase,herbs
kafeinë,heratit
verejtura,shpjetuar
jehude,detektori
bettina,sikilianos
bamirësia,sanen
origjin,vann
çasja,grabitësit
parruca,vrapojë
këmbeheshin,pontiff
mveshet,thelbësorë
izniku,keeler
rokësh,sbataj
shtetëzimit,gadishuj
rrënim,essart
këpuska,ferruku
taepyung,ndihëmuar
insekticideve,ndonjërën
bujkrobërve,haus
savantist,auld
xuanzangu,saintpierredechignac
shumëpolarizimi,buaj
shpërfaqeshin,inkorporuese
etnonimi,ndiku
interconnection,bashkëpjesëmarrës
gatese,palavlia
paftali,kushinara
kontemporane,sahanët
ekuatori,dod
llokumet,pininfarina
modalitetin,fade
rapier,mandelli
pllakosën,qenërreth
atëkohshëm,hocishtaret
sabrico,simonit
goulburn,shtrofkës
carpi,shaipin
lidhëshin,treportëshe
uzurpator,sipërmarrëse
eggert,kundështare
lucrecias,zbrazura
uiski,ngurrimit
arrivistëve,hysrefbeut
seurat,bashta
cik,heterodoksët
presje,çekosllovakë
shvarc,junie
lëvdoni,kiteron
dënoheshin,gurrëzës
klasifikuara,perkushtua
trainuese,cino
kundervihet,harkada
inagruimit,karpov
phineus,thayari
bashkëshortë,ticky
sofaja,krokodejl
njësise,fishekzjarri
kapercyer,fetim
shutka,missio
neveritjen,përkrahet
lulanit,kladogram
biznesmene,numëror
kaschau,ftuara
personja,bulvar
beziehungen,shndritur
qaka,specifikime
ngushtim,redukuar
emiguar,bulon
stoik,mirjam
eksistuar,vendetta
lëvrojnë,jexblake
protoilirë,ilirjani
vështirësoheshin,lundberg
përkujtesëpromemorie,posedimin
sprajdit,flautit
ponesh,zirkoniumit
transmetuesit,babametove
mançurinë,konsumojë
shënsaturninit,tomin
aares,vrajse
shtegu,antihebraike
arkipeshkopisë,liberalizua
ermenj,maia
caryophylus,damiani
carcharodon,largesin
kardofanit,thyet
zentrum,skautimi
aleatin,projektohej
skamja,camusit
magnam,stiksit
gjermanoaziatik,lehtësu
okuponte,agalliu
gjakatarët,spermën
kollarrnicës,alveolar
romy,kapot
castros,namibit
damiorgët,termos
manastiriale,mesore
prekështhyhet,horasan
subkutane,jeceris
scken,theodoras
vojtjeve,evenimentet
skandinavinë,nexh
urfe,ishkryetar
tizifona,busavatës
kartes,rtgs
tramayes,materjalin
qeverëve,pageses
throttle,proniarët
qosa,jaco
teravive,rendsishem
antropomorf,promotori
ndërvepronte,vargit
lësh,cetinjë
mataneshi,hinterlandi
brija,pathyeshmëri
bashtinave,zhillçë
rrjedhjesë,tinky
koliqit,iskk
vërejtjet,mjedë
vandross,galua
bamirësitë,karantania
mekoryuk,shqiptohej
mitanet,gëlltisish
perseritjen,jacket
persekutoheshin,hercai
valefor,yorozuya
galusha,largpamëse
akreditues,intramontane
ndlovugatsheni,neoasiriane
kenshiros,nakos
emigrime,gërshetuar
veçorishë,jetëshkrimi
pointe,blbre
dekriptimi,penaletrare
naboulsi,formatë
gjobëvënies,cuauhtmoc
didroi,katare
vogëli,perfhire
kastave,shkojn
zupcin,pokemonët
hitches,triglifë
melkizedeke,mujorshin
kolaps,ilyushechka
ambientale,kroneckercapellit
lëvozhgat,jonny
aurangzebi,fshatpara
shimane,transportimi
capanamur,bashkëvepron
venier,ula
pergatiteshin,hidrosolubile
niçpurit,sakati
vau,terminologjisë
nderprene,hadd
fokusit,busullën
mevoneshme,xhoke
hasko,seeyamangalami
melcanit,pneumoniae
rep,praktikosh
shtjellojme,schiavone
fortesi,shaba
virgjërore,vetëngujuan
parabazilikal,elmehdiu
bci,kretakut
impressionist,pasterilizuar
profesionistee,spërkasim
did,lakhe
dushme,dhekati
fullerene,gazheli
aldosteronit,shenronin
chronicled,redaktorëve
kremlina,shpërndajn
vikingë,zbrasti
tastet,matematicienëve
morfofonemike,ngadalësi
abbasidi,donatori
filistinë,popullifunksioni
kontestojnë,uroshi
monitorët,birrarie
shoshaj,hena
riterin,spektakolar
lemenjes,kimchi
bjelovishti,klaudia
kurvash,kh
vuajtshëm,gezhoja
bibernave,gesualdos
aktruese,diskutimesh
ramahajrizi,perpaja
vllaka,paqëlluara
pambarim,lukth
induktancës,timarli
durso,koteleve
sgsn,konsulidimit
loshaj,elsilsila
dtmcar,tus
cancer,frontline
tuneleve,gjuajtjen
firmo,favoret
edukonin,shurrëtore
lugjeve,bearzot
trivoli,tesselatum
serreqi,bastijën
tundër,ishbujqësia
ultat,kontrollorët
manjentit,pouqueville
shpopulluar,kimise
vestly,oksidativ
unikat,fosili
italianizuar,mejhanja
durimit,zou
dhjamosur,lumbini
tmerruese,udhetarin
membranat,sklavërimin
maskatfamiljakohaqytetinjë,moby
prodhuesish,euroiane
reaktantëve,liko
malushi,themudit
alkimistët,tajlandeze
verrisht,luapula
edori,ceccherini
mizo,directors
lekëshe,analizojë
penrose,podrimjës
mahias,humanoid
naavitëalienë,dittrich
pararojat,gjysmënjerëzore
bizant,mobilet
kumpjuterat,autokratike
moskovitët,dalmau
brazilianët,diskoartikular
monday,lypnin
kërcitjesh,thirrurve
uillsonit,enkeleas
goffman,njohshme
damaskenë,ceratotrichia
hilushin,riensfrde
mëdhenjt,identitar
brithma,rrjedhjës
ldkse,vorsfelder
najë,dao
kërthizën,vaptist
kodrinorë,reformatorin
delancey,radioshkodrës
atimonit,zotë
kreshnikesh,cilësie
bedales,dhrbr
tangentja,asterius
ishushtarakësh,katunën
dessec,përvetsojë
intervistoi,ramdac
kthehën,shibata
paajruar,ndërtes
tiraspol,bunkerizim
kriptogram,devocional
gjikola,njëkahësh
felinë,httpmanga
tifusin,judese
mençëm,rotorgjate
kiscosë,dilos
analgjezikëve,çekana
mbretërojë,delen
përkrahura,therapsideve
manchuria,prehjeje
polyalloy,domingues
rojalistët,eorum
airtes,tihama
pandita,fixed
juglandaceae,brovserët
johannesburg,pyrri
prishtinas,maury
ekpozoj,kemal
rrembehet,epiklisis
nenkapitujt,vecanerisht
rennie,njëshave
neophyte,ndjeheni
ipratropiumi,kujdesemi
mbisundim,veglën
blatter,drapëra
apsidat,daddy
spërkaste,nayake
automjetesh,tutulanitlym
sëchuan,arkitekturave
tojet,njihorpara
hijeshojnë,xhorës
tragjedise,kataneve
komunizëm,sinaballaj
mushrikët,iahte
nationalizations,nepermes
municionesh,yanshi
gazët,billysuraisne
aparteid,shënimesh
legalist,vetëafirmimi
frey,sinotheriumi
russian,florikultura
xane,formuluan
mkatnuer,daigram
texsas,bajraklisë
memeja,fejtone
timomakut,qeshurash
xheferson,konturore
bakrin,trajat
paralelja,torta
keegan,eukarioteve
jopjellore,nahuatl
thërrasim,indinjuan
ofrohej,tongva
eda,tablosë
rafshnaltën,ozel
barcelonen,sandli
otomanc,protagoniste
eltesrif,helenistika
kritikohej,coronare
trafikant,mamoudzou
marxi,kënatave
tekniku,rrufetë
qytetzen,sallen
tentimet,antile
karauntuhil,vonëpasi
mikko,dallëndushe
vrazhd,dietricheckartstadt
rekreativ,carnaval
mirabel,bareve
ujësjellsit,atintanit
luajën,traube
molet,taunts
exile,lexuesish
kalohen,konformiste
hackney,bollatatët
sapopagëzuarit,borrominit
qiellë,tpies
barakzai,uallsvenskan
ravenes,gaitan
rijal,koburja
dmg,mcconaughey
zahaqin,ishjugosllavise
dhromi,lendore
biometrik,vanigli
kublaj,aftësis
gusenberg,ndryshimpërmbajtja
prolaktinomat,barataret
fierzëgjakovë,smokthinës
hamura,skadua
gollobordës,pirokun
dervishësh,driblimesh
investuesit,drakos
zeo,jonesboro
mosmarrveshjes,bylbyl
ajasofjën,hfniumit
gulf,defobit
kriorave,shpërblyese
apostat,shtegtimin
rmës,supave
greblleshi,mahalin
dorzua,pinzguera
graben,helmon
kurikula,reduncini
namikaze,esse
filament,gjysëmimagjinare
chumash,merrnit
poposki,cesë
mospërfillës,fismes
kazakishtja,bunkerëve
savonarola,elion
suksesshshëm,mistika
intrapulmonare,mbeshtetjes
bashkërendojnë,adyar
sugjestiv,klintonit
stargate,muavijas
ponivillit,afërtafqinje
uniate,dvur
pashembur,bllavackij
peaches,elmasisah
carlsberg,turshinë
serifit,nxiren
ahengut,shpërngulurish
administratimin,mesdheun
vilamarxant,konvertuara
salish,lartmadheria
frekuente,perendimorë
baramova,virgjrës
sodhala,trake
gonfaloniere,gjenocidial
shfrenuar,kërçinit
gjermanësh,meksikanoamerikane
rrezultatit,avokatise
hadesi,filume
tiroidale,fekondohen
listerioza,gjysmëmotrën
capreolus,gjallojnë
sadako,counterstrike
deçan,hausa
electronic,dignitatum
saus,ayetullah
apdu,mekenzi
zbutësve,shënjimet
canide,trojesh
jarre,pandyane
ajouës,analogenjë
joadekuat,rexhepagiq
pëparësi,thurneysen
tribunën,indeksuar
campino,jeleku
pint,rëzë
njëanshëme,gjyrë
bestseller,nikomedia
vetikalitetin,klgj
pridhuan,laurën
mathuazenit,arkitra
metafizik,protopresviter
larget,profilizuara
porcius,romanës
kenzo,gjinish
kalimera,sangamesan
shtrojmë,edenit
saturimit,aktgjykime
akkadet,poinë
alkhazini,salana
hingëllima,tostig
marshimet,trujilo
medicus,bondsteel
vigjilente,botërorebrazili
magjistrantë,aouda
gëlqerorët,shperndar
sylhet,mundohemi
guer,adjja
apsolute,smora
tocharianëve,majko
shtrihesin,strepsirrhinivë
kokaines,buqete
drishtitmonumenti,thurr
afrimiteti,tavernier
gampong,mbivlerësuar
mestizo,gjasht
riorganizoheshin,konklavës
mome,bankash
neurokirurgjie,gjithëçkaje
kaolinës,oblak
libërshitës,teucrium
antologjia,tuke
zahra,delegata
navaratrin,obsessionnels
injorimin,salinës
stiropor,pshës
lanark,adriana
pogësnë,siempre
fminore,ishiba
kirgizistani,lucie
manifesta,liridona
sacco,gjermanobritanik
mazhorancës,permutacionin
hakëllberri,frigohen
elhakim,flamurët
gordievskij,unçshsë
haruna,pavlos
quentin,bethçse
përtu,denazifikimin
trovatore,dafnen
dobëtit,fundacionit
armet,jeandenis
diseksionit,shperblimi
marrëveshjës,garate
festus,gotëve
introns,teoricienë
okulistët,nantës
sanctoriumi,doisneau
marrat,zinjshumica
desika,pxqx
ligështuan,vorbullës
suazi,rejkjavk
mbijetuesi,ignacio
timotheu,reserved
biçec,rodezi
klepsidra,eirodziesma
servirim,searlesë
anel,rdenii
divizion,vandavasit
fulhamit,hideyoshit
përzierjeje,alab
economistspër,menit
gjeomorfologjisë,kominternit
gjakësi,pikëshe
firmsoi,kthellë
jugosllavet,zvarranik
përtokezuar,panonias
vejdirektoratet,thioguanines
tapde,ther
serbishtja,babuni
imanente,pachiyappa
tumanyan,ndënjëse
inkuadron,kazak
apokrif,logograf
pikiëtakimin,zgjedhurat
egmore,neoptolemi
atlantikoevropiane,range
squire,kavo
stinkun,skenderit
atomzahl,aktuator
hapesinore,geezer
magjistraja,chloet
ndertirnin,heea
crunchyroll,pergamoni
aktakuze,anastasijeviç
dedikojë,hapsino
rive,paleolit
meremetim,momentalesocialepolitike
dhryshme,rekuperuara
issues,piktorin
vegshi,gaillard
vithkuqi,mantelët
dhunua,gdhendjeve
leremia,ixsë
ritualistike,rjetë
privatësinë,caso
karocen,taktikat
narendra,pekturalë
transmetosh,tabby
mbresëlënësi,andelaroche
përdoruri,fysuni
serches,thonim
esecutori,sopranoje
jahn,lammermoor
sheronte,trubadurëve
hirë,magahi
fshij,kryqëzuese
belegradon,gney
apelimit,spektromatës
gafë,kleveland
riprodhoheshin,lamberg
yanagihara,gaziantepspor
jersy,sheremet
tayuu,makrofag
allelengyon,filatelia
kulçedra,knopfmuseum
poliamid,festonin
akif,tamburin
helmohet,bahriye
ombrellore,annecynordouest
zoravski,otavën
shkelqimit,americium
foxhia,memorandumeve
petha,ironia
josemit,barkode
koznikit,sei
vëzhgua,pavetor
shasecure,flamujt
zvesdan,lexueshmërinë
emërit,expert
socarxiv,kupletë
ophelia,volker
krishterëoccidental,adisonit
anholt,renia
mërtur,bonusit
formatizimin,brisëbrinjasi
concrete,billingtongreig
dredhat,fascinoi
referentit,maqedonasitë
job,realiteteve
dihët,biggstang
brazilianit,ardhjeve
konsidero,popin
përbashkësie,narlikari
butona,pianoja
kotvalit,nanok
kantinabodrume,macausë
mushkonjash,jaunpur
tërësor,sue
freskave,stetoskopët
mallkimet,diça
vibrimet,tafthartley
dyjavëshin,voskopojarët
bernardeschi,scharlachrote
albinordouest,tipikë
liik,supërligën
shkarkuan,punnohen
ualhabitët,lachapellesouschanac
kabalist,avantgarde
bineq,filosovietike
naci,shatanama
shkelqejne,erenkoy
belugat,venitej
markim,gpsë
shkollarët,vrasa
youand,dërguesin
flaviac,rrituritndërsa
saktesisht,haznedari
calhetas,udhërrëfyesit
mirëllogaritur,kabilit
dores,mutezilit
potomakut,eleni
ritushka,hopko
internacionales,thesprotia
evropaikon,lutsk
pjelloria,deklarimin
paskajores,grafitit
mashtrimesh,mausolo
panteton,shtresore
procedonte,papanatha
qtu,def
bangladeshasve,pierroti
verpom,brahmnalit
anoxic,mosvendosje
boshësi,fushëaliaj
combs,dragoniane
vrishbhantika,drej
riddar,monofonia
shtypsi,opistozomës
qlaja,motivit
konturë,arabisdhe
dagbladet,mrekulleushëm
kujtuan,debatohet
rhenus,fshehtat
vëreni,autoportreti
anxheles,shpërqendrohen
liberalo,shqipesi
voevoda,masakratorët
decarboxylation,saudët
afekti,mbrezhan
luhatje,kristianizua
nikoladze,koninklijke
zevendesoi,yoshihito
carbonara,ullukë
dimensioneve,vishegrad
funksionalitetesh,hauzës
deshiroi,thikën
zapateado,humanisteekzistenciale
parlamentimin,tinksë
prioritar,fortme
ilustrimit,fromë
ciocio,saadet
engelsin,mifsud
komunikonim,parmenidit
kavajasi,feçke
sinkronizojnë,agastya
gjanë,karlspreis
vesselam,parazitologji
mirditor,regresiv
sabena,arunagirinathari
qaim,laugh
alternohej,referimet
bamiresi,lipo
tegerfelden,petroglife
çatalli,pajtorja
kunzës,lyhnidit
multimedial,zoological
identikisht,barabare
njëfreiherr,ngatërrua
dypara,rajko
shullajasit,jethro
xhaxhase,dukëshme
mudësuar,clearblack
vitiligo,vetm
arhelaut,butts
uratat,shtrëngimeve
satana,palikrueva
maletaj,arshin
burgose,reykjavk
stsm,ozit
koinonin,qakare
hebdo,prronjëve
striatral,orbomeni
kapitulluan,mishërimin
kurc,ititaui
ndërmarri,redukton
murtajes,frithiofit
pasditën,universistetin
bulkun,cavallero
galipolit,pëlqye
eki,samsë
cottonera,shpinorë
polices,perandorik
bazes,simum
rkijuar,lil
ramstedt,tunaj
dharmarajika,machiel
mamica,karficë
karajan,ankhut
shqipërisedhe,ekskluziviteti
kaya,tidus
encocados,krylya
clozapine,xhemati
tailandës,alarife
govinda,devadahas
bashkohor,utore
rrafshëttë,hchrsja
ujgure,enkodimit
perjetoje,rrëmbyesi
plzen,casemiro
turmalaj,navigatori
pompoze,kuleta
birgit,shtegton
kolevica,aiitc
dogs,atijt
panterei,provojne
laval,destaing
energjin,anashkalojëtë
sheqererave,shtrembërimet
videlaide,kumbara
sedacionin,caudebecencaux
gersheton,bashkëluftëtari
agnellin,kreditore
qërohen,papapano
susie,frengjitë
demtojnë,skedajava
fishi,hoku
lerosur,oksigjenimi
dove,shpimet
palustris,mbarash
mbjell,pashtershme
praktikimit,këqyr
kaltërve,hitej
vincke,kokrizore
grabanicë,ademaj
istog,statesman
natrium,aerodinamikën
reaguese,ekonometrinë
tetrahydrocannabinol,epikure
pejton,shquarve
reveti,solvay
gjurashi,danemark
jiaxing,dyujor
konsonance,katharineum
njgajre,përndyshje
keshtjellës,trukimit
aksios,rosslyn
arrhidaeus,hasianë
illustrohen,frankmasonët
neutralitetin,sfaks
etimologjitë,fiksura
analizoi,uollt
dataplay,përqendrimin
hrushçovit,armiqësoi
mensuri,degëzoheshin
rilindjeje,enjteje
verdin,autizmin
yeste,hollivudian
mishëerimi,kontura
andromaken,nxin
garis,polymathe
nek,leshua
filipopolit,araau
kalldrem,ozurmisht
drejtëperdrejt,klientelë
radioteknike,kambaitherium
hidrografia,therapy
lndores,mocan
tranzicionin,veletin
alete,kumogakure
kin,rruzares
tharjeve,satire
këshilluesve,kllapave
silvestri,selvitë
niueans,gorakov
kaskadave,dekripton
kasoruho,velascos
kopakabana,gtaverken
bollgur,tarih
birds,përgjigjesh
crni,terakote
khind,bojkotojë
skaroza,dardhes
fituesen,dilemën
helenideve,godfey
aristokratisë,pallçisht
pabandom,nagi
vejan,graali
aplauzua,vtv
debolis,subjective
zpetek,rincn
infusioni,karrot
mënga,maqbara
brezë,makinadëshmi
kalorësiake,magjin
yong,mesareja
faxiani,poda
ekamranathas,shprehesha
xhemijeti,infame
arabian,riciklojnë
paadal,bisedes
bllagojev,alilaxh
oshilatore,disponoi
ekspo,spider
sols,tjetërkush
skllavin,guyanas
jezeri,ajgëtuese
futbollista,lekaj
thiktas,fnçja
shërbejne,gëzohemi
degeneres,mendjelehtë
sunij,gazzani
automobilash,idhullkal
ceshtjeve,mikprites
plastoquinone,fun
seconda,injorojë
gjysmelakuriq,fotografimin
inteririori,grushenkën
freri,fushëarësi
borders,udhëzojë
ventralit,palejueshme
grushta,malësorishte
ekonomizues,stoltenberg
kangoore,jerevi
jayadeva,nokshiq
estera,guvernatorët
njëratjetren,njeqelizor
jobesimtarëve,shehudajre
gjihtmonë,naumi
rimerrnin,madaba
ripropozojë,matcha
dir,shkrehur
kavall,fletëvotimeve
qellime,mbështetjet
hclin,qymyrgur
galipës,melanit
vatrësg,blocos
rezeruarin,chen
gjithëpushtetshmi,jens
mbajur,backstreet
semin,cikes
ilnik,sqarimin
pronësor,miko
prirjes,franksët
vrapoj,faith
përtojnë,liliana
msfc,divorcuanai
normalja,goose
rendisin,vetëflijimin
procesuese,masivesi
olivias,yorkit
yathrib,exeter
sep,kenaqin
rektorët,mendohët
gegnisht,sharati
qante,verteten
ripopullua,radiodramës
glosta,sepsis
cruess,piroti
douchy,hudrës
kokrrave,nursia
dorëzani,vorbulla
dramaticës,vidhas
detektimin,strumonit
ovi,cohet
kercejte,cuvier
termeteve,erlinsbach
kolloquium,sssturmbannfhrer
salcës,shfuqizues
komisionerë,mollo
brazilia,mesatarë
alergjive,ribozome
atelieja,camagey
deponimin,sajon
beiramar,thirukonamamalai
krakov,sekondësh
verban,fshikëzës
antikuare,ocn
pingi,sorosin
bërkoviqit,robëron
hyjonre,seriat
poasht,docs
halorët,mordovinë
shkoqur,angarie
komat,oga
romanovi,njepasnjeshmëri
shankarat,përrojeve
çizhov,nimfeu
liepajanës,trasformime
gjenerike,vernall
prodhuesiet,korrësit
kufinjte,lobim
urithit,jamë
mllefi,prcysousthil
datueshme,dimorf
kontestimi,perfitohen
hilari,dysheklleku
xhinsi,dumi
gjovalini,inaugurimin
ursus,nxitonin
veshtira,ashtuquajturen
satara,briare
fdsdcheyb,onkologjia
assamit,servalin
podgorek,bollns
komëshiu,madhva
investoj,konformitetit
atomin,vortaro
yeezy,sockhenheim
breznitë,asime
insitutin,xdr
gauls,satiah
tejembanë,fshehësh
misionet,brabant
reminishente,teknollogjisë
rrumbullaket,asociacion
katërshe,përzihem
erite,kurrkush
libraries,files
rockeri,përines
mjeshterisht,mustafes
klasët,blujeshil
vetëspërkatës,bithëguri
ngordhin,radiokirurgji
suges,amorale
çiraku,indianapolisit
gsi,hipnotik
aba,fisnikërimi
platonik,monogina
mvetësimin,hyet
njof,clade
fuzionimin,gedhendur
kinematekë,guddy
titullstudime,romanov
tripleta,cardenas
manettit,gjenoma
ui,salama
madhesive,diminiane
sinusoida,masakroheshin
drupalit,sanctis
degëzohen,shtrembërime
vellime,epiderme
kuptojm,instruksionesh
fenomenal,josephine
gjilpërën,sessions
zoterojn,peleja
krongjin,kprsë
perfaqesuesit,shehzade
hamiltonin,përdheses
inicohet,habibaj
gurakuqin,vulkanit
dinkun,fiçori
grasset,shtënia
bollekun,specalistit
ansisparc,xscale
ëhit,torbesh
sekretarët,koloristike
nmeros,banco
sgsp,çamer
dëshmije,abstenimin
profesionesh,demagogët
ajubidëve,vezhgimet
hsu,aneksonin
dominuara,uratash
gjanave,kaligrafe
shkuesi,ndonjëhershme
gollak,trasporti
mervyn,banoreshku
bindese,bibliografik
zekën,selemani
qyqavica,bendat
dari,vargjevet
leskovcit,cran
shkenctarisht,zeshkan
ibrahimaj,ushtrin
brunel,kulturosocial
lamce,stadesh
simirusha,vonohen
joshi,njësim
beckmann,atribuua
miradia,kodrinormalor
tirukonamalait,moussaka
samanthadhipati,direckt
urise,prokurator
skem,eliot
biskotave,përafrojnë
bazga,prezente
mavrajn,kushërinjët
tsamokhria,përmbajtshëm
apoteozës,luzern
dytesore,mutizmin
mbyllun,shkencorekimi
fonetika,lagët
sellcës,jeschke
xhul,vojisllavin
krizash,psikodinamika
poligami,shkelqimi
anterinë,ranatocin
meshoj,heroizem
kriptoje,shogunin
sërishtani,qasesh
vajtueshëm,fleteve
augean,humanizmi
sobën,highttech
roosters,shlyera
xhule,ketes
skolasticizmi,labirintit
gjurovski,perugian
xanthi,vrante
meisel,garazhit
autokatalitik,nokautohet
florange,interleukinës
ishkëngëtare,inkët
vitafonky,devadattas
xhenxhefil,britmën
shpjegoheshin,sigurua
animeve,parnassum
angaudio,dedinje
rodopit,forestsaintjulien
kroenke,igt
brahmotsavamët,mahmuud
heloizën,pazareve
genjehen,poetishenjt
zadrimor,carry
rimekëmbej,aliya
përshkronte,ateriane
gjithastu,zhaoxing
pans,carlota
nadumuttomi,inout
guevarës,isaisë
vuthjaneve,grouby
këmbe,radashecit
aguascalientes,arsel
miofilamente,perseve
franka,semitët
janma,kozhicë
vikate,rennescentre
izolative,koprëncka
gedei,rim
fizikokimist,doktoraturen
excursionista,falsifikoi
miroi,kualifkimin
mohore,asko
thonjeza,pastura
masayoshi,zbatimet
medalionit,femurit
mormoneve,ngurojnë
pllenuar,prixlsmzires
meremetoi,prokuminzmit
propter,heartbeat
southland,sfing
volejbollistet,seriozë
nemanja,valixhja
praktikua,ujdhesës
horn,kriezoti
sulfate,msi
salep,blagoevgrad
identifikonin,lourenço
phllip,valence
xhidavisë,lëvizshmërisë
opeth,jckel
kanotazhin,negociatesh
parents,vagon
suona,filmtage
infuencën,bërtit
sulëm,progresojë
mantenjës,alber
prioritare,apolitik
regaining,navalacruz
vetingut,grupcinit
imitoj,riprodhueshme
haincen,kalabri
porten,ëti
rustem,halo
staden,ribcourtdreslincourt
xiiitë,amatorëve
shtigjin,cagnessurmerouest
tsvana,hios
sheeran,bojka
anakronike,keqtrajtimit
zgjedhi,mandapat
dersniku,racionalizmin
octet,mehndit
stadia,poco
stanevc,rosela
hadin,lucian
mutantët,medial
ndodhesha,ashgabatin
keqkuptime,tosatti
galishtja,ashtëquajturit
stripeve,agniganta
fotografohet,lngmn
vijues,vans
rrugaçë,yoshinobu
mnemonike,sedriku
utilitare,prt
karatzikos,kastelona
praktikues,vegullisë
skami,zhenin
shpellore,popperit
sakson,shkallat
alea,brahmanizmit
sanad,gjal
tegh,komprementuara
skot,divergjencë
tasave,sandboxing
bulbs,hijesuar
millsboro,shtypnin
mammadli,rrotullave
perparuar,carpenii
vedeshvara,kosala
cerceau,ishrit
kuadropoli,desivojcës
epas,asama
bushatlisë,hat
amik,antimikrobike
nënfamiljë,egërsia
selat,haremet
nayakëve,ekzonarteksit
çëlesat,atlticon
tbar,shumëbërthamshe
kranidelli,dallies
parietale,denigronte
intolerantë,bojer
kshatriyasimhesvara,kënetë
anadollitë,dushyantës
pjesemarres,ovacion
hristoski,penutiane
vitise,draenger
bragg,konami
demtime,lover
vageneti,furkën
joseksuale,adrianit
mid,mitrn
deshiroje,alsberg
korridorin,riedukim
regres,anketë
hainan,ishstudentët
matematikanin,perspektive
lufterave,mendjeshkurtësisë
hipin,seoul
riverside,shfuqizim
përafrohet,mimika
perendeshe,gagarin
giurgioana,zigzaget
militues,curaj
shinnok,tatëpjetën
giulianon,televizonin
soissons,aila
plaket,kula
cakorr,staten
noyce,mnchgstettner
darasuram,piranë
catcher,lvkarleby
parashutistë,llogaria
bejto,dincklage
bufferin,dhjetëvjetëshat
nasima,multiprocesim
prokul,debutuese
radohima,gërmues
vjeçarje,lëvdua
afrikanëve,burokracia
njihuni,eseu
kohëzgjatjes,supersimetri
fundamentalizmi,ekzilin
autopista,kambrait
bashllari,kornvellitdukesha
shtatëzanie,zoologët
filarmonise,kalibruar
harronte,tetsuja
jometal,ribate
arkipelagu,emisoni
iskenderzade,tivarin
stphane,burimitistogut
amlie,paladins
kefeut,rregulle
sportivitetin,kujë
srsg,nëpërkëmbura
babadimër,pragmatika
tradicionaliste,burkhard
konstruksionit,distriktesh
inventarizim,njësitit
svetozar,artikuluesit
amigo,tutjeshëm
maximilien,deflatorit
detritin,kategorine
calabria,haridvara
ekzekutueshëm,ikjeve
gisigeographic,formalitete
shëqëruar,inçizojnë
bajezit,melburnin
francen,gjymtua
kuadra,saunire
serbja,beriliumit
gjenialitetit,gumundur
peshtan,habibi
trysninë,abdool
vëllëzërit,korçëbilisht
yangzhou,lojrash
hipopotam,administrojë
artemis,dbe
kërmave,blaine
vdekës,nausea
neutralizohet,schalke
zerbo,laface
traktorëve,svan
motorizuara,macfarlane
pasjisura,honigmann
leposaviqit,pilsudski
noka,kovilëve
menaxhonte,panikojë
gravitacional,javac
formësohen,fasha
josifit,farnaz
ekotipe,elmaze
pbdksh,gutzon
saintjustsaintrambert,grdelika
chiklis,dishepullit
infeksionin,sunrise
tashkos,moskos
aftesine,prejekti
ndjesite,shpëthimin
ecell,patching
raprezaljet,feni
purushas,thepisën
stublla,radiokirugjijkale
rothshild,autoktonia
votuese,antonaves
leukotriene,picat
gilanit,daedalus
kamarier,kurtanj
kontribuuesja,paracelzusi
tempullitmanastir,referon
nelsonin,soldier
elizabetës,bukureshtin
shkembore,neutralitetit
obeliskun,pluralizmi
nava,mastabasë
përpikta,charpente
kanione,shpërndaj
utrahtia,suidët
admiruesit,menaxhmenti
tifozet,destiluese
armëpunues,hidroenergjia
nuajti,rezervarit
zhardhokuar,bulbasauri
dhurate,padeshifrueshme
bhagavadgitasë,anclado
utopi,turmave
fiskulturës,buronjat
smundje,pastudiuara
mjakve,mohimeve
përzgjatur,pmb
përgjakeshin,zyrtarin
tastierat,ishmaku
puçrrave,thjeshtëzuar
katarinës,norahville
hogsmid,aspirata
grudge,konstantius
dellincudini,kapitulluar
përsuan,naramsinit
catala,fanatizmi
tervigët,porcelanët
tklm,botsmarkut
këshillëtari,azze
citimi,ajrosje
moisej,krajlat
kunorë,mpshin
ëalker,vaslav
cimon,censuruara
populiste,hixhri
paciali,offshoreleaks
apocalyptic,teksshkruesit
bobani,gërçarëve
lentës,pjesërishme
spirit,toskëri
verlacin,magjepsën
senzorin,kurush
allonnes,dunja
dyfishojnë,hangar
marcin,figural
silvani,huldubrand
sistemuan,bakaj
shnderimit,shano
tig,ekspozoj
porositës,performua
turkmentelekom,çabër
kurdisin,mercantile
banime,mersey
ëndërroja,prushit
redaktoheshin,buharinit
vrasësh,asnicar
nyheter,gjermanesovjetike
sboxave,buhara
përshëndesje,solare
rruhet,kogdrën
harrese,kapidanin
egzekiut,trkan
fulterzat,sakatuan
nazrul,katranit
ligatinat,rikujtonte
aviona,drejtëzave
subashëve,pennyroyal
promuvua,heretikëve
asmon,diplomue
himnografia,polianës
thirukaaragami,rigvedas
haxhaxh,neuroticizmi
manjëherë,sgatan
farkëtaria,njemanjos
violën,diturit
rishtypur,grimë
themelmit,karting
friederike,enderit
hoxhaj,aludim
ngrehu,shtëpiash
ecuri,diapazon
palouse,miket
zonash,bujqsore
përcaktueshmërisë,grainsalles
klorali,council
dekën,hound
feedbacku,kolektivizua
visete,vrave
uzbekistan,yagy
aventurojnë,dominoheshin
hirplotë,fatmbarësisë
veshkët,alkoholike
sjlyckan,feude
dishonest,hacon
grahas,averin
shyoku,dnye
bertrami,shtameve
elapidae,bastuni
beguncën,lag
ripërtritja,boson
saintegenevivedesbois,hetmanatin
jashtëzaknshëm,eritrocitet
qual,selektimin
lubonjë,pambrojtura
nektari,rongres
përthithje,kauze
hasparideve,deterministe
lornd,disfatave
siluetës,akuze
bratajt,apostatët
pointillist,planifikohej
eremitores,tiruvarur
fierishte,mundesuar
adctë,ndërmnjet
përgjëgjësia,maxhen
historikoletrar,pedalada
shqipërikosove,brocchit
gjineci,stotrami
aksidental,nasar
nubi,dçj
rrezesh,ultësirëst
plotesojne,stiliin
telefilma,kaifeng
kromatina,quingey
shita,laringjitet
encomendero,adixhja
skanderbeg,fotovoltaike
cilie,urakamit
hipnotike,cyclothon
garuesja,thronionin
nishumbhan,urbanistika
apetitet,condlsherpy
perfaqesonte,shyt
kamberin,teodosi
ashkush,lames
rifeve,perëndimorja
velouchiotis,dëshirapër
glazuara,elektropop
morenikë,diplomatë
ycie,cicutarium
trazonin,bernadete
suza,delvine
analogjikisht,mendelssohnit
specifikepor,derbyshire
gollsuirthunneftali,thyeshin
mikronezija,muslimanizua
atis,vajtja
iluminatët,monografie
recieved,cazale
bhagavat,majëzash
shitësja,kainuka
siluetë,alboin
pagezime,ndelka
lumët,shpalleshin
tatiil,kaltani
lodheshin,berzh
sadashivas,thartimi
kireneas,përhirua
basorilieve,përmirsimin
kompilator,pmohueshme
mysoretit,lipuma
shënimeadssadat,miralles
gjalices,sampson
corfo,martyrium
moske,tynel
parashba,sankoviç
nurkë,odense
bramsit,dobësuan
përendim,kadaroli
magjupet,niisha
rrotacioni,mikpriti
pistoletës,mallkojnë
airs,betsaida
jetëshkurtëra,jl
rënjes,frutor
revolucionarizoi,unifikuese
ndërministror,godole
zmaltuar,ragusiane
rrenoja,signum
koditja,belldandy
farosë,ortnamn
medica,përkushtoni
gd,rodën
kryeni,falcon
konfirmim,royer
çmuan,gjeomatria
pietrosu,vajguror
përbuzja,soysert
kiefer,magnetizmin
xoxën,orbite
akustika,oliverit
riprogramuar,beqare
dhame,vandalëve
brazilianë,serologjike
abdera,nuestra
lereh,jeanantoineclaude
qengjat,umajah
keqdashës,leonardit
fermanin,tërnava
qabeja,lillenord
rugovën,kryefjale
junichi,hapërsirë
harvest,shkëlqesh
verxhilia,metrat
motrëne,elxhhizi
bellmaster,kizë
shamsuddin,ankimimet
evidentojmë,vibrio
kundërshto,naseri
cosmopolitan,vegim
annemarie,dyshtetësinë
intramuskulare,magdalenës
kamuflazhi,taiap
neblina,shqipëtarët
postesh,permisuar
derlin,katapultim
ndërgjegjësuese,distanc
crayon,galaur
cockshott,tajculi
pamunguarit,vrerosës
arkitrarë,atribuim
objektivitetit,gint
elabua,austronezian
thetis,percent
marredhenien,rivarros
azin,pitsburgut
rrënjëzuara,adhuruara
vërlaci,parishte
revizion,gimnasio
dëgjueset,merced
milimetër,ganimet
psikologe,posse
shqyt,ekspozitash
pashallëk,dalani
çakmakët,duque
tahrif,njisoj
ratkoceri,kapexhiut
sfilitëse,rradhitet
shefkiu,përvetësohet
aluminbronz,reputacionit
beatport,dyllë
ashish,hohenzollernsche
mariam,maksit
dios,kernelin
mushaf,vatutinski
nasserists,identifikua
beqën,udhequr
kauterizimi,suiter
eksponencial,aeratorë
perisodaktila,sjn
dominuan,vo
thani,fshate
camares,joefikasitet
stod,monica
dnu,elektorati
plekhanov,palëvizur
medua,endemik
snbenedic,frauenburg
laptopave,katarhinë
filtra,artifaktesh
guttmacher,meshume
ingolstadt,liberec
helada,neurokiminë
borgjezi,papuan
abonimet,bogazhisarit
hague,dugarry
televizija,yahiut
transjordanisë,politizimin
kapodistrinë,adamaru
barril,bjëmë
samarin,anagnosti
tepelenëgjirokastër,shendrruar
gbarnga,erin
meshar,subashë
glutaminik,jagran
dtth,kontesh
heptastadium,shpellaave
dënova,energjimomentit
atherë,pagua
finalizoi,kargil
ligori,grimaldi
velarium,kostur
ananasit,shpëjtë
shend,rezustuan
përsonal,testojnë
narapatisimha,adis
tirupugazhi,muzikëdëgjuesit
kaferestorant,sanskrit
arrirat,vitacura
xhukiçi,kuman
chiton,imunë
briceni,gijotinë
puech,clazura
smari,damianus
kërcajshe,spring
shpresues,shaloni
observatoriume,zhveshi
harderberg,flasi
kasafortat,kësolla
misto,jetegjatesia
laicizmin,godel
saltira,caneo
rënkoj,kannagit
sunnitet,brides
akromatik,shleiden
depërtimine,postenanit
gjinise,studiosë
farezhveshura,notitia
levis,saintamanssoult
petrokimikatet,pelium
mbeshtetur,rsc
algjerit,estonez
strepitar,auda
gjermanofranko,racket
mariazzo,baritonit
jofavorizues,amores
enlil,nëpërmejt
guel,nesër
diet,lezbike
ings,hamiltoniane
surroj,haymarket
glutationi,qezarese
jusës,papnatit
mundshmi,vaid
njëzetvjeçare,taoiste
hesiadarmstadt,vegimi
ventromedial,paradigmen
corazon,angfergana
hnk,mangetsu
spmkës,tiziano
ndrroi,potencohet
roxherit,bullying
vranari,virologjisë
sanksione,sollopi
krishtlindjes,gorgia
devapalan,busras
trichinopolit,mamur
largoheni,abbruzzetti
shpetohet,verismo
loprieno,pazbuluara
schippers,thandalam
tenmokuzan,ushtruara
varietesë,legende
veernje,muzikologu
dermapharm,pashëndetshme
amantie,dordolec
tibeti,nostri
punëkërkuesve,boccaccsco
hamasit,sovjetit
qëmundësoi,frauenburgut
lëngëzojnë,gjthe
gabler,dyrrak
kthinave,tërsi
argetimin,montalisht
jaksa,taukbahqe
authentication,galbaq
lodve,mefkat
ginsio,bellunesi
kundisa,ultesirave
bëmash,përforcim
makondoje,hollivudiane
manifestuan,pequonnock
lisec,osorio
ihrami,nasi
divizionet,hominidaët
vitra,urryera
politologu,xhevair
frytdhnse,elitër
paraplenumiane,fortesen
didaktikat,lubrifikojnë
cenotafet,kuqisht
etiopianët,shpërfillen
tavolinën,shënjimi
bungo,filloje
fanariotëve,coulommiers
sarda,serialëve
paafta,sanmoris
falkutetin,iritabilitetinmë
qindvjeçar,hijeshia
begampuras,tgngna
përditësimit,vetëquajtën
indinjuar,legioni
komeditë,skedakartë
publicitareekipi,josefit
parafjala,shtatëbit
liberta,decimalet
ramollari,jopopullorët
eela,harmonitë
hieroglifët,campe
njejte,ekman
samaras,yldz
akullnajës,ahmetiprofesor
ulërimat,milli
idk,shanina
gjerasim,kunje
feydeau,bagetie
rublat,tekken
gjithkombëtare,veshshpuari
berne,train
pennar,spektatoresh
fertil,uthullës
granica,lëëshimit
carotenoids,besëlashtët
sazan,menstruacionet
mugron,specialisti
recitalesh,astigmatizmit
dharman,ruterat
loxha,manave
joaqun,qingja
përkujdesa,morrisgoodall
vjetrin,loteri
makijazhit,holandezeve
tejlidhje,parafisni
përvoj,therandoset
ndonese,serpil
arrnahut,prekenku
yere,tibetas
cezmja,embolizmin
jvalamalini,nilosahariane
difekti,requinto
shprndarë,fenty
jevrem,presat
zamrlo,atraksioneve
trishtë,cooperation
gjuhëtarë,ngrehur
kaderit,saintvarent
iktiologjisë,anuluara
celan,përshtrihet
akua,gërmadhës
hasët,keci
gajdexhi,conference
albrand,holger
gjykoi,saverian
albaniae,kaçakllëkut
pakësohej,kabinat
chaussin,tps
shtytjen,dobrou
kusturit,ruthenia
grafikët,lks
përbërjet,alvarëve
hodgenville,bee
kastelani,kolektivizuan
dol,degezuar
kunjat,krediton
versaje,papranueshmëria
gerd,tigrina
meriani,gramatikametafizikafilozofia
çarmatosnin,microblogging
kvha,vauxlesbains
decentralizimi,pasimin
saturnin,kopacz
konona,stantërg
bioenergjisë,ushqehemi
hipokinezia,peshavar
publication,nokshiqit
detelinë,këlthitës
olivierët,mketa
vakesë,celebi
mbrami,mantra
dekadesh,keshtuqe
geoffrey,grykave
maildropne,grnoas
kafke,myslimi
milliken,spektroskopinë
njëqindvjeçare,përthithejn
kombvtare,prokuroritë
fizikoteknike,nunai
rocksteady,perceptimet
fibula,kryeurat
atraktiv,efuziv
dadaist,piështë
komposto,panay
ortopedik,sambari
këndmatësi,xhupin
mazolla,ovulë
aigle,sinkronizimi
konfuzionet,legjionarë
joefikasitetet,applikimet
zëvëndëues,etnografinë
dyjavore,groffo
cortical,deçisive
gjelave,historicitetin
budeti,podolia
antikorrupsionin,pazhik
kamzë,jolegjitim
kolaboracioniste,myslymane
prendimi,gjethja
larrosa,bclass
majtasdjathatas,rheinit
ferdinando,antidemokratik
zage,prevede
zoledronic,mugal
sosipatra,nahija
rrethinen,rezistive
alumni,kattlae
uterusin,yuki
palcë,radarët
broncigliano,kufo
trana,alpinizmit
aye,zabazhoxha
mbulese,fraksionin
xhelati,ismeti
spits,civilizations
kolobinë,meticulously
parafiletike,terraca
kalker,modelohen
rrugëen,gueinë
ypiranga,ursidae
kazungu,lavalle
engineering,bharavin
latitudat,kimikatet
uelserin,damicobottecchia
pushpagiri,shakespearean
dëendrri,pejsazh
trunksin,pandemi
mbishkodrëstë,eklipsuar
pandëshkuara,mava
pepsico,malezëve
elijah,rolls
tactus,specia
teknokratët,tatuazhet
dhjamit,lëndësh
suina,libian
joann,einsatzgruppen
njashtu,ribashkoi
studiojmë,makiazhet
nordstrom,ngordhalaqë
zejtari,kërçiku
manifestojë,antun
memo,gojëdhanave
ilaritet,ishvendbanime
bhattacharyya,pareve
depozitime,tripathi
vetëqeverimit,skematizmin
mirëpop,valizake
kornizonin,picerie
quar,zënies
sinusoidal,organizojmë
zyka,box
tokushima,paramilitarëve
inskenimit,kalendarik
urinim,trekufitare
iveta,ventrale
njëdy,punësia
skyddsskola,ezoterikë
hullitë,cenar
caucus,barkodet
kushetrako,shquarën
iranishte,ekplorimin
jazepa,halucinacionet
palosjeve,dobratini
surratt,randal
revisit,evropes
topografia,mërziten
oshea,guranjaku
propagandojnë,diplomojë
iptidaije,bruixes
zhgjedhen,pacientja
kërpudhë,rrëshqasë
episoding,rinovohen
përshpejtuesi,trgon
karnak,pajën
szumoëka,meireki
lema,ripërtypësve
nitro,sotmehard
proti,puphagiri
siam,falangës
zanafilladëshira,noto
qypor,malci
doreshkrimin,etnopsikologjik
figurshmëria,xuanzang
olvidarte,përshkrimesh
tsipsistës,daorsëve
sundae,kuotat
chifliks,gundy
dhenderrit,hiran
andolini,çërçillit
picërraku,botuse
bostanxhibashë,taubertalit
anatomikisht,apoita
zmali,jakja
dashnim,flimimi
telamonit,example
krishterizuar,konklava
vrithit,tanisit
nurembergut,mx
cpsu,vezakegjatore
vilej,fjalkalimitkto
marqus,ovuliminnë
muha,lamani
yedi,amptliche
doreper,helenalinë
bunake,desanti
toda,anotuar
deveve,shuku
montazhe,uppsalas
malt,vështrimet
elanin,yamogo
përqarkimi,nabi
vrasnin,cats
celine,nishin
orodel,konjugimin
caetera,njëkahshme
përpunuesit,pompojë
edrene,jajpur
kalorisë,elsabil
handbol,inkurajim
authetifikim,blindsided
amuro,cormacit
kryeadmirali,korrelacionit
toonami,kochut
parimutuel,huxtable
formalizimit,institucionalizohet
zotëruesit,marcantonio
katedralskola,shojë
boundaries,petnit
hardenberg,testikujve
identik,mauzerren
kinokomedia,ekluzanjë
softëvera,yanonskaya
mbizotronte,patrohet
marresh,papaveraceae
dkdbe,nikolist
bukurëve,lokalizon
vighnesha,fataliteti
efendia,paranteze
penalti,balsanin
spiridhonit,tragetoi
bedenave,shpjegojmë
surat,arbit
perfeshire,tortonianit
saintjeandugard,amniotët
bennecourt,agaveja
talljes,hajrie
bullgarisht,perfaqesuesi
planimetrisë,syndrome
bashkëhor,pointet
bercy,dheçmimin
vajore,rregulloni
moonduck,veprimtarish
socialni,qabja
fmnja,taurino
vezuvi,deshironi
satirohumoristike,pjeken
vëzhguese,llivanat
oiran,marietës
vogëltha,mmorandum
zbarkonte,adele
torben,nismëtarja
adjara,parashikueshme
mendafshit,rila
monkeyeating,indise
merkazi,jeftos
globalë,mixed
zvoglimin,gangsteri
karakollët,saksonishtja
dogmatizmit,sequoya
iiiiii,dizajnoj
slovene,merrën
kurmanxhishten,rusell
parkuar,theodotionit
pizhi,kokëkraharori
acidoomega,strindberg
adaksit,kontraverzat
juridikondërkombëtare,portese
ponarëve,majestiku
hussite,kalërojë
como,carrouges
konkav,yoshiyuki
grupa,serialesh
akorduese,gjeomatika
preov,engjëllorëve
dubravke,moraitin
përleshur,koenocite
borshi,karmel
gjithëvjetore,ngarkuan
critical,todeskunst
ngushtave,shropshire
kacabuni,conjuring
kamrave,lrgja
vetëmpërvetëm,ilustronte
implementuara,iluminist
jotrillues,anijenëse
shumëdisiplinësh,naumburgut
procyon,fshegura
sugjerimi,sedilja
levanit,kanoe
rithemelimin,bakolla
betej,njëvjeçar
rezervuarëve,interrupt
çashtja,fengjisht
përshjetuar,olsson
misurit,bistricës
maclaren,virusal
kodimin,ago
tigreshe,dobësite
vërtetuara,gropash
themelueseve,rrezikohen
interamna,humbnim
përplaste,kalimedit
telianala,ezopit
scibec,neoracizëm
mekgur,lyneburgu
shamogjin,mousert
lazerin,charmixin
kapanxha,montgeron
rregjim,gjovana
siversten,vuajtjesh
vecchiasignora,mbarësi
përshpejtimi,buletarioni
perkatesi,bellaj
mesmegjimnazistë,bioarkitekturës
leontineti,fleck
verbuar,folkloristikës
paguani,mendeleev
colombia,përcjelli
çertifikim,lapsat
ungulates,pilivesës
memalaijt,michaela
dendësin,voskopojes
dropull,vertëtë
shkqëlqyeshëm,peregrine
bohorquezit,sforcos
stampës,aleksdandrit
bright,raikben
skolastika,ndërtimitinspektimit
përpikshmëri,vigneuxhocquet
majft,murgeshës
helenizuara,mondiani
tempeeraturat,kremrimi
stërmbushur,gonerila
anzur,buddhës
pagezuar,malayappa
horrors,lefsinë
nagajuban,laureuar
arkivoi,uthejmini
thanasit,cluttered
kobiliq,ushqehu
përktjimit,rekonstruimin
konjugate,diodorit
ylqinin,tosilat
vokaloinstrumental,minarin
struge,montfaucon
sardiane,eneida
poggetto,dominantë
vejsiu,bibliotekarisë
antiferromagnetët,printojë
devito,alauddin
burrhus,nyse
elemendt,neema
elektrorale,paraardhesve
panonia,neogotike
infarktit,dritaresh
karkalecave,vllezërit
certain,interdisiplinë
kallur,viçin
veshëmbadhje,rrethrrotullimin
gemarrinit,xhandare
thch,faculetave
perballe,pjesënga
saie,mendueshme
nonsulfur,pershtypjet
kuqërremte,marruna
direkë,championnat
kancerozëve,lyrics
lugajës,halsey
brengat,sunde
konfirmoj,pyotr
aksionari,riformata
luftenë,peethat
dekoratorëve,shërbëtoreje
represorit,rexhepaj
dundee,valencës
bretkoca,lakunat
matre,monarkë
indro,shtatmadhorinë
neurologu,mansell
helikat,nënti
princëror,vështruari
danijel,thohet
bejrutit,padma
supermarketeve,meksikano
nënkupohet,syrmia
fiernat,dëllinjë
ldrmez,funksionalizmit
kallerit,përngjante
ntr,redona
lisbonit,guardianët
apollonia,danboard
guralecët,giuseppen
përgjashtëmuajshme,skenaristë
rikonstruksioneve,shqipës
mochan,bibra
avullojë,gayasuras
sannio,shëmrisë
ryder,mayerit
pizer,ekzistencialitetit
hapsirrat,bajtanicë
dechard,rikujtue
sfu,depërtueshëm
deleguarve,pavorësia
nëpira,lulëkuqja
typha,fazlia
pritshmëria,preliminare
mafilballkon,basilicae
caktue,shabanefendisë
serbomaslazeze,moncës
krregullar,zhgjidhen
kufijëve,shenepremtja
madrir,teknikëve
ujdia,elitis
abdulbasidi,smriti
nekrofilia,dëmtonin
tegulave,trabzonspor
lavrioti,nifedipina
bikaj,tivarasi
tradhtojë,hysenin
dojoja,rakelës
trasportimin,zakonishtë
mrekullohej,çemerikiç
paprecedentë,kiços
shpërblehen,cpusë
ekuilbër,blanca
universalitetin,fetal
peccator,herkulanum
stuhite,askë
konakë,gonadarche
skypiea,isfinjar
dezinfektimi,serbit
viollet,tike
klithmë,dunekut
skuqeni,rizhvillohet
taffarel,grandpre
tifozeritë,rrjedhësedizajni
bardhajn,palues
aristarkh,pentozet
vrapuan,definime
mobilieve,frenchie
plava,serbeosmane
flagler,silla
konkluzion,kurdisuar
lymit,monkole
kundërshtues,vërtetonin
nomi,qabeskonstatnja
amf,lizohet
oratorët,smoothie
zbrazti,kirkdale
shinner,zhaneta
tholoit,iberian
izvor,zadkinit
babs,pilsen
believe,kudepasirit
çmallëm,aliji
mëhershmet,direktiva
akacje,balancojë
akrura,rralluan
poshtërsive,populit
rrezina,lauro
autism,dajave
dhunuesit,bangs
pajitnov,kliente
disfat,gjithkah
mauzoleumet,fosilizuar
montesori,xhanfize
lëmsh,zonane
haxho,njerëzimeve
afrseskëve,vetmitarë
zafar,disordered
akra,tradedo
biloogjisë,lëruan
shtypë,dreqërit
vektorile,skenikemuzikore
mekguri,piks
dëborën,transplantimi
thjeshtesia,jstars
mapocho,damokleu
seleme,scupinorum
trashësie,fraley
nanbokuch,yathribit
kombësinë,dcc
trilobit,çabutro
bunker,gottlob
stom,arrhabeus
mbijetuarish,krijesën
relievesh,zinedine
demaskonin,sambanthari
miqësoren,hidekin
lenda,kreyenbrck
ribavirinës,krosimit
baneses,shqiperinë
kooperative,spiralizuaraduke
spirdhoni,vuajtjte
ndalimet,mineralogjike
importojmë,rozhajën
varosh,kapërcyellit
thurinus,cfc
revolverë,sinkronike
hisanën,zhivalevë
virulencës,dermatovenerologji
veriorenga,cupid
krishtlindjen,finalizues
tamuna,domja
komisari,roving
bashkeluftetare,kolehmainen
pandisvara,vallone
shënuesin,biserkos
krishtërizuar,coriat
zhcilluar,unchr
ciklogjik,kp
asec,plejadën
detyrojne,joaquim
puëtore,frkuencat
andronikut,versajes
ishaq,objektesh
gugge,ashurave
ogurmbarë,mekamit
gjysmetone,gadishmëria
erg,sepik
këtejsi,ndezja
tavafi,dioskurët
miloradoviçi,deviated
kosovafilmit,sërishmi
berr,libaniusi
torzionit,lneburghalberstadt
dula,tekstilet
malësoret,dharmën
klaviçori,guitoniane
habsburglorraine,dashamir
aganësh,paveli
denja,arsimohej
hubbleit,demanton
diellix,valvve
varoni,krushqore
endriun,charts
radavcit,morfofonologjike
ekstraktimi,bunkerë
hadëri,parapërgatitur
mbisunduar,neuvillesurailette
moutsla,buyids
natyrshmi,neoptolemin
maior,koyunhisar
nikshiq,taxhikëve
pontifex,disenjatori
arbinovo,prizrenasit
chandikat,pfalz
konotacioneve,blasfemues
mëndafshin,qortohej
riekzaminimin,cvijiq
kashnjeti,repec
jakobinëve,intensifikuar
zavalani,arkitrau
fann,kataluninë
konturën,falsitet
pasqyroj,përbman
galatro,zbut
tubu,detalesh
zogajve,jukano
përfundova,ciganeralbniz
carjeje,gjinin
dhrishtadyumna,razorblade
bukocit,modenas
thayar,papagalëve
tbokës,arev
premisës,fang
njeres,panseksualiteti
administron,zarimbreteri
gekyume,kolokuale
rrafshnal,sociopolitical
mbijetuarsh,entrepreneurship
fighting,ginj
metallurgjik,mitrolozë
errësoi,xhenovia
vritni,estere
propagandues,compaileri
orbiter,spkbsë
jeangeorge,hatixhes
mjerues,organizatorëve
pajtuese,mccall
shkupduke,branderi
delphinium,krelan
rattles,osirisit
përkeqësuan,demonstrues
atribuojnë,ndertoi
birka,rogrio
abrahamistik,vanadium
paqarit,xhuxhet
aligarh,uroshit
mbathë,plakave
sulltaneshës,manieriste
qiltër,djerrinat
maurjane,makrofagët
takëm,kancerore
gjeneracioneve,brysaka
koncesionari,kollonave
nosed,mondo
farmaceutikë,kerine
pergatit,gulum
ioc,kthetrave
hyjin,archipelagut
dodë,rott
afagjatë,fiorentino
euroamerikano,pnh
aluminin,armatoste
narcizik,tribunë
stençe,kryeqytetase
qirjo,numerohen
ujëjellësit,masazhe
qëlloheshin,rezhdo
farmakologjikisht,globalizmin
dallune,superinfeksion
biferno,fatjon
hipostil,kurandrita
irkutase,dathnes
anijatëshe,kenti
binarët,virje
edomir,monotreme
httpkrijimtariaime,dabney
hermelini,elpisishpresa
adrianopoje,vjetës
jonizimit,hyjnorë
pranverëverë,rigjallërim
khayr,nënstacionit
instalacioni,gjiuhësor
andripano,rongji
bjeshkas,shparthi
oshiloskopë,beradab
bibliotekare,kuptuat
remoli,kulturoartistikeetj
uneskon,censurua
spruance,joshin
vehabizëm,germane
imituesit,corapet
qasjesh,varzim
fotosintetik,ucsc
famlijen,merrygoround
maksuel,ngurrojnë
admeti,trentit
inspektimi,seikei
titullojnë,spahi
atyne,gresa
intelektualeve,kahreman
kryegjata,ideatorit
kokrrizat,shostakovich
icryptotransform,stockhorst
lomas,sherman
porfol,surrealizmin
ninit,vazhdueshmeregjistrime
patogjenezë,analitikë
kollçaku,lëvizshmërie
mënjanimi,tragjedianit
kundershtar,kazekageja
vetëofrohet,feminism
ramosaj,fterjotët
premio,jayanthi
blerina,maksimizimi
dakën,artritin
agallan,enzimeve
drejtesia,diabetit
biznatin,tucks
pikësynimin,numëronin
njesite,lëvize
ekspozoheshin,fitonë
xhelozisë,susta
negovni,coverts
kuadratike,hipokrizie
gjigandet,prosit
atsh,keyboard
udi,furcat
çirkat,inicial
fokusojë,demonologjisë
joçifutit,vr
kaninëstë,aksesuarë
theertha,shëmbëllimin
bojkotua,sintesën
paraushtarakët,cilësimet
matërialit,kompiluesi
perkutane,guanajuato
belul,patriotizmit
petrova,stramonit
haditheve,zolës
doajen,kirsanova
nxehetesia,savignysurorge
vushtrria,dingolfing
përulin,tucumn
divanitishte,ankese
tërbim,fatbardh
herodotus,taters
gjuajatur,jeseviut
avullin,bepini
rrafshor,ilahitë
shanse,frost
hus,çepës
çakëll,iliazi
pëcakton,përmetar
phrasis,riklasifikohen
stala,censuruar
stonios,qafëpërdredhura
ajman,ipesc
forester,giscard
kastri,kde
vezak,fës
nimfe,atahualpa
preisgerichtssitzung,kontribuuesi
melodyvision,kursimite
propagandim,rutman
pirinaz,punështe
zooplanktonët,gjilardi
jigor,ekzakteështë
sinkronizuara,rufle
pokorny,autoktonete
duniallëk,yoshida
buqolli,rogerse
notime,bluarjen
portativë,rotacionet
rojtari,shurdha
soset,bashkautori
ske,alkmena
diamantin,arqipeshkvinë
tartit,kompozicionet
sakrishja,recitimi
kshilli,eltabarit
nd,çajkovski
arsyeton,kresha
kosoveky,shuflaj
çfaqur,gerbil
jagiellonian,shumëfaltoresh
monoteist,ikse
kontrasti,veçantive
spaccasassi,kastellion
hiperteks,strangler
dopjo,sponsorizimet
ishujsh,propozoni
yearold,asgjësonin
lituanët,hasnain
srinivasa,qetësie
shakaj,plotesishet
matteoti,uverturën
bardhëfosfori,patrullat
shqypnisë,torunj
pleuria,meznij
kampala,ftoit
sergey,bloguar
musashino,queers
ligu,gjeneronte
astrofizike,identifikoni
mesruti,jat
kabinash,surrojfanë
zbukurue,parlajmëroj
profiluar,kryepiskopit
përjashtonin,hakimi
armenisht,suada
fashës,karuk
pennyin,përhapurit
pazot,kupolave
temperamentet,zafaryab
vulcanology,paqëndrushëm
përbajnë,cohn
boule,thell
compilation,besianë
tjetërsimi,egomaniac
tëtheodor,rretin
msca,mushqetarë
kuptimeve,hagerman
mbsr,tretavendet
synuesve,rpgsë
shallvare,sainthenri
plotësori,yllësive
teil,nysk
sovjektike,hapush
hipotalamikhipofizoradrenal,rëndomta
boi,kinsey
domestic,sulmojn
brunett,hhlsë
tabari,tërfilit
hemit,zhuang
teoricienët,koncertuar
bellatriksi,sikhs
përsonelit,quantum
qilarin,kollonën
bucket,antikuark
allesina,bezdisja
gace,brtanike
skede,ndryshuarn
babuinësh,medauresi
makaku,nëndheshëm
dornaj,nereut
shahiste,praed
istitute,tiho
çik,franconianët
subduction,jehovai
kurionit,shkencoredhe
kanone,hipotenuza
ailouros,gradimit
procesverbalit,sqepçofka
skedashqiperia,butlerët
raoul,labotlavamnd
dagmar,avrami
markiano,drane
prodhimise,berberi
nguruar,euboea
ushtrhet,rapsodit
goodbee,arteu
davusi,pejzazhi
precipitimi,mundsuar
brajan,lozi
mana,controls
phalgunas,hokey
jospanjolle,qyteteveshteteve
karbonate,shkurretat
kondensatori,deveqe
ftojmë,gjocaj
ndnjenjat,lvivit
shitnin,collection
kokrrizë,dhjaten
otavës,bajtin
montignysurmeuse,stërgjyshërit
primaticcio,kalben
mallee,rigjetur
permbushjen,markle
jastorfit,akaki
perimisiumt,kostas
tetëkëndor,delikuenteve
harduere,itabuna
ht,pedagoget
garland,etilik
husarët,bejer
abrek,vërjen
çuçat,dirigjentes
hrvatsku,guptas
nijansat,selimoviqi
drejtëperdrejta,gjysmëharkore
balanconte,aokigahara
kunavisëkandavisë,hidroenergjinë
pashendetshshme,mjekesine
sanskritase,marathon
qudiq,shriveled
gëmusha,fogg
klipi,artileris
manetës,muhabet
ajayiakinfolarin,superelevation
stin,ebla
radhima,telekomi
eigrp,zlata
kost,armiqsore
burgimin,eminit
kushërinjve,akelo
punksioni,gisela
didaskali,teologut
menelaus,shoqerisë
ngrjuna,pathi
lumbar,bylyku
ekzaltim,motovedën
arvfurstens,mëshirshmit
prfesionist,credence
lagashit,crab
andalucia,revolveri
pentode,implementohen
mirolu,rreshenit
mihali,ultimatium
polisakarid,nukenin
partneriteteve,gambeta
nollettan,treportet
keyser,leksikografisë
korundi,harpervëllaun
aarnethompson,balëkesir
teocentrike,gaforrengrënës
teachout,miniaturistë
ndërkoh,midzhurin
servirur,njëfishtv
kultivosh,tijen
përgjasim,sarandën
obshhttpsiteresources,masses
zahravi,xhuxhmaxhuxhëve
tlu,holdingu
skatë,kohëzjatja
baka,shpirit
kongo,novgrad
meraku,ekononisë
quani,kastriotiskënderbeut
valparaiso,vlladenji
sakrifikuan,gnosticizmit
ndërprerësi,alabassta
kadillëk,falënderoi
dhurojë,rent
europianekëtë,zografi
kycen,schsische
gjinollët,inoçenti
bac,vecantinë
takhtit,ndikm
almasjidit,paussanias
sepahan,epilepsisë
shante,belarusian
srazhnicë,vukotiç
gjermanoamerikane,hellmesberger
jokuantik,pëzuri
zmd,albejt
kastrinëa,lbrahimi
bekojnë,izolojnë
progonatas,qelesheve
kalldrëmeve,projektesh
tabacum,agimin
malët,earle
nisqually,patin
veriake,sadefqar
ets,rexhio
specdjeks,compiler
septim,broci
konkurrence,padijen
konzolë,diarra
sidon,fazilet
gambinha,çeshtjet
mihajlovi,amenhotep
kone,shtreat
sinoptike,shpeshtësisë
singaperumalkoilit,çkyqur
gjeneralizimin,kurtizanen
firmosjes,karizmës
poemit,vojislava
likerin,koordinatorët
sinapis,odisopolit
saintsaëns,permasate
sirianitët,tanks
smutirogës,çufoja
satua,auroch
bijak,gjysmëperçuese
runguar,pierrefeu
rrafshëve,sirenë
filho,telenovelat
bashkepunonte,llogoni
atëdheut,municipumit
manovruar,coached
arsyja,kasolleje
jongun,shqelmojë
dërrasave,campin
machines,gëzhilli
kapobandën,brutus
saluva,lefter
rimbushje,tomskit
sayed,australiani
gjatsi,tankun
aquaujë,tripeptidi
remdesivir,didube
neuvillelesdames,oresh
renditim,judeas
elghazzi,minutit
moura,vraniqi
grandducal,lidhshmeritë
resto,vigjilentë
davangere,metejshme
elevated,rëndat
ksenokrati,parishe
lyuba,klanesh
vaksincë,kompensimit
varsisht,sakyamuni
masuricën,repishti
nakshibendi,benzoik
tuan,acili
kryesija,asistesh
istvaeonic,dunningkruger
vaishnavi,takonë
nandl,deskriminuese
profesionaliteti,cegid
ppshs,etnonim
majdanozin,derivative
rrinjtë,katalani
lippetal,kuantitativeose
ndërfisnor,kalldrëmet
maarras,gjermaniaaustria
josifi,universitates
tashkent,nxehjen
jeanmichel,salamandrat
khotyn,pranojne
counterët,miniaturial
valltare,primatologe
hannognesaintmartin,aarberg
nisja,komplikojë
xhirn,organevesi
kapakllia,devizat
protombretëritë,çetnikë
xhiroshe,shperhja
dyten,kirsten
dishkutueshëm,zëvendësoj
gilin,kamishi
murtezai,baronesha
namazjas,bilodid
agjentit,shikamaruntemarin
papune,godfather
kudretun,njëanshmërinë
lysekil,dubuffet
vendosmërie,cecia
serious,budapesti
catë,thumanëmilotrrëshenkalimash
sharon,përparuan
pshulpiana,kapërcejne
paragjykimit,solucion
adoleshentit,cykladeve
kafet,deftëret
rrëgjuan,kryengritjës
kalpasutra,keqbërësish
iiiiv,rogeri
bashibozukëve,jaraditët
uae,prhapi
buondelmonti,afrova
peshtjella,proçedurat
bashsen,hasian
martinez,shrouded
korcës,deshiruesh
odisei,tahsini
dakordti,djath
pavkovi,grassi
pashërueshmëve,folivorigjethengrënës
catalane,muses
distribucioni,shemyakina
urakë,martonim
persianeve,artizanatin
poesi,alishanigorani
bro,ambroginit
ndërtuarnë,sophroni
politikëai,kartëmonedhës
dekades,volar
aftesia,sarjun
pvb,beti
shalamelihate,allconference
shatt,renatos
varuara,përçmimi
compulsively,thielemann
treppchen,sneijderit
kopte,racist
lekësh,shigjetari
pleuratin,radiani
arefu,vidya
njëmiliardtë,arbitër
xhenierët,mbështjellësen
qeradhënësja,dylufitmet
kantarët,lockbourne
gatanit,triballoi
patronatin,geshuri
aliçkocokufrashëri,chrysolophus
antonioni,cibului
faleni,suahilisht
armatosën,pilch
albinizmin,sensacion
hrn,krysë
elshams,murgesha
kombinojmë,papenguar
grass,mikrotoponimin
transferime,ndrshimi
trading,sgjene
erisi,tomiç
baptismum,delina
trasportues,myself
gavle,thiouracil
brahmanët,hornstein
snnimuld,tvravu
daenerys,rassemblement
trrëmbur,anulimit
plates,korintase
përparësor,zhabë
mistikut,zvhvilluar
avancimeve,humanistika
haramit,heliumazotit
leverdisshme,stereotaktik
specializimeve,provokohen
kolumniste,ranking
bashkëvendas,patrickut
trokiste,nikajmerturi
universitari,nënrimanian
risers,jakobitëve
pushkatuar,shumakerit
ndiheshe,fanatisme
berbët,dekorativisht
sneguroçka,varrur
versace,kevmev
kinezoamerikan,korçe
categories,mesoje
elmaturidiut,xhemalit
rrjetndërtim,asosh
disharmonia,georgieva
sadrazemi,saintquentinsud
logaritmik,kaim
indine,atef
rëdnësishm,aznar
mikeshë,gipsit
armour,tix
grafikes,labëli
romanus,phu
kalldrëmta,tradhtues
lister,teshtave
pallas,procheiron
serbizim,fanareve
joqytetarë,modulimit
konektorit,barataria
ebutakeve,cl
komplikacion,breakers
reciprocitet,stereotip
narkotikeve,skenapartner
modernitetin,spiritualizëm
xibri,blockchain
kryedoktor,verlander
mailboksat,rocks
aneksuan,zëvëndëskapiteni
kasim,marrisë
kondefederatave,splenditello
posaqërish,ptolemease
eddarekutniut,oeracionale
çerekshekull,recitimet
marëdhënies,jokorku
labirinth,obotit
dinamiti,anesa
kshtu,neperkembur
rjugan,ndëgjohet
shupheja,sinologjistit
pafeve,lekdush
palmes,burrorore
selini,dyanshme
kaçaguidas,mada
rajavelu,moritzmaria
presidencë,vezhgueshme
kërcënova,seksologjinë
sekretimi,teoricist
manioca,louvigndudsert
zëvendësoheshin,burrërohej
prmban,hezbollahut
nadasava,amoniakut
tastierës,fizikane
koherencës,panone
hajëdekart,periodës
dennis,ridrejton
marinarit,rouze
hunyadi,tipasit
vëndos,tulou
gjegjësishtë,dizenjot
ashton,identitare
kontraforteve,cores
veronikën,brahmo
fajson,courts
refugjateve,mreti
blushit,mullenës
presidiumin,vdisja
besent,kallëpe
ekspektacione,polimorfike
mbytemi,ministrër
stazhin,derimëtanishme
mannerist,sarveshvara
demarës,prodekanët
studiesit,strasburgut
hoencolerëve,dakak
filostrato,pazzjazz
diçiturën,eichsttt
përformues,risorgimenton
interferoni,projugosllave
strozzi,konformiteti
vakf,apartejdiste
humanizëmautomobil,talik
veterineri,futbollistin
silikate,përpiluar
njëçikë,okapit
plehronin,rdei
servatius,tukaçevskit
dhunëndinakërinë,palatovelaret
tevanthurai,sklavini
koliqin,karkterin
gavlen,duartrokitet
aktivin,suttanacci
pacy,frisianishten
pixel,gordonsville
pafe,sharamante
mayil,shomica
croppen,shengen
artikulua,yukimura
sollopia,bipatridë
lifestyle,perrin
emancipues,schlegel
vorbull,botuesin
henka,esener
tetuan,barrën
nënprefekturë,regensburgut
naur,giçin
ujtit,kuptuarjen
ramrez,kleonin
mesorja,budallai
insurance,konsolidonte
pastrehëve,ithtarë
pauniversitar,misimoviin
arianës,muslimin
ashgabati,birrën
parshvanatha,gurezeza
bugarit,nqytet
përbregu,torrentin
trillat,byggnadskontor
kurseva,durgasura
pointenoire,thuluth
mansh,rrethpërshkojnë
maleti,leksikjografik
palistin,nxënsë
dorëzve,afektojne
rrëfenjës,tauris
kuazarët,guximtari
pirateria,belbëzoja
organve,kiril
tumori,cetinjes
velave,sunxhuku
dravograjsko,abacia
ijrm,eseistike
cifteve,këndali
posaqëshëm,lenduan
fundtrishtuar,kadja
shtëpiakeje,daimjot
zyrtarizimit,chtelleraultnord
antikitete,theodhori
pojanaku,vënjen
nelo,devotissim
sahibi,harapasit
klasifikojme,neomanikeje
jantar,ndalimesh
saintismier,hifziu
vetos,kanalve
perballje,reza
rringjallë,pauer
olmpikë,izolacionistëve
ranuccio,johnnyphlo
gurney,flavoring
comorian,stuff
sheshashayivishnut,zigfridit
fijesh,divine
zgjove,firmëtarët
katari,hammondit
internacionaliste,transkacioneve
metohija,kosslyn
përmbyllë,epsheve
teofilit,mirëbërëse
japonese,dynameis
timeless,kooperativën
anusin,klisania
seesim,mejn
plleshmërisë,guasken
bhavanit,nemili
xhorxhia,karnevalistëve
gatitjen,maqedoninëbullgarinëportugalinëpoloninëhungarinë
bhadrakali,coppersmith
flijimin,mëpastajmë
bilkisu,karburatorë
hylja,dhecardo
monitoruese,biasi
nicu,udlajan
kembes,mytesarfin
bllako,ballkoneve
radiokollare,thank
sinfonin,vodkas
kafes,ranganathan
monitorojë,idiopatik
xnaja,pamjeje
zrasim,kornizuara
khatib,shipëria
koncesioneve,leskoviqare
nomotike,montet
birrash,popoves
ndermorri,dhka
indigosi,bendterit
seigen,kurven
stomatologjike,kepat
cities,quenya
aktgjykimit,mendjemaidhësinë
moroko,biemont
techno,doblea
cidr,dëgran
zazen,shumëqëllimësh
dyrerin,prolaneve
nisesh,arlinda
ëndërrore,revolucjonar
akyldz,ndërpreje
cianofita,floss
zhuliar,nummer
chilly,karroce
pikul,turnin
specuializuar,brancacci
melatonina,tharm
specializimin,generale
nxirre,përçmohet
panollarët,zjgjidhnim
ghosthustler,melanzhe
shegishtet,recitohen
altovicentino,mbijetoje
unazor,qendrambrojtje
prometheun,ginkgo
mirre,okinavë
jeanpaul,muzeumit
ekstazie,fshikullime
sinonimesh,dritrezën
sheteteve,pillua
sionist,zilen
mrekullis,epope
pochettino,falultetin
peutingeriana,interkursës
albanikut,rrethanën
shpejtesine,sdergatan
tegen,loaf
alhathloul,shmangjen
mutatio,drejtusve
pathyeshmërinë,operoheshin
bërtasin,aritmije
shëndrar,zotrojnë
diversifikimi,mosrespektues
ulërin,zajretë
natyrshem,dypv
imagjinojnë,konviktorë
kofaraliyu,essad
çrregulluesve,taijit
vehtja,rindërtohej
hertën,bjeshkatari
ver,hidroizolimin
bobbi,hubei
polësh,coyuca
shkatkton,shpërlahen
organizuese,metod
urtët,karaberi
bonifikimi,reinkarnimit
shetet,zarfi
lenny,bllokkëndësh
ajdonatit,seline
mosbindjes,abigaille
balaputradeva,cha
shenyan,superiorë
cilësimin,beroviqve
sllavokomunist,demesit
gjuetarin,overdubs
bardhënë,ideologjive
mzez,eumenide
regis,kpmgusaid
anojnë,pasqyruese
parthiane,cramer
pleonazmi,aurori
greer,fiek
veshëmbathjet,mioklonus
smrgstrta,feorike
leiton,spermë
reformatorëve,gambisë
koldon,peticionin
tëbanat,dragotit
lattemann,osteoporozën
mob,rdhusesplanaden
mzel,metalist
greber,diftongut
supozuara,komoditetit
rilevimit,gugrats
shuaiba,lidi
matese,sifonit
ides,mirmidonasve
nordfriesland,pesëdhjetëvjeçare
zvirinë,coppola
ftphet,grope
radiotelevizionfilm,ppërcjellë
rodosit,objeki
zhegrës,letërmuri
shams,vullkanikisht
magjen,nekibe
galabrët,vastatrix
parakë,kaluares
intensional,paramendon
mjekja,rrënjësor
keqtrajtimi,standarddeutsch
hanifja,mitravanshi
perparimtare,burgonjën
sundaramoorthy,aramaike
saintgermainenlaye,hay
sllovakishtes,kondicionim
littlejohn,fotopërcjellëse
moszbatimit,utkin
fibulave,çupatë
matami,sygjerimeve
shanghait,goron
ndjellëse,gozhdave
kalabrinë,fidanë
kurorëzonin,grumbudhojnë
postime,alegar
rizën,mbinxehur
klarmont,carmenit
kundërsulmonte,karthago
monopolët,salustiano
thjeshtimin,koritën
kalingarayani,judd
paush,sorbonës
vijimisht,përgatisinë
radioaktivieteti,mouzon
peptidaza,beretke
bombardojnë,rimerret
kerry,hohensalza
eshka,parlamentarësh
maktabah,gjegjan
theertham,rithemelonin
strand,kolon
berthamore,gstad
qeramidet,metamorphoses
recensioni,ravizon
rruajtjes,qelqet
melfin,lezja
proditores,montazhierit
fotolumineshenca,peniset
kamakshit,basana
pësimit,aol
streson,shpu
donnelly,pakësoheshin
kripën,opozicionin
kompensonte,epit
parmeni,medhenje
linare,kszeg
seko,jashtëshkollore
loham,kopshtë
shpunë,floidit
basta,sterbelied
kundërrymë,pekmezi
porcion,tentakleve
marinuzzi,iccpr
tokos,shivaji
eksploatuese,palmos
idilike,radiokirurgjike
austeniti,përjekjet
mirmbajtja,imtësite
yesterdays,guvernatores
ufak,çitali
dërguam,ngjallet
sablesdolonne,fshn
hankensbttel,sojë
dëgjueshmëri,bagavatar
gq,macos
gros,llojshmëria
robindronath,vatikanetj
forsgren,rave
vetëanaliza,aedp
apostazie,çërnëucit
pakonfirmuar,hevesy
mbysni,vartësve
adhurojmë,valetë
fushimet,kolmisoppi
bregedein,databazën
brigs,portmanteau
distriktitit,negkotsni
lulezuarpor,septal
bislim,gatuante
hranitzky,boulete
varferia,thënieve
israelitë,sureve
afrikanoamerikanë,fasade
baletmaestra,karakura
therës,sanatana
cartago,roannesud
natyrshmëri,përparësja
boktryckeri,pogledi
trapezundës,nonretraktile
ilion,elohim
mesatarishtçdo,bantenit
lamizanës,rankoni
dipllomaci,aestivum
vandal,summerlin
grunert,jock
dikudiku,dinollarëve
leuçemisë,crumbs
stilimi,pake
morillo,ino
lidhesh,luzasianëve
sigurine,vjeshts
heterogjenitetit,ribeauvill
fituesin,luzhak
junani,baptisti
lkures,gjysëmsedentarë
veloz,vranesh
reduktuse,pompozitetin
maharaxha,eponymous
sezen,marcioni
lynkestis,menisku
embraer,vytis
dhjetim,maurën
dasms,medet
polaku,emëruas
kast,pompiliusi
bilan,barrestoranteve
mikrogjëndjes,mërzyer
caridha,sukhanasi
protetoratin,bombarduesi
damocles,montignylefranc
otomanët,ëndërrimet
pattinathari,progonit
sidas,clubet
bolyar,saba
korrespodencën,zgjedhën
çarrjet,trimerave
abuzon,traktativa
shfuqizojë,mituri
placar,ngurrëza
elgin,asteroidësh
kompostimi,mirahorit
ibooku,megidos
pumën,burak
plotësishtnë,muhos
appedole,shuvalov
stilolapsa,radin
indekson,rizoni
zmahsar,gell
kopsitura,popcorn
baudouin,zamë
gardian,nispapesvaras
kuukuukuukuukuu,bromin
albanologjikgjithsej,olistostromeve
katerinat,përshkueshmërisë
viktorianvictoria,modernizuesve
pëbëhej,gjitshej
qartëtë,bajgë
mangut,bulkisë
filialet,hugarez
shfarrosja,sotto
justifikohen,ëallingfordit
mishërohet,ballaballë
ataraksia,musonesh
bratktisja,zgjuesin
oertel,rapshit
lansuan,facultad
shqiptarëveshqiptaret,dukatet
klarsfeld,batri
frojdi,caucasian
shpetoj,astronomia
palmaresin,susa
strvitjes,kryeikonë
falenderojë,voivod
eshtrim,zmbra
lbsë,privacy
folurat,pudu
jasharajt,bishtajave
betelit,labova
impresionua,jogjysma
sapothemeluar,duelit
betebirini,dommin
danske,ndergjegjësimin
katundarë,potir
shqptare,xhundub
galvanis,vetmet
pesëvjeçarin,vetëdogj
hexagonal,ekoregjion
balsanit,sona
parashikonin,thurjet
sud,gligorov
mehmetidrejtor,turbullues
marron,pjesatare
plasjes,rajcës
urva,euristeut
percjellesit,resorts
prodhimtare,gjillëve
dokumentojë,lekajn
fanbase,durohej
artiodaktila,kahler
static,massat
gjenetikën,dubçeku
navigim,adelajdës
naucratis,pyetin
vjershën,balldrenit
qorns,briseidendashnoren
dominonin,pulses
liker,pershtypja
nuhati,armsë
klimëhidrografinë,fdpdvp
automatizimit,sully
foliage,rhascipori
vllehut,haskovo
subgenomike,blegërimë
kintarou,pensionim
curaçao,bashkëtingëllorja
heqjeve,kordinata
kërste,saktësojnë
tello,vidoviq
gu,malevichit
baraspeshë,lvii
vazhdueshmërinë,ndikojn
muxhaz,transferimet
pranishmet,nacionalisteve
adonisit,marchesa
armentires,celësa
individet,udhëhiqnin
formulohej,tschechenige
arctocephalinae,najefi
greater,anijae
shqiponjas,brovserëve
riaj,mekanikëlëvizja
simpatike,kalkandelenin
heills,ib
bozhori,thurret
shnderruar,aligoti
rondele,pulahës
skadoi,zagorit
cembalet,sarge
spari,fortësimin
vaishnavizmi,asic
gjtha,tafforeau
premkë,shkrumbos
zeqirja,anarkisë
litari,eksternal
ndalues,pepinin
karaçajçerkesisë,tejçimin
hrcules,hirëdhënësi
magmatikë,sulltanatet
gërmovë,elches
instrumentistë,noga
spaleta,mogambo
këhan,hucknall
përulnin,gdf
regjistrojë,hovshme
piektdiena,tufave
treat,federaten
besimipelegrinazhi,punësuara
petrikën,nacionalsocialistët
crnogorac,nogentlerotrou
shëtitoren,ochs
rodezisë,rre
smundja,përulësia
alcides,delijanaqit
toskërishtja,primvarës
mesimepor,sintaktik
ndergjegjesohen,hek
alterntive,tibetani
ovidiu,sokaqet
uadin,zvadmiral
mendimtarin,panchali
altarët,stepanc
skapula,sejkos
bashkepunimi,vietnamezët
prionet,erashkë
urash,dellçevit
alienimi,kurejshët
koko,përmbinatyrëshme
pëmbushur,deerse
aleutian,përthyerja
sippenhaft,khandagirit
ipja,ashpera
mihrije,valslesbains
kharokane,drerëtminj
dermatologjia,katalonët
kallamishtëz,përgjithësimi
formulime,maret
sajpërputhet,mocën
episcopal,vlorëgjirokastër
keylogging,jasharialiu
ishnënpresidentit,iksu
ekzibicionizëm,jansuo
stomps,mashtruesi
bajza,dezertorët
çaushit,izbica
alizoti,racial
kroneckeri,capricho
khontos,civetëve
luftojne,likuimdim
yalan,ngarkonte
alldinca,dymbëdhjetëshëve
genomics,villerssaintchristophe
koncize,mbulesat
ndërrmarjen,shtresime
pshlepujt,asnjanese
gjesti,skampis
arica,vjenëku
bsk,baugh
ekonometrisë,bena
hyqeve,kolodi
përsosje,ferriressursichon
plazhisteve,artisi
psikololog,talibanëve
enciklopedis,pikante
saugues,emblematik
tiranëfushë,gërdecin
likorsion,monotikpike
fundoaia,shënoni
kultivon,adoptuan
gurëgdhendje,fischerhjalmars
ichec,damani
lizzie,percakton
vallkavi,fatlumët
ndershmërie,ciliet
lakesen,spanisch
selishcef,fist
summa,gjakatarja
numërosh,mielinë
vaksinime,superpozimit
rexhapara,malenfantin
tmerrues,propagandist
dima,malltretohëshin
atashimi,manon
mejdi,adoptonte
shtjellën,lascurain
hemigalus,taseu
exoglossic,scudry
shmil,domvreenhaye
prekazit,agonia
ngrohësve,direktivi
eksistencën,absolutja
pogri,rekafisarmonikë
pjesëtë,flijuar
elektrolitës,harare
passarella,skala
mberitur,zrcher
hirqe,kreacionin
trappes,lehet
teknikoshkencor,shëndrrim
pernadori,minku
haribala,reqku
hillenburg,lojëduke
felinët,faslia
sarëve,beilenson
përfaqësoni,fertilization
arteriet,ngrisë
martes,toename
aritstik,nomeklaturës
kalbën,skeptri
zhvisheshin,masen
narkotrafikantësh,nouveau
rrahura,capillusveneris
institucionesh,gjermanie
kuzminski,polipropenit
alcoran,territorialeshenjat
jopersistent,çentrashëve
frigje,lustrimi
anarcha,kaltrinë
munt,jing
vendve,ahmadi
grabit,lvizje
intonative,angelou
tekila,riveter
socializon,greshicë
prenkës,përzjerjes
mass,alshahbaa
gone,delegimit
francezsavojar,cantus
fundrues,altoparlantët
qabes,informuara
habiten,abels
fanning,darshan
kaolinë,konfucianiste
aloise,bootprint
dahshur,thacili
rayas,qamilin
konsultohen,kulat
nikole,lushan
sherrybaby,scoti
mercds,ormisomen
mbetëse,sitarën
trafikonin,elgifari
intiligjent,helmete
dyshimti,footman
martit,jrme
hapsire,vajtuar
islamologjisë,vëtë
azerbaixhan,ranganathar
llojore,pashamngshme
leukotrieneve,cobianchi
chemical,ramirez
oruell,eygliers
vigani,monitorua
tiros,yakshave
vinum,corleonese
sideroblastet,soundsë
utskottet,fanit
nënshkroikominternit,moor
gëzueshme,voksh
kinnikuman,rezolute
majamit,moavi
mevludit,klosterhfe
muhovci,shqipërikosovë
margazhi,hilafetin
sarcelles,qetësonin
staliste,mesapët
zyhraja,leadership
grabiteshin,segmentet
përtëritjen,amplifikimi
minkovskiane,kti
prete,rosni
terrakotës,kuadrantë
yolanda,tugjeci
receptori,ndegjonte
deponimeve,fitimprurvse
lepenicës,operazione
lubancë,adelaide
alter,campanianmaastrichtian
ndizte,mcheno
kremone,py
perfaqesues,anblia
shestan,korneliusin
branshi,amputime
riniaafrim,patrullime
pinnebergut,primordiale
vandalizmit,opiatet
kasugayama,vëndbanimi
trashanik,munishit
iliresi,vasës
meremetime,ussr
përfaësuesi,sedimentare
levafierit,kakaitë
tukid,fabian
oshënare,pjatanca
riprezantime,mikenasit
përjavëshme,slap
tahirin,tërheqese
gorë,tyltyl
thërrmua,mëlqisë
shifting,prevost
llampës,polonian
parashtronte,humoristikosatirike
kultivoheshin,mundesin
illumi,tog
dekuen,derviçanin
rrudhën,metatarsalët
ujësjellësve,solidarizuar
mahynas,bujarinë
çikë,aneksojë
katërditor,edvini
locker,mizan
qmueshmete,tunelor
nambu,pushtetarëve
kolje,chalonnessurloire
aurorëve,cree
krdar,galemorfët
prodhiminë,kanjira
tomaros,dasmarias
galois,verlagu
kercet,shahriyari
sheref,firenca
ipek,dërgatës
pranëvendosjes,kashan
gestalt,jahiun
univerzitetit,venomet
ulcerë,koin
rrafshinës,mbretërish
çikla,sadije
atargatis,freski
zigot,kuriozitetet
perkatesise,sqaroi
zëvendësuesit,playerin
berateve,grenell
seliminkenge,lartësohen
aktualizuan,peutingerit
egzarhia,kafshimet
hotët,vobekta
vore,abdylhamitit
dulkadiridëve,forsvarets
kloroplastet,radoni
skripti,belgradit
statistikë,kartografët
verrocchio,jugperëndimiarrijnë
ribentrop,realizime
lasert,mitria
etjes,eksploduar
tretura,gufon
meshtarit,intelegjenc
fall,unikatil
grasshopers,rishtrirjet
bioteknologjike,mizorët
adhami,gjimnazeve
pines,nisim
dekriminalizuar,purelin
prue,shpërndarësve
greatest,muzikologët
konsumatorin,lemë
turcului,loyola
qytezëkështjellë,njhet
zhvishen,skenderbegiane
allosaurus,kamnikut
dandolos,nërkohë
homeostazën,ndërprindëror
pointeri,bisedimin
karavanet,asanin
zanabazarit,mjekonte
gjimares,sumerët
shtrohej,siqeli
egla,josteroidal
dragutin,ajrorë
celebrojë,pcl
tyrerezultat,kriminalistike
higjenik,rikonstruksion
stilolapsave,flogiston
ilk,katërkendshe
alameh,problematiken
këpucaria,dielë
topoleksemë,ljarjes
brodiesangster,pinejit
globalizmave,sekuajti
mjekojë,eixamples
donuts,savitribai
cloë,fluturash
phenomena,stef
graduql,vetëpërcaktuar
lizard,lavrimi
lundruesit,pamukut
violonçelës,stinet
austrian,kampuseve
krivets,gjysmëkuaj
epitelin,rigvedike
tribunalin,nënkuton
akmja,rikuperohen
matahias,mysafirit
investonin,kuzhinieri
elasmobranchii,hiili
fosforoshente,baçalla
gima,perjetoi
ornisht,zvarranikë
brushless,colijn
çastet,fonemat
trojen,epilepsinë
birësimi,neurozë
nderrimi,thellua
domaroc,ranillug
dhan,atomesh
montale,vingard
alamin,mikushnica
fortifikohej,eepirit
granitike,ahesëkurse
marnoz,skenografin
sahatkulla,uthullat
rozetapër,konstadini
studiuesëve,luenville
shuli,luaneshë
vigesimal,bindusara
pantallonkatrori,bost
kryeqytetesh,pankreasit
çmendurisë,majkëllin
pozhegaslavonia,pancanada
pacensuruara,heterozigote
orbitonte,veripolare
ventimiglia,riobamba
pioneri,turshitë
regrouped,eduart
qindvjetorit,astounding
bosnjane,ohit
killers,stalinizmit
kordileret,soraja
shkruari,ndin
annakuta,celesa
masset,bundestag
pranise,gjellën
engjëllor,kundagram
albocsser,venisht
nv,libre
borëbardhës,shachi
jaha,albaneze
trockenbeerenauslese,efendisë
cervizina,orlov
pakualifikuar,middleton
skaduan,laurio
enryaku,shkronjash
montataire,rikonfirmoi
klass,bathory
nguljes,kuarta
ebulkasim,lëndua
lementi,vegjetacioni
kotsi,mitologjikoracor
kantoneve,çentoçellian
celje,kthejmë
shkencorteknik,argjentinasve
vërtetue,moderatorit
reflex,amitabh
detergjent,balliste
labium,fajkoit
vlladikën,cenuar
vals,enozën
bashkekohes,jutbinës
florina,systole
solenoidi,fidani
duchamp,ruajtuar
tokoyama,dishepulli
bixhozin,gjallërues
thirukkarvaanami,shkopthore
harpë,mikroskopinë
hifdhin,blastocyst
varrosët,gruja
berceste,kuadratet
mishruar,nitroglicerinin
protestuesish,kundërvëniet
nasiruddin,entuziaste
thalebe,implanton
iuseface,këtille
hise,metohis
lazi,gng
prejadhja,qeniesh
mediha,hampi
neshkov,gudine
morie,intelektualit
tironës,lulëzimas
prekësh,esoskeletit
spermash,gregson
misticizmit,rafshnaltes
përgegjës,ajdini
sueca,pjesëtohen
dauvergne,seher
neuville,rrokullisës
tupiniquim,tropica
fërkuese,dyshekë
erich,uttley
arsenij,gripale
kundërbojnë,fanarit
shkasin,posacem
degjoj,friedmann
aerobe,rretho
rekombanduar,bonove
aide,metellus
scharnhorst,amonit
subcomandante,apoike
vishnje,tye
desmostachya,arrestoni
herticë,viscerale
montell,sfurk
lingen,shpërbëhen
nagkanya,akademsei
normalization,marke
përafruar,jospeh
mikrotone,brillatsavarin
laibacher,zakonosht
ndërshtesa,mondale
smartcard,kosovësdhe
metanarrativave,papërgjegjshme
lëshojmë,yunusit
inxs,parapëlqente
early,kommeno
mburracake,agollin
biseduesit,inkadenshente
kapse,leli
fundesh,ishrektor
populistet,tifoni
ëmbëlsuar,vneshtkompleks
inventor,bashkëfshatar
booted,livadhesh
darkën,shitoret
batica,prelez
pasuroheshin,dajën
zakonshmi,atrofizuar
vaksines,kvinnofrid
nënshtresës,kodravs
fong,bashkautorë
novisad,saenchai
efiqiencë,shënjohn
tdhe,fehmiut
tanka,alkanet
lucero,serave
reaksionarë,përçmonte
marshallin,spesialkommando
pyetjenga,frymëmarrës
materja,vjeçaren
pedunculopontine,catenare
mbjellin,airing
behesh,hidroizolues
metave,nokshiqi
bilirubine,galliçes
albino,ligjëratash
austrohungarine,japen
dijte,sizmografit
premë,fortunato
zgavërt,meshkallës
nestroy,hixhr
pajisej,ostsee
tenavaram,limiton
sanxhakbeun,harpooneer
stuhije,punëmarrësin
argostoli,çregullim
edea,induktorit
ilkerit,umuti
rrjedhoja,alenace
robiquet,degëshe
mbajeni,ahmedia
artahide,indikuar
raketës,liroheshin
drejtësis,kokubunji
umetit,helikoptera
paralelepipediit,santosi
perendimiti,aëherë
folmja,kompresori
harruat,shtresëze
desiadët,bjrnson
bemidji,handikos
ngurimi,grabiqarët
qelbej,eksplorimet
korrekturë,pashka
amruthakadavalli,anxhelosit
cyberkriminelët,puel
gjejqovi,chiapas
mamuta,kelsterbach
playmakers,ojqsë
krisi,sholes
perfaqesohet,arianitasve
sinusitisi,syntisë
bangarang,halkidonës
interesuan,bunarëve
bilobed,magnetet
grarishte,hardy
revulucionit,futbollistit
etimologjin,shërbyesët
peliu,harxhim
jashtëtoksore,përvojatintervistë
cn,pleshinë
zubobi,vejnë
medianë,monarkik
forbach,principatë
multilaterale,alkaloz
informatikani,shperdheja
mallet,nënshkrue
pergatitjet,georgsponsorizuar
njësoheshin,luftarakesic
zaptuesish,krahasonin
mulavari,demokratikoborgjez
felini,duplikimin
salvation,auditor
krajni,ejubide
puyenvelayest,tekeyyiah
santosin,simbën
junpo,morinat
klshs,ndosh
gjestit,denura
presllop,carnasial
drejat,violiniste
ëmri,komplikacioneve
tibesti,tromboze
protestantizëm,riveshën
magmës,rrafshe
ojqtë,devadasi
strofa,sju
avancua,linkolin
strumbullarin,gjatsisë
pasardhes,emuloi
laponisë,tiestit
hirohiko,lidhësa
pakapshëm,laliberte
krahasimit,asura
mendue,bhelpur
rozana,asquith
kategorizua,kolumnet
stilistit,madrigal
lombardia,rekrutuan
poroz,coulson
çlodhëse,okular
hetrickmartin,kongresmen
paqesore,tangjenteve
termocentral,lakshmit
relacioneve,rrtpcr
perafert,garzn
tyrbet,troubles
kroeger,drinia
shurupesh,moroz
malajziane,eordejëve
turrën,crtja
ergenr,hungarezja
berberis,qepës
tunika,gundicha
akbulut,zbavitjet
mikesha,gjyakatën
letrrare,romboedron
kolorit,shkëputjeje
mikroemulsione,konstandinopojën
ulit,detektivet
raguziane,burk
puno,lemne
helikë,saintjeanpieddeport
çelësçdo,orientalistikën
khropista,leighton
herakleopolitanë,mbreslenese
antifonet,anos
njëkosisht,timarlinjve
italike,posthipnozës
chalonsursanesud,fernen
folësish,dold
novosej,apopleksike
oreshkë,randall
faksimilja,yatras
marinina,terminalisht
geminiano,demetrius
printime,sinodet
bandanna,xhin
prindë,guduin
luajënë,iyed
mencën,mendeleevit
samit,hidhnim
monoeciportus,epikohistorik
dashuronte,lojerave
epahtos,feçkë
parashikohen,nogues
lebeti,fuscata
vironi,baraspeshimi
halobacterium,vasaf
qilimi,varsishtë
regjistruen,softueret
vojvodës,ndërgjegjeje
district,libas
mazrrekë,hajrullah
vozitësin,hezitonin
garganta,durchbruchszone
jozakonshëm,lartësira
dentina,alkman
medi,postkonfliktual
hidrofobikëjopolarë,farsës
ushankas,plasohen
raskut,langarit
skalari,prodrive
neurotik,absolum
thyagarajas,komunikatave
kesajte,kit
gironë,explorosh
konservative,impluvium
mahadevarit,trasportoi
notched,parashutën
radiografi,formëson
papuave,veshëm
yonge,financon
veshtron,konfrontohej
tajlandez,fiorentinit
kay,receptorësh
plotësoi,mrekullueshmja
geçti,puçi
vazave,ifundit
societ,juniperus
benazzouz,blasi
bashkëvendës,maushli
mitrovicas,chikkamagaluru
habitën,tërheqjës
pangosur,nerazzurrit
urdhërdhënësi,erenky
skopska,tenova
bttner,asociacione
shfrytezon,analgesia
evening,kurbën
crocodilopolis,onesimin
spaç,fedual
nemease,konsiderimin
danzos,vurjen
visit,muriqit
mbajtësve,hessen
masha,lexova
pino,dashjen
tanr,shpell
biofuel,kutimet
shqipn,shifrash
asgjësojmë,serenën
banullës,ftu
iraq,actinobacillus
meningitit,syne
ghaggar,minoike
veriori,basic
prmilhat,cvijiqit
juvigny,burnetii
sahuri,radikalëve
alexit,thithlopn
arannca,tregëtuar
mullen,jehu
ndërlidhen,bucaille
etiketëtag,selfo
mëdhej,peqini
janjevën,viot
muratimit,trungpiramida
kushtohesha,hasanve
meragi,spotet
kasumaj,forrest
kryrjes,modelonte
shatë,secosteroid
tosh,nesta
veetrirundha,ibadet
ujdhesave,pacioli
krishtëlindjeve,tiemuzhen
kurrsesi,tirqit
memoriam,omur
iviers,poseidonin
politikeadministrativearsimorekulturoreshëndetësore,bitit
zyl,behh
cakës,farnese
karroja,programeret
lumnimi,esencialë
shkelnin,pek
gazzetta,petët
sekiraqën,etnokulturor
neruda,embrion
dragicës,dasmoreve
merdyvengoj,çlirimatare
drufrutorët,aviodrejtues
çensura,tundin
nënrajonet,zhbije
khademi,togat
kondrabandistësh,sanxhakësh
efthim,kërcimeve
kheros,hippopotamus
shtimës,ribozës
hekurat,fierzes
markon,botsvana
shaqja,dialektale
çarçafi,aktivisteve
luthier,multigene
atinë,ichneumon
uçkse,pneumokoket
anaia,pehleviut
self,dreuxouest
ceruloplasminit,estonian
shares,kontabilitet
hashimite,lourdesouest
ossia,dinle
safeties,menstruacion
privojnë,bronctë
sinojmeri,kpstad
fatkeqësie,priftërinjsh
neutralizimi,velisht
priskës,felidi
gundolf,planning
jooshilatore,mancaeus
biografisë,kthinë
strezovc,kaurrit
radniko,publiçist
console,asgjësimit
girlslosersaving,physicae
zhvillimorë,belushin
navas,danezosuedeze
quqhe,koherenca
etr,hirshëm
sfanjumit,ratas
perpendikulare,gagauzia
vrnavokolo,euskirhen
komenti,musht
periodikësh,rigjeneruese
optimizmin,raster
espanyol,kozmetiken
harmonikë,mardhënjeve
joelastike,ichnologjike
thjeshtëkrijimin,bradvica
cavendish,recycle
djallezi,rosalinda
bosforin,parknë
curukovës,vetëstiluar
thanjavurit,polifunksional
shpirtri,paracelse
autoimune,kumbueshme
turtle,insulën
koordinatë,futeni
tendinën,poin
fejzë,nëngjinje
gauss,jahajt
nuraj,coster
eratosteni,dasaretëve
kryeqendra,dhjetëvjeçarëve
kapuas,bandhani
drejtperdrejt,burse
getës,vaskular
session,chzyenorxois
orenjë,lexoja
mandapam,zanatlijësh
albtipografia,gnrale
verteta,langerhans
zante,marjan
dhepër,onrecords
regjizurën,targon
formuoi,dma
tensionuara,shtizash
ishanëtarët,fekajve
rpks,madriditkur
depozitimeve,mongozët
nihat,khemaka
hemofilet,ranieri
vençën,ramanujan
singleton,trinita
balancosh,joints
teodhosi,preemptive
pistonet,lidnur
magazinierit,pranuari
prijatelju,gestion
feudaleve,prestigjin
vendosuara,barez
kovariante,streseve
londinezë,dokidavës
cardiffit,pushkatoni
degëzimin,thërritur
ilea,radzinsky
babaia,gallo
dregs,marden
ljev,vaumas
sambhava,lurestanit
mikroelementet,pickimit
erraxhifeh,proprietarë
katshe,dobsimi
milionarios,purifikoi
lenm,shifron
devus,koklavitur
atdhetarekulturoreshkencore,bendës
hajgensit,fototekë
ultravioletgjatësi,tpkësor
isukaj,arkitetkturën
sisley,utopias
drejpërdrejtë,guta
kuvertat,gjalliçes
krisantemi,largësive
stoop,baltionin
dacha,ndnji
ambulante,lëvdatë
shtetërorepa,ataku
skies,debatues
giallo,bhaskar
kombëtre,sumbulla
alda,lidhët
idiosyncrasies,festi
kronoberg,çagatai
apostol,parabolë
bizantinosasanide,zilesh
mufit,follorina
toulsud,disterzioni
omajadëve,mjeshtërish
vendparkim,premtojmë
sllatinën,tallchief
nëndrejtorin,vetëkonsistencës
rjedhimisht,mclaggen
pakompensueshme,shqiphopit
lambrosi,bethovenit
gauguin,poe
dufy,bulbit
mëshiruar,ziroi
pakicash,treditëshe
arkapijat,satelitësh
capelin,buriganga
mimin,sabina
tepleshki,orgesa
songz,nevojite
agroekonomi,teshtiva
krruajtur,eksterieri
easter,gumenicënshkruan
ngjyrosën,prilep
chur,xhamadanin
kalonë,fisnikërinë
kronikalë,genericservlet
firencë,cerujë
fanar,snep
fedhon,ngricave
rrezatuan,sfonde
osf,rundschreiben
shkele,tieli
indiferenca,callgi
leksikut,malësorit
karaburun,spermatike
eustahun,maestve
shartrës,portikëve
tambël,aritmisë
xokolaturë,flinë
pennycock,autobusat
sovjetikdhe,coeti
nedimin,mizuiro
mozans,etjte
deboli,hunminjeongeum
historiografik,louisiade
dome,shtres
plehërohet,kamusi
ekzekuton,nuffic
shoqerua,protg
pafundesi,civilopedia
kompletë,amasya
çiftelia,këndohen
skicohen,vimanan
tram,austerlitz
darës,rtvs
todor,godunov
mycenae,mbiemëruar
paradoksal,poliproteina
zenonit,bridega
kentauri,xivxx
propan,shpikjeve
dredha,nguti
përrenjasit,vatan
mihanen,bellanos
breakey,adventistë
cosines,postajuajcom
shura,vokalizime
pukkave,alabidin
spektaklitgonzalez,verdana
balancuarekuilibruar,paranoid
videokasetat,fatehpur
telvizionin,fisurali
rëndësisshme,industrializim
proletar,pashen
vontërreth,panteizëm
kijevës,adresoheshin
fizikelektrike,biliare
scuderia,sunifredi
revolucionarizimin,maskulinitetit
gocës,ndih
shimbiris,aitzoles
badia,rousillion
fonematikë,oshëtinin
mulletit,desaretëve
niceas,njëzetit
guanacos,brokerimit
natyralisht,ebner
milleri,adhurimet
halet,ciudad
karlevit,ardenicë
stoykite,mefistofelit
schulenburg,rihyrë
redaktuara,translation
skorjet,kosmogjenesit
qirici,andrenjeva
hagai,shpejtëpor
boji,durere
ruloje,mbytyr
entropia,mikja
pushkatimin,elamiti
import,keir
sklerodermia,epinephelus
incestuoz,kartëpostaleve
aureola,mërkura
kunatin,shytajve
guzzanti,catalano
oakley,mumifikuara
boyes,kranjëarvat
montbliardest,plejade
simpatikë,tanës
korvinusi,hunchun
transversal,ekuivalentit
gropi,mojo
amps,scream
rokiste,kopist
klepsidar,lëkurësin
ridefinuar,skavinski
psikiatristëve,shënjestronte
daoizmit,abstracts
banimet,kahr
fimit,camila
metropolinë,bengalisht
monix,embrionin
rcuana,rajonaleexpresstrena
tesco,honganji
çlirimtares,gelert
bruegelit,mollkuq
smiah,jaupit
supermarketin,baath
tyta,gjokajt
scudettos,tcptë
themistokli,llogaritse
arden,sankaranarayanës
bukurocit,dhoo
nastagio,trikasyella
fritiof,ngrirje
puloret,gjakderdhja
nijansave,atëhërë
arkeologjije,pararendësite
preferova,bisessilbiane
cassava,interpetim
ballinën,departmement
katedre,përkrahej
mbijetimit,knock
sugrivas,parts
rashiti,urumikujton
linkin,sanectorum
burokracie,elhami
rilevor,toksicitet
investoheshin,eduardiane
lehtesisht,mbyllra
qendrimeve,kenaanit
hackert,astrolaborator
informatikes,zogollët
mirela,arnguiz
çaushesku,iljazit
barum,tekstilevë
pestat,hayrack
neuroendokranina,specialistarkivist
kuqali,japrakë
empedoklesi,draguignan
barans,sekretuara
shtizës,ndthma
tabelare,romnia
parapraku,kamomil
procesverbali,trishula
mirëpritjes,sundojne
udhtonin,pasaport
kontribojne,tradhtish
kopjuara,jaber
lynne,përpilim
zharet,ballet
gruevi,impakteve
billings,sillosixërve
xheuf,matematikal
demaskonte,akrotirët
efluturimit,hyseinin
ztek,onkologjik
kuqërremt,sinainci
glloboçeni,eksploatuara
gradeci,visored
kohëartisti,arke
përkundrozi,malevskit
trashura,gunbai
aedi,mitralozit
erifovi,shkencetaret
bureror,etnografia
pranohesh,pasonte
bajkajt,maillard
visare,muxhbirit
fru,helmonte
maikos,pamvarsisë
bratonozhiq,alcelaphini
manastiror,dekë
adiga,riparueshme
dekodimit,ishbasketbollistë
karttika,trajektoret
apelin,halami
rylands,integrara
pirlo,bashkësundimtar
lincëz,krimbvrimës
erozivë,strmstad
halkidik,fizikantet
borjen,fletëza
hai,cdsë
kujdestarisë,pederast
nikopolit,navale
floemen,ndala
komitei,zëvendësin
konsakroi,analogjike
clayer,halor
terrinnjeriu,anashkalonin
vif,gjendem
satit,castri
hazirit,shvndrrimi
miopateve,hanumanin
jalisco,almau
rotiferet,euriales
norm,anisa
sopata,yndyrëra
zaponex,ktenidieve
lokalizohen,ligjëratë
rotterdamit,theksohej
trampit,fusteri
lustrog,saharovi
tekstilesh,mostrash
zabërxha,konkurrentë
shpenzimi,cenolli
huapërdorje,pleqërie
frymojë,qershorgusht
gjëshumë,orvatur
shbaduke,kkb
novelave,bakllava
bonham,lindjeperëndimit
manbidj,deklarimeve
acidifikuar,filipino
fotografin,avijahitatthnnit
democraten,epitetet
inalxhik,njejtes
lidhuje,olifantit
dunantit,transferojeni
kthjelltësinë,proporcionalisht
dokumentimit,pomonice
kntzel,enklavës
standardizim,përrethashtu
divergjente,regullor
retrospektiva,avdurrahman
vaksin,kancere
nuseve,lojëajo
rumelia,bogë
aquincum,skir
fibrilacion,benej
oktavë,chandargupta
jomaterjes,bukaramangën
raby,riformatimit
krujëishëmkavajë,nënshkruajë
eklipse,tumbler
nikishtan,podruçjima
lëvdohet,mams
dogmash,konolizoi
dhl,aleksandin
agna,lubavecit
paccard,ortodoksitë
stërgjyshes,mclr
noboyuki,veset
fufin,pasterpati
neuroshkencë,vonëky
darbarin,montroig
giselle,programohen
ikonoklastët,fronteve
mendojn,rrënë
darturo,baselit
paeonianët,hippo
pllakos,hauze
laboratoire,falenderimin
trotuaresh,vekil
ritsas,kujdesët
hapurave,norrmalmsregleringen
senatushumanusgreq,strait
dnya,plazës
kuatizacionit,lyheshin
insbruk,maxherë
chao,odiseje
xhavara,biografitë
karakalin,njëpersonal
langurët,hfn
urdhërave,mrime
cker,kanakoudis
gurinë,spree
besiegte,bashkëkohësi
mahyna,eelam
centimetrave,jotestueshme
themës,levanvlorë
gjallon,vetëdijësimin
entierro,persson
zyrëtare,perfundime
kroonstad,extorted
premtoj,pigeons
griffiths,adya
haliloxhixh,astronmisë
shtëngime,qemeri
babelit,baletet
mcculloch,alorqobia
musculoskeletal,teshe
ndriçimeve,analgjezikë
selatin,ftohtesentimentaleshume
lupercalia,mardarije
pasagjerit,databazat
mahnitese,kastën
sendenisit,teletubby
elshahba,boniet
metamorfozuar,muhallës
sportisteve,juban
laudamus,pantomima
medies,deshironte
cbd,përsonaliteti
drisht,motorri
gajtonët,nervëzimi
vetvetës,guangli
dagen,pollyanna
përpiqeshe,gjinovefa
arkidhjaku,nishanin
bloemfontein,gjyqe
plazheve,elsufi
salonnm,haxhimustafa
kromatik,ndërgjegjësonin
langlands,hos
lepushtra,sindromave
admetit,maip
navaratrit,cavalcantit
arkitraje,autoimuniteti
piqej,tanivdekur
tilacin,silvion
rabiah,aretusiana
vëtëvleresimit,ruhollah
mahfili,kemishe
lulushi,gloversville
menem,deskripsioni
kabllit,dengjet
laestadius,artitekturë
njëqindtë,mustali
ikonostas,urinoi
vazhdë,almirdasi
fiziologjisë,malcomi
farber,komandite
salie,ngjeshet
koresm,vlushë
qui,yoke
pacifizmin,alergjitë
sarkofagos,purpecha
punëdhënëse,estrella
çifutit,pavaresise
përgaditi,taer
disjuncion,treqindmijë
timfi,ragam
sarissa,mundshmet
analfabetizëm,algoritmike
lyscinia,liberiet
mishka,vieir
sterkfontein,diktatures
kuadraturën,lzignancorbires
krahasuan,nënkuptues
dhakshanayana,modular
limnologjia,trashgimtar
dian,konvektiv
rropaten,ndëshkuese
ishagjent,pijetore
ndikoje,agostinin
politiksocial,mallk
ngjesh,sherbetor
logie,opsionale
zotohet,mikroorganizma
oazën,kontrastit
mastikut,printohet
his,breshërformuese
madheria,fanse
shtatëqindëshe,natyrales
mboldhi,mahabharathami
dideronë,veaux
mikroskopë,amarnës
lartësimi,rishpall
ethshme,shumëplanesh
maxhenica,ukanovi
përforcimeve,ofenzivën
nënvizim,chapter
obstetrikale,zmadhohen
clemensstrae,lateriti
sjanë,vindhyavasinit
userhost,dkuug
zjaste,xixëllues
përvijonte,ngadhënjimtarët
çikliqi,kalandar
artura,diuretik
helmimeve,përshkruheshin
shoqërohëj,nambi
sekuanca,integralet
jova,shkëmbehen
zvemeri,teston
jamshid,pashupatit
amfiarion,mimiografi
vendarritjen,foragjeren
pustular,dygoësh
emeroj,konveksioni
spekulojë,ekidna
hja,shqopë
traboinit,perjetuesit
grimcës,pashaie
inperativë,sugjestioni
bqreu,procesimin
fokash,rahovë
lato,durn
cim,sadakasë
japet,baronë
nivei,meacham
vetëshpikur,mbeturat
përfituesit,celebrohen
përjashtimisht,dime
rezistenc,rumbo
lmi,avantkorpus
këture,bredetar
mahadevas,sirens
hyogoro,kinetoscop
shekullitpor,cohabitare
definimi,varrosura
buff,nëndetit
mathaje,ekonomiste
ngrohtit,louisiana
brahmadeva,martohuni
rajonesh,përgatiteni
thjeshtezon,sakoni
restaurator,goffredo
kirchhbeli,sigurinëi
cerrito,jugoslavije
uneu,dimensionuarit
makthe,demosit
kodensatorëve,imtave
bakteriofagjeve,sovjetizua
kulottunga,ovo
cdveju,banordiku
perdet,surprizon
trustees,radave
kallabllak,psikometrinë
fiziko,oligarkike
pergjegjesia,zërimittë
hodgkinson,qoshkat
sohl,telemakut
vetëshfaqur,kompjutra
lshue,mirn
resnjën,struga
azizikrijimi,alkilike
fikët,prec
krhas,enkel
sinagoga,apolonin
isuzu,lexojne
shendetsor,bep
timonë,lajthiza
aecse,sternbuch
arilena,pallashi
rahmaninovit,elkamer
pjeshsme,vorges
lusernit,kursimoreve
brachystegia,throckmorton
ubuntu,pllatonit
dehëse,kafeneje
acehnese,projeketet
ferrini,bratislavës
mbresë,kontrabasi
qerojmë,shëndetsore
gramofonit,konstadinopojës
lavjerresi,diferencen
maromme,klikime
kallamar,merjem
pergjithsisht,prayageshvara
aluviha,kastorin
datuan,fërguara
pazhokut,tensorët
shkruait,zhilbert
kryqëzm,tymtari
populi,aktiebolaget
onofrio,xhirot
hagridit,lajini
fotbollfrbund,kufijsh
çamakajt,radiostacionit
naftoprojekt,asuani
socialism,matrikë
myftia,dribluese
parafillore,ishprofesor
ndërgjegjimin,organikeinorganike
kirenease,arsyeqka
numizmatët,asensipn
jeangabriel,çegrani
adhamin,kënetën
sasna,holm
algjer,decipherment
alit,daltuar
përcjellje,izmirit
telli,dhuroidashurisë
rrafshak,ferghana
patronazh,poligjen
tensionrrymë,dappula
pokmon,guntram
madhshore,dygjuhesh
zirojeviq,argjendar
teutamado,prendës
zbardhe,juventuden
notëpërnotë,shfrytëzohët
urdhoroi,stiluar
hohenstaufen,qetesi
rendn,procesualiste
vegimin,hundes
vonojnë,enseanza
tipikal,agasi
pidhit,gjum
pleasant,laurini
alencës,gurashi
neftal,dekurajojë
ahishta,dërgojpranoj
karmelitkloster,parshvanath
topta,vergjil
jovdekjeprurës,justitia
dobësuara,njëjtëi
votoj,diplomimi
percillet,zajsi
stubllave,kryeministërt
kosovësu,rrera
annan,hedden
hivin,bretër
eklatant,flvio
stemonte,intensivi
kamenices,mustafajt
përmetarë,medalione
përshtasë,kërmij
kuqeportokalltë,tregjuhësor
ludendorff,femi
transferues,bittorrent
mafsheq,leksikologët
kumandra,matiyasevich
atykëtu,fibrozës
vendtakimi,parahelen
nxira,kartolina
diplomash,besfortit
lindshmërisë,kingston
venkatapathyn,beme
dervishanit,brazdë
kloridetsulfatet,kaurna
drunjëzohet,cordozar
gege,velsquez
mirazh,vezoreve
livnos,duelesh
persë,kampuse
pezmatimin,murgjëror
fjalëformim,spallanzani
megjugjëve,shtetarët
madhagu,nyo
tireoide,hirsch
shaolin,perusuilor
senakos,kryqtarë
rrumbulakët,neodesha
riperjashtohet,njofoi
utmig,vemendjen
spear,mtonjës
influensive,bosit
kozmologjinë,sonit
qendërbanimet,turingut
trimurti,kacafytën
peci,rekrutues
ikonoklazmës,neutralizoi
përuluri,nurenbergut
përjetëshëm,cusset
narensët,penalë
arqipeshkopinë,rrersht
tutelë,katunishtë
kak,barrande
periferiket,rrena
shigenobu,gjondedaj
eisaku,termogenezi
ardeatine,vendpushimet
publika,parathënies
berkit,ndikimt
pejane,perroin
dergah,nënvlerësimi
vrulli,mejdani
përfundoni,preokupojnë
harutyunyan,rezonime
multiagent,kolonen
diop,xheren
provinciali,dygjuhësisë
dl,çirak
interrnimi,përkim
humanistet,leopardëve
younha,evidentoje
gojçaj,tatsumin
ivana,kabiletë
transferueshme,majëzat
french,shina
javier,lnning
përques,pujol
upit,multiplexx
thuhejdielli,halifax
nxënte,tektonikolitologjik
piqini,afrin
ztonin,hapuar
sombrero,kebnekaises
kasapit,baresh
shlodhur,këlcyrjot
bobsfungjeriit,yasakani
lastarët,orthogonal
lisë,bkm
mascagni,palestina
edita,saëomir
play,ulcerave
paraqytetare,hyakutake
vitriera,neubarth
sadikaj,lebrozët
gjysmëfotografia,tesso
marble,mureshmagyar
boshnjakisht,françeskani
epirotet,humbjeje
anadallia,vajsapunit
yaqut,gjysmërreth
infrastrukturor,njëpasnjëshem
mbroi,qershie
enum,asgardia
plagjioklazike,siu
shperndane,martiqi
lorrene,tusit
kapoor,hekrdhor
sukesshëm,diametrik
imagery,oi
deportimi,përdhunoi
përgjante,vështiresi
veinah,cimiez
druevefr,marmotat
kursimi,mpouvante
verikurse,xhafolli
ebrejë,afkja
lisash,kurumu
yushan,lindholmen
shkombëtarizim,galena
bekon,famijes
vatteluttu,adrenalin
rikthuer,pagdhendur
butterfield,angolës
mundeson,pulau
cilitdo,bahs
albacarta,psion
çndodhte,protosebast
solidifikuar,lvv
strehoje,zymbylat
terapist,plifonike
chambrysudouest,ëndërra
sophokles,shëndëlli
gjeoklimatike,mangrove
marxhi,përpilojë
paleobiology,kaedes
difensivë,negocimi
rounders,semitic
maidu,hambarë
ndërfutura,montfaucondargonne
cemin,kokutamit
bukurie,kempe
vehen,darvinizmi
ndalte,dashamirshëm
kurim,nictituese
florentine,lunula
celami,puja
violanta,haritsu
bashkëperandor,ndertesen
tretash,ngulitjen
mbështetësen,neuhof
fifara,kadëna
bonifaci,gjelberuarduke
dolingen,protoduarëve
uebmasterët,tyrë
urologjisë,vetanak
dhunëshme,meditoi
mbeshtetje,inductance
shrdlu,palms
nasipe,azzi
bienales,kankuro
pashtrec,vexellationes
binjakëzimi,aurelia
çubrulloviçi,ngritjës
damet,alr
sintetikoanalitike,savinskao
mëbshtetje,poemashtregimesh
hajn,misterve
antropologët,kursejne
jigitit,outside
kokulur,përshkueshme
naieni,palas
turboxhet,xiklaturë
minuara,ghose
tekfirit,kontracepsionin
riparohej,spiunua
liebmannregjistrimi,baktarshikan
panxharsheqer,apologjetike
lenie,senbonzakura
ashtuquajturave,titlivi
fjalëkalimin,mbledhet
shkrire,prakatya
valëviteshin,vrisko
njësimit,drogën
ode,mundosojnë
siddhi,korumi
elul,triska
vleresonin,purushasuktha
amplitudore,onomatopoeia
mbretria,vulistë
kera,haploid
consumer,basaiti
kooperimin,radhonjtë
uleta,tubohemi
phantom,atribueshme
jetova,fotomodele
xhotesk,vekun
fonologjik,lulethane
shtetrrethimi,tengu
prost,portokallin
komplotist,urdhërdhënës
katunishtës,elektronegativitet
egzogjene,asesi
teleskopike,vilensky
radicis,yaba
kostt,hasbro
kilmarnock,vivendi
subjektivitetit,kalibrimi
teleferiku,përcillat
preorale,kitosit
taksonomistë,ofey
eklakhi,demonstrateve
sah,lexua
nkihen,kanunor
ikoot,bioavailability
mbingarkesen,koncil
shqipëtarjacom,penanit
rekomandimit,rrëmuje
porozë,shtetase
abaci,pond
panatyrshëm,demostratash
jabllanices,arkitekurë
përfshihemi,gjymtimin
denigrimin,pakon
akantusi,tekeve
managerie,shkencorprofesor
multidisiplinare,diskektomi
alibie,hezitime
aparaturë,rishikimeve
shtatëzënës,kimonoja
plotfuqishmi,asgjësohej
chaplen,sentosa
vengerit,galaganatha
talantesh,keqkuptimesh
bradikardi,dogën
kokteje,tejaku
rreshtë,deg
kompenzimit,vetëvetja
besimtarit,ivr
trimurtit,jahteve
dressings,dervishin
tumujë,ndërkufitar
mamie,enigme
grekërit,përziejini
angloamericka,transportoheshin
ndarën,korruptojnë
ilprogress,mikorofoni
majliseamal,bullari
panchatirtha,cr
gironde,shkrimtaret
përzgjidhnin,toksicitetin
makroblastët,karbonike
keladoni,perigynous
hafidh,alburitel
cimervaldi,perbëjnë
kiky,bronxin
lëmim,msp
dyzetekatër,zeroja
karizma,kombe
altair,viçipolan
pijshme,vjestë
pakonceptueshme,merkat
naval,përditshmërinë
mpirje,pasarelave
duri,minds
rrënoi,ame
konspiracion,tekniska
philippson,interpretatio
pilari,ngrejn
alosauridëve,haideri
pankartë,bosnjëhercegovinë
salos,perez
sakkala,forcen
inaugurimet,urrejë
sioni,needle
çangashës,applique
limbore,centrit
dheshenime,logjikisht
ferzan,araa
varasidhi,marokene
uglesha,arvantes
aikidos,ventilacionit
ermali,diskursit
vallesmuzikës,faktojnë
odocoileus,ufologjike
vëllaznie,backateatern
httpperqasje,binarëmë
shatërvan,smoot
trakesë,enzimatik
permbyste,genitive
terheqja,reprezantimin
gjoshën,karposh
sllallom,aplikueshëm
radosheviq,çoropëgjata
aurel,kadet
paskut,lakmua
luginorerrafshirë,hund
kunadhetzardafi,holandishtja
pulpet,pikeve
kanyapith,albusit
ferruccio,fmsh
basania,schutzstaffel
leda,dtude
parazitët,prohormone
bugjet,elsiet
allymists,mugglecast
shatku,vanën
caracalla,gazullore
gjallesea,ally
gjatesine,mikroskopave
syn,bazilikatë
kitar,reproduktohen
piter,utp
rotax,atriumi
ndyrshime,vicenza
kahmarrëse,participon
fahrenheit,friksue
terrorizoi,papërballueshëm
shpërblente,zodiakut
musicalfest,missisipit
bosnjanisht,spaulings
fortifikoi,çfare
keçekollën,tijështë
gushice,kubanzheldormash
katërpesë,kultrës
hidroksile,mënyr
letargjisë,apoloniateve
chichagoskaljarit,gjekmarkaj
paradhomat,jasna
londëra,kozmetika
ishapami,kianov
kurmanxhishtja,shenjtes
hostelet,gjobëtrashë
hatibi,gordonit
gjeomatikën,fundosjet
illyricumit,krroqi
rangua,redukohen
naturalis,finalizimin
tribunalja,flavour
zamr,etnikofetare
lejlekë,taoizmit
rusiae,pastat
amedas,durbanin
përmallimi,shilton
lyhind,juvenille
fajësojnë,shpatullat
venës,zallherr
shadollu,kushinadahime
vestën,interier
ulvie,caecus
tablatura,balenje
ndërkohëdervish,deparatamenti
pinkertonit,sharraqeveria
vrinës,osler
scannerlexues,biblosin
antëtarëve,kantonale
radiofonikë,casalbore
bouthrotum,zanini
hilafetet,sofizmat
aerofone,tenderin
searle,tubin
evaporimit,blogeve
solesvarën,uid
bashkëbisëde,qenkan
cervikale,kubenë
zarihu,selva
tekanjoz,comptia
zarjan,kusar
evidencën,anaksimeni
bismarck,addo
jastëkun,antarctica
merlina,cjsë
pertupi,paralizuese
sja,hondës
katunar,chavchavadze
zvoglimit,tds
laktacionit,fierak
masruk,shihchn
cybercrime,timishuarë
oseose,blankenborch
annamalaiyar,krimineleve
bulatovi,evë
fordham,katodën
shbanë,akn
mëndafshtë,huelva
austriane,zhena
ilaz,nebraskës
provincialelarg,laliga
polimerizimi,nenshkruar
ihttiat,novarumin
fleje,proboshidienëve
teleferikut,çoroditur
punesuar,petroleumit
kristalogjenezën,mbresat
vehap,zezëme
racionet,ndre
dykëmbësh,demotike
jungkook,rralloi
prishtinase,inerteve
zhilivodën,insistimit
bnyaminin,gjimnaziste
medresën,gibbon
beverley,njohurite
droguar,beckman
qëndrosh,hotelieri
umeti,olli
degdisur,pandjeshëmpor
promovonte,sharlorthit
carburetor,vivacom
parakohshem,banker
pjeter,moçem
dnhoff,momonosuke
ashte,disrhythmia
gërmenjin,montbrehain
tomatoes,empirist
pashajt,neokantistët
nxjerrën,hidhini
terakota,kubanit
vodafon,shlesvigholshtajni
tamarës,krijruar
graefin,koblarës
tiganëve,kros
parashtroheshin,honorine
hahnit,llojanasit
matsumoto,zbuten
liqenat,julin
zurën,abandonuar
parizinesh,frengjit
brecht,rubrikës
konçensione,elin
balës,monika
sutaj,brief
ekzigjencave,ishtre
bhairavan,turgenjevi
sykaltroshe,rasat
babilonasit,geographica
ydna,ashramam
dhimbs,aristocracise
kacavirren,mammisi
subhumanë,kreolën
shalli,jorganxhi
këndojn,qendresë
nichiren,tyregrevistet
anëkënd,çefliku
mossulmimi,pasurisht
nderimit,borinkaa
mbizotëruesi,shplekset
bure,tersin
autoko,ndocajt
acadmica,vereeniging
beylikdz,finacial
kënaqëse,maximusit
kelso,gaddi
evuloi,guerilëve
gonarda,luspave
livdhe,aleksejt
damës,embrioneve
barbarësh,lëgura
jetegjatesisë,konsoliduan
portabël,mëyren
vendbashkimit,rrumbullakosur
transept,khlempotsrion
psefto,almajid
abazhuri,replikës
qualcosa,helladën
masakronte,caobos
rushmore,shpërndarjeve
padiskutim,kushtetuten
kocës,uiskit
dariusi,innenministerium
idealizmi,mutzel
karrotes,dkomatën
murimin,shlirë
kombetares,suborbital
torium,krept
harxhonte,lavdet
gerke,bergenbelsen
terasa,pdd
bashkëkombas,furë
fausto,hetës
buzzer,ileumin
ru,kullim
beuzeville,politkan
podcast,eniacu
arks,lobit
leto,gellit
përgjitshme,sklievërve
eryngium,sinkiangu
regjistrara,santaros
mikheil,ikonografikë
xhinit,mayrhofer
guti,banorëtë
kompozite,christo
consulting,ninxhë
çnderimin,emisionesh
subkoshienca,ekmekçiu
cuditshëm,shkathëta
përçmonin,gjeldeti
harapa,panepistimiu
karbonete,kuarkeve
pajisnin,palmmute
dreamachine,gjatëup
connery,gjuajtëm
bahtijai,semple
mesores,srirangamit
shiftohet,trill
arenga,fërnet
kryedioqezës,përvjetorët
aluzioneve,quieroz
shamo,martirizohej
problemëve,lobbes
carrabregut,dasis
ulërimsi,magadhas
amoralitetit,metodistit
zhvilluari,kujavq
sapoqelura,konkretë
mosmarëveshje,teknikoprofesional
hidalgo,rezulatat
skanndinavinë,bangladeshin
ndebele,kedo
konkretizimin,çurdhëron
depozitueses,fisme
kinet,karakterev
njetin,herca
bleçli,ibuprofeni
lave,komentuan
averi,araboizraelite
numëroi,treo
bassa,imagjinosh
markshedër,bërthames
gjegjeun,shquarit
ves,marshit
imunoterapia,hipotizuar
kontrafortet,nihanit
arberi,bukët
charity,matëm
butiqe,grumbulloni
pagabueshëm,drestike
densitetipresionitemperatura,liçensën
areen,mbretëruese
educavit,hidroenergjetike
faveyrialit,kurbetllinjtë
bounce,higjenës
koeficientë,natarajan
oakey,prototrombina
tunen,sammarinese
gastronominë,investuan
lënies,larmishem
altlnder,refuzuarit
matkë,shoqrit
neveu,humbëtirë
domodossola,sonia
kolegjesh,mepastaj
rossakoff,kolana
rucr,kendin
yunan,pozicionesh
krioneri,umilt
vëmenshëm,mëshiruese
mohammedi,nanjingu
maringlen,ertem
mushika,relit
zvarritëse,çimentuar
masashi,miraldos
bejtet,moikom
registerallocator,liepe
ngrihem,skamandëri
agroindustrinë,sefardike
qoshk,dhjetëvjeçarin
telford,shegëzë
numërojë,dangeoursly
shtatgjatë,ballen
afks,devë
liçencën,përqendrohemi
atsetuka,deshtuar
frameline,adresimin
agronomëenologësomelj,katunditnë
shpërblenjësin,trilocana
xeherorët,dueleve
diambetrin,pandreqshme
gruevskit,shpegoi
argejës,panenka
kurorëzoheshin,marini
baglionit,termocentraleve
veë,pjesëtueshëm
amilaza,femres
eurasiatike,metutejshme
lajmërimit,multiplatformor
ishinë,spiunët
bronkitit,macokun
gmskgaussian,oblique
ringjallej,vërshim
carga,zizo
partizanes,fizikomendor
osvaldos,tregtohen
hugendubel,sensibilizojë
detyroj,rrofeshatë
baraj,artizanëve
megjithëatë,bavarishti
amiran,sistematizoi
gjithshtu,visvesvara
iprage,metaksa
meçatë,anastacia
quique,montjuicin
kadirkamamit,lazam
ammonium,tvseri
xilai,akumuluar
murgesh,bushiilia
kryekuqi,gedeon
seid,domethë
teorizuar,taranesh
blogerëve,harduerik
binbashit,patentat
economy,subneta
pyelli,taxhike
rigjenerim,chechenoingusheti
foku,rrëpinor
shëngjin,qeveritarin
shirai,ishaleatit
budi,desin
share,barbarive
komainu,venezolanos
shterpësisë,irtësh
actors,mashkullull
peterson,haxhe
përfaqsua,konstituimi
pompoz,anëtarësoi
drino,bckerhfl
filozofikdega,paramodernë
neonatale,lekures
thuraiyur,gandak
ndjekuri,vrullshem
negara,babjenit
busin,toppmller
shaipit,akeloun
maban,veteriner
padrejt,primus
fana,bpvsë
oruçi,pantallonataktoret
andriod,kozmonautë
jahanara,yarit
shtruherë,sërsisht
konietzko,chtillonendiois
henrick,suey
anadollinë,vëllazërive
darc,cecco
azitromicin,placebot
aluni,shërbëtorites
llukovicë,rrafshnaltë
mënjanoji,ndryshmekëtë
skalare,ferrant
zhvilloje,loznica
pergjegjesine,fud
luftoni,continui
bziers,instruktojë
bistonëve,karthagine
kodojë,arhet
qimnon,ramushaj
politikanve,busquetsin
quayes,përballoja
jopraktike,mardani
certifikime,assad
vegjëlisë,drunjëve
ranconis,ribar
vulçiterna,shahnameja
lakeve,dridh
tiranosauri,sanë
folozofinë,tiruvannamalai
tejdukshmëria,tanjore
lirs,ndryshmin
togën,sendimentare
linkut,kontiuinitetin
didier,leonidën
leikvudi,vaupel
pontdevaux,prezervimit
garantohen,podacter
ungjillëzuesit,emalimit
nëpët,susami
rojterit,synetllëqet
zanatlinj,siddhagiri
hump,invaginime
kaloor,messiaen
hamendësim,aludimet
polikondensimi,usama
ishmentori,bëmirësia
pandantivave,leming
rumeli,jubileun
rënëdësishme,meritojmë
castriotto,cognitivisht
hachette,gjhithmon
amantias,asurnasipal
fizikantët,floridablanca
kinematografit,scandalo
piroteknikës,përmase
vetëvritet,ageism
jele,rodentia
propset,telaprevir
nacreous,nesho
tronditjet,dub
citharoedus,ngarkimin
tigi,tjonesshfaqja
antibatista,okaner
shmangja,brestovc
zyberi,ovulës
nënshtresen,alfvenit
fanitet,mikrotoponimia
ekzistoj,infermjereve
termash,bischoff
petrolul,balkç
kancelarisë,shenjtëritë
raimund,gufuan
shoqërit,boluur
grihezes,andejdetit
adrenalina,halë
paloeogeni,landscapes
smetana,kapitol
çkishërua,hakan
makrometodika,përkujtojmë
osci,gjashtëkëndore
subalpine,papelqyeshem
puppy,arsne
mesaplikut,bashkëbisedë
shtatzaninë,margaritha
lotrisone,kullurit
nada,larsa
lipton,shpric
elektromekanike,pylosit
zëvendësministrja,botanikë
suxhuk,turberkulozi
sheol,koichi
tranxhë,sygjerime
gemlik,knas
joshumicë,romengo
dukurish,interlaken
phthisis,sinistrum
oregonian,pulseve
altavilla,konori
oçko,hajzenbergut
mëynyrës,pizarros
alveolat,baakehir
kottakkal,gjibraltar
annem,imunizimi
personazhevegjeten,hidaver
tradhtarët,braille
sarzanese,ngamadhësia
formulari,karltejn
rënduese,filonov
zhvishet,kromatizmit
vjetëri,nëtë
orizore,kold
costanzo,pulcheriopolis
quarrington,justifikohej
riau,çekuilibër
kubala,zajsan
barabar,shkëputej
bleshit,inhibitorë
turneja,ileum
schumer,kartëlexues
gravitonet,feniks
manifestimet,diphallus
guvernorati,danz
dioklenë,hafezin
koperkapodistria,natagianasit
upanishad,pritshmërite
prozor,keopsi
franzen,fillojn
mosqenia,nigerkongo
kamfurit,azathiopin
imperializmi,ngjala
pikselëve,gonçarova
lodrave,mineralizimit
tronditese,kordinuara
kandave,çoroditja
codeonal,okshtunit
pajazitin,planifikoheshin
ginius,mnsingenit
mikrobicidet,episodë
luçisë,paume
malherb,kushtëzua
edukatsë,sniffertool
ndizen,ohanian
mbuloja,berkelei
shtruan,chavignon
familie,fertvidame
selaggia,enolaza
komedike,orioni
hadërit,sintetizimit
gjylymsere,ndërtar
tubash,kompajlerit
zlide,suliman
refereruar,jaceviçin
argeve,scifi
fesh,ateisti
përmutime,grantesh
cift,mixtapein
damville,kepel
sahyadri,pranija
soni,përgjithshmi
çelebija,epidaurit
përmirësoheshin,komikës
holandezendërsa,klentiana
stepfather,reagjentë
hjalmar,basifondin
impulsive,bollati
bimëtpërplanetin,vëzhvgimi
shëtisë,shpeshmëria
dueloje,berardi
tasua,hidroterapia
preemraff,olimbinë
përgjithësimit,kryearkitekti
grumbullimet,frani
interferometria,impulsin
kristalografipetrografisë,yzedin
belief,nderton
playbook,fluoreshent
mesoamerica,postdoktoranturës
butesia,khabarovskvladivostok
cordova,pacific
rëntgene,arkansasin
krebsi,borrohite
leksikun,deinos
oceania,yumen
kthjellet,pashallëkut
arrita,madd
xhepash,nënsekretarit
shrine,centecellian
bhaktivedanta,ngatërrese
ozon,mhlkreis
overline,interpretua
kënduari,zvogëloheshin
afroviti,stefaniskës
jakub,ndiko
xhoka,skribët
faune,kurrimit
bonera,ciphertextin
artichokes,lakkundi
dramatizimeve,lemahieu
krutja,zakonuisht
akkpja,zhvillit
spiritualitetin,farkuan
tirthas,perfomancës
airbusit,aradanas
chanaka,gënjeve
nistrovë,zatouna
jannet,cnicus
pjesores,birjave
catarina,hukut
perspektivik,metoqin
settar,skleroza
tukri,nxënesve
mjelëse,integroheshin
zvredaktore,administratohet
mounds,firmus
kurihama,mazepa
tetrapodët,shtrydhëse
gjeneralë,tsodilo
ensdorfit,emancipuara
prouçksë,tenorëve
synetia,crcyenponthieu
shoqërorokulturore,echium
barngrënësve,konfrontim
magurë,neoptolemeut
kreshtash,bardhoshi
kontrolles,besueshmërine
mafiet,pepit
gurbetetj,saverdun
turistet,parcelave
tauri,bektashinjtë
fenikase,menca
sokobanja,shembeshin
anulohen,dedikoheshin
mbledhën,tuomijoa
modifikoi,vexhi
mardhëniet,antibiotikut
ingjizime,corbynse
dagny,egzistencën
parenfs,mijnsh
kranit,mijatovi
charito,miligrampërbazë
shpërnguljesh,tatohet
kirke,converter
plotson,zosterzjarri
titograd,shndrrue
ujejne,animi
epsom,dukshmëri
hapësirësshqiptare,tristazhe
parashihej,sanxhakbej
përkujtojnë,trifunovski
versoix,spilleja
stream,aksidentalja
kalldrëmin,ralievi
xhakartës,historikgjuhesorgjeografik
budit,dyfishimin
çetta,represalieve
snin,albor
zhguna,drejtshkrimore
pakësime,konjuktivit
subtractive,jetësipërfaqësoree
iqiyi,rikonstrukton
janney,isl
giovannës,sslit
rregullës,ekaternis
shpal,corp
djorkaeff,nënploti
tanisfiduar,montclar
gjerdek,qeskat
pikon,shapiron
zëvëndsuar,biobibliographie
colibi,altivo
mesjete,dhëntë
taghlibit,fisnikëri
siorizgrureelb,ofendoi
sridevin,shurdhojnë
nessun,saintsauveurenpuisaye
nigishtani,perreniale
autoktonitetit,caesarin
slivit,sniff
përflakur,totem
popullarizuese,bengta
fundosjes,qohen
minecraftjava,shfaqët
beckenbauerit,simonotti
shqipërime,epilepsise
pendimit,orollogajt
veqorive,panchakota
touya,orientohemi
dytëinkomandës,irregullor
anshul,filozofeve
darte,riatdhesime
dialektesh,kërcënuesi
çobos,erdogan
jerevanin,ahmedabadit
tanzimatiste,handoverit
zëvendëskryetar,caristë
asistentë,turqishtfolës
zyrtaret,kuo
epibionto,stele
zeos,njihuarit
shpërnguljës,pështypëse
tjetërfizicient,ëndërrojnë
levizi,thermijat
brescian,lafshës
navarangas,pbkës
valds,kokësqë
petrua,salzmann
vanesa,miksja
përëndive,temperance
kendrejtë,tisija
youle,batakun
makinae,ferkimi
saeima,debitorët
irritimi,brabourne
vaasali,kukesit
spyros,arketipin
komentatore,hanen
letrore,triadhës
mamoun,kuponat
graveolans,joascii
altruizmi,poliovirusit
akrolektore,egazeta
bartolos,onomastike
stera,grindelvaldin
mësyjnë,myku
shprehive,ekzoterike
civilizacioneve,skanderbegut
bramyshnjëtërbaç,parasezonal
palaut,lajmeruar
mikrobiale,përpendikularë
urga,fronton
neuvilleday,drejtoreshës
ikeinternet,tansferoi
kapelen,superheroi
shoqënia,imponimin
speleologji,paarsye
espada,zodiakale
cytur,presllap
kufcë,gurëmasonët
hajmalia,elnedim
napolonit,vëndimeve
juuroku,dojanaj
korrim,leopardin
kapitullimet,riorganizohen
kaithala,santoshi
eckarttë,lokaleve
gadushullit,ambrakia
katoda,albas
segmentimi,institucin
atjeshëim,pretendoje
shukria,nderuarit
sazhin,nxehtsisa
kamizi,ngarkonin
hansjoachim,fjalinë
bahtir,taher
nimfa,teluriumi
mavromichali,sanatoriumi
frumentios,brendin
numrint,tiranëdibër
procseit,tyrenëse
sarmatians,mashtruesa
vuajturgërvishtëse,kontaminimin
tomohiro,fëminija
hendry,mëshirojë
ciliatët,gosainganjin
achile,flintepër
figurosh,ndërvend
journals,mile
larzuar,libërshitje
sexta,ilas
pakes,eglilmez
ushqeje,elmirës
maq,volante
hotelesh,frst
mikola,xhufit
ebibi,arramn
tigris,boçja
karikaturën,ambulancash
genuit,gothicus
paqëlluar,përçimit
teprojnë,pesoja
shumëzuesi,badoglio
mersenneit,komplotët
gekot,kthyerit
monastero,stivë
godin,shumëfishimin
greit,zdislava
përqendron,oneti
henoteizmin,krajkova
formatim,babyvexhitën
lacuna,polandballi
assib,killer
gjethengushtë,shfronësimin
modeliste,sllovë
truporë,rruanin
llambrua,federatave
banjosh,marathi
malicioz,antal
baathistëve,akreditua
liru,bashktingllore
kentin,dogstar
mgimo,medvegjes
shtrëngo,përkujtimi
kundrejtë,rezerve
kontraktuale,solberg
komunikaconi,bassinet
nënkuptonin,metis
sitireferuar,imperiale
papajaman,vitoria
boldu,heider
denohej,patriku
jii,kndekr
tingullore,vetqeveritare
oqeanisë,avancon
shëndëtsore,kopshtarin
fatprerët,eros
nripatisimha,tma
reh,tebën
adorno,fontaineuterte
toyama,krolyi
ndërprejen,alveole
vësh,gorgonat
destabilizimi,saintpierresurdives
ernakulam,frymon
ramohito,edukologët
ajedrez,sensuale
ingenieros,restocking
jazari,portitkanal
stankovic,crompton
thomasit,franciskon
desaix,ballafaqime
arpadiane,redgjovalin
neuilly,muajn
pelqime,ekskursioneve
mikaelit,ngushllonte
zevendësdrejtorit,preti
parakeratherium,lëngëtmagma
bobo,commedia
mikrovat,trazojnë
puntorëve,mitanëve
ideatori,sixhistan
deriatëhershëm,kostadinopojës
tërfiliformë,mundjen
yssingeaux,pausis
ripërtypësit,ljudski
jovanovic,maoiste
saldueshëm,pabanueshëm
vjetarët,edukativoarsimor
petrarkiste,sharraxhinj
verzion,bodichon
lotsaba,pcasë
tomis,sadrettin
nënpopullacion,jazdigirdit
sevran,satirash
moderatorët,passepied
guttaet,islme
udhëheqësinë,triadat
kozakëve,granatonin
çerkasi,shayana
dugo,bahiri
capparidaceae,kerev
lidia,themimet
supernove,vusanje
ergen,madhorë
mbarue,peluratit
metalurgjine,barrios
faqesheshtë,qerpiket
autokracisë,namahage
sakhalin,mikroborgjezisë
glavkos,casjet
paqeruajtësve,hakmarrj
milla,ngjizje
transetto,nursel
saaremaa,baticë
tërdhusparken,ponar
matiasi,privatee
kokokobacile,qkvf
gërmimin,rosselli
antas,narharit
plansharelit,skanderbeut
dhuratën,fabrikuese
hidrologjia,autobuzash
yagya,gjoksharkor
stabilizimin,shtrirjet
angelica,kant
soultzhautrhin,softurëve
halllat,rade
dambal,alshabab
projektu,mbeshtetemi
javie,inext
etyre,inspiruese
smirës,plogështi
bipolar,ltv
kopriva,katrorëdhe
bashkëjetimit,kurtezianët
shpotitëse,gylakun
tiberin,messa
kulon,vishishtadvaita
serveti,pakundershtueshëm
gegën,kaltrina
sihulit,sundosh
comizit,hungin
yael,tundimi
shkëlqimtare,httpsbotimetliving
becirovic,dërprera
demove,stjar
kancelaritë,pjek
prithivi,tintsu
kuroda,rosnica
parrjepur,fatorino
sauropodësh,evitur
votova,athletik
drahme,njëmijëepesëqind
marokenë,mospajtues
agjenteje,memorizojmë
rashit,xhamster
gjeturat,singaporin
pinell,jot
prevalenca,zotërosh
moneim,itje
junco,rusilion
fountainhead,udhëzojnë
videoprojekti,larsës
marstal,diktuan
nënprodukteve,koficient
admintrative,archangel
përshpejtojë,shkruajten
ngarkimeve,brajsin
thikat,khaybarit
piroli,stravinskit
kolektorbazë,zinovës
banderolë,integralëve
emëroheshin,viousshtë
ulemek,dorcatherium
heliocentrizmi,heartshaped
manastirët,shkurrore
kapuçave,çeliqeve
rhmann,leshonte
eboli,feudalit
planifikohet,italias
blloshmi,sinonime
viverra,armiqëve
cetis,albumina
martyrs,eddine
vaditeshin,hautbois
letargjia,botërorebajram
petersborg,martone
shkrojta,referimin
placentës,përbindëshave
internuese,shtëpija
muhaxhire,djemë
uljet,dattatreyeshvaras
rradhaz,soses
paragjermanik,libretoja
cvv,intergalaktike
nokshiqanëve,restaurohen
klimen,evorioepirotëve
malesani,slejohej
shtirjeje,grabiani
yard,skenografike
elmira,koresmia
nëno,lakshminarayana
intesitetit,shpenzim
marker,migrations
stomi,neetishastra
burrëgrua,venezueles
pfsh,hirra
antenë,fryjë
torovicë,kategorizonte
interpretuesi,fundshekulli
rrëmbenin,trikalla
bashkuarnga,vjershëtari
suparshvanathas,argëton
bërj,supernormale
microsd,pyetet
avokaturës,controlada
prehjes,sourceforge
shatave,marisa
guardo,vajtese
tetovari,bilardello
pronsise,pagëzime
debacles,mjegul
arketipet,mirush
kosharës,fiore
përkujtohen,citoplazmen
laue,prendikun
prokurimeve,ordinatë
llogartin,acidoz
padrejtësie,hallashtis
pararoje,shpejton
hyqymetin,parashikojë
sochi,coxsone
snack,superioteti
kipnis,baldoskuqi
internatin,përhasja
performonin,shahi
magjistralen,zemrashqiptare
faklultetin,rondo
sëndukun,trupp
slamecka,diomedi
qelësin,rrezikosh
gurdvarave,depozituesit
garrincha,raghunandana
luksin,dhelpre
përmanente,androgeu
marredhenje,blucas
lidhmëria,mekamin
huja,gyrgy
flokëgjatë,jati
kantiere,gjigas
vezhisht,saintalbanday
dimensional,bimesise
shembelltyre,saray
aktivistesh,sotë
ricciarelli,trupatë
kordha,kapësi
landskommun,zorini
amfioni,saintpierredescorps
arpicjot,oxhakun
dymbëdhjetin,botore
sajanëve,filluam
propagandohej,shkruejë
konteshën,piktoresje
bujqësija,premtimi
domini,kovil
httpd,visitohen
kontrabandist,volos
protein,chipmunk
dmadirect,nukleozidi
ëndjes,maanshan
fortunate,vegjetacione
valdeti,dupin
linkshtresës,revitës
skanvinski,perkins
aksiomën,nandës
vulosej,kitty
vertebrorët,ekzaminonin
karikuar,hugonnai
forrta,miskonjat
hapjet,skoda
marglliçit,bohusln
qershikryesisht,linneu
mjegulltë,montefeltro
mprehtësitë,pashiqit
cështë,carneadesin
kshetra,zvoglojnë
franceskan,saintesprit
ndihmue,mozambiku
methonit,mosbindje
italioargjentinas,fiernave
fenomenologjinë,trokasë
margaritarësh,lurën
agos,yatseni
sherifeve,medhheb
sultanululema,artikulim
bulacan,oldies
teprimet,bllokeret
manaxher,legaliste
selbe,qatar
subscriber,telma
vetëpranimit,përkundur
materialinpsh,ngriteni
bonvivan,bojalitë
lientz,feudeve
kumbull,serbokroatishtes
karrirë,çhije
thelës,dridhet
lezet,nola
hutonte,herëve
bashkëshortëtet,paprekshmërisë
buzmadhe,httphr
lezhjaneve,xhia
lëkurësh,premna
shoqaten,divahanes
veqorit,ricani
cerrejn,cërnagori
selishte,jonini
konkludon,dorezua
atemajac,round
pensionin,medituar
barbarise,filexhamia
doublefinger,verbërisht
komoditeteve,kolaboracionist
dannunzio,vettingut
kolosët,supozimesh
paquin,simetrikku
keqpërdorë,kelleri
singli,ipeshkevisë
erazmit,penida
ovasi,xhinë
divisioni,berthamor
permben,shtegarët
sabinillus,vëzhgojë
tatsuki,syllabik
fastave,odishës
inçizive,zigur
gjeneruesi,kreshme
komentesh,ermoupolis
orman,jimës
kinemate,vizuel
rnnlund,ostrovicës
montanizmit,inspektuan
guerreron,escorialit
revaskularizimi,epidemike
yonkers,paskale
mprelvukajt,afekt
gratianus,bombardonin
nacionaliteti,saarland
mrina,mural
koprën,dukoli
pause,ombrellën
holistik,tmc
vonësës,astronomësh
ostrogotët,copplehouse
pjellshmërise,dashnia
kuqishtë,çevrotainët
partizanësh,studentin
beqon,rrethimet
lëmije,gollaku
nostros,dinamikave
spirakullumit,zorëshëm
montlevon,nansha
lëmosha,mbarova
regionalista,khosroesit
balikl,stereoskopik
jorishikues,gypash
perkohshme,remiksit
nënpjesë,suksesitpër
gjithëpërmbledhëse,eeti
zëvendëskryeministrja,periferia
hoysalan,elmuveta
veselit,mul
beotase,ribulose
niob,kërmilldetit
copn,vithkuqar
fortifikatë,shpirëtrore
bli,eduke
fjalëkalimesh,renfru
kartelet,fundamentalistët
kreditues,propagandas
grenobël,haraszti
rrëmimeve,anser
rheidol,sennin
uchikalami,psiqikës
studimeshesesh,rikuperueshme
imçit,veteranësh
ndihmësnëpunës,radushë
verne,sabotazhit
nacionalclirimtare,kavi
qepjen,lucifer
gorgs,rivieres
stampaneos,sitokat
skull,mastaba
buzëqeshim,claret
dëgjo,inercionit
volframi,puns
kë,scootaksit
bababi,planprogramit
trevison,vladimiri
ghzkm,tingëllimin
veqanarisht,shkurtimeve
bushkani,sienes
fshihem,arkitektet
ngadalësohen,both
akiyama,fitimprues
mestik,illertissen
floririt,bamni
tottori,introversioni
ilpa,mospasja
sadr,iritonte
hollandë,dinamometër
lajla,lynkestit
cutt,edithin
pandiya,pughemorgan
bishop,çregjistrim
batistën,hitomi
zgrip,aristarchus
asimilojë,myzyri
argumentohet,hygeia
tokimasa,mbijetohet
rimanian,cif
liqenasit,shpartallimin
nenbazal,mayzietë
iblisin,privoi
benjamins,trakti
çarshinë,kangur
bashkërealizuar,boticelit
gmail,difraksion
veneren,arbisë
trillerin,aglomerat
babeldaob,corr
eviton,kumbullash
sineneng,silberling
ligan,fishin
caminos,rainforests
jinalaya,torresin
flokesh,sunzhenski
askol,papastërtive
trakteve,urbanizimin
shikhara,gjeografikhapësinor
bosio,hinkës
nichts,gjksë
varshave,cigares
kortizetit,trilogjinën
evroatlantike,rotullim
prolina,kursha
zgjohesh,nisshin
ipës,atipike
hjethet,bacchylides
baglione,sfondet
plejs,kalyanasundara
diaelektricitetit,drjetë
traficant,gjermanoveriore
sduam,hindustët
vështirësoi,hathor
cungu,nikolaevna
heinkel,ilse
myrtyrit,beatriks
gjithperfshirese,katione
rrëzikshëm,televizoret
celina,rrall
mevkuf,dioni
router,konstatoj
gagarinit,investor
fushtave,gjermanik
rasczak,kulonian
papërgatitjen,plinq
alejhim,çmimoreve
ampicilin,yekaterinburgut
gjatësis,rishikoi
bromley,koptik
tuval,prokurorie
pafuqishem,cinemax
përgatitemi,ariditeti
forse,nikotinën
tourdupin,pandryshueshmërinë
lartesohen,paprerë
rëposh,mënyradëftore
jennerit,castrato
bethany,mitrovice
mbsi,falsiteti
këshilluara,haqif
maturimi,villerssurfre
carey,asajt
vasalit,middle
stilistikë,kundërqeveritare
corrado,chiren
tasku,lvkarlen
mbiemëremër,falstaff
italoetiopiane,djemte
heuristike,torito
kaçurit,klavikordën
gjinjve,tundur
liturgjitë,anthelme
biçak,agencentre
kokajt,koordinohet
dekreteve,sezoneën
shumëshe,helvetik
oktetit,ngjitjeje
afërtat,antarktidës
adresuese,isfahan
termodinamikë,numëruesve
vejsel,kokoschka
shërbeja,qitrot
maddalena,hillarit
mëposhtëme,kukerëve
optimaleve,lojerash
agulhon,shemsedin
oportunistike,thikur
konservatorio,konservueserestauruese
naqqarnaubat,skrunda
hanauaaepe,firmani
operetë,jofamiljar
gëten,shpërthimeve
rfgjsë,çmendurit
xhaklit,prosperitetin
nerashti,tala
paktat,logaritmike
aneksimin,perkufizime
hriday,daxsud
torusëve,nxuni
antipersonel,zgatar
bashkekohre,nëndor
reaktorë,teka
shtegtimit,identifikojmë
lopësi,çanta
mitchison,mentesha
muhaxherit,enciklikë
klockskoby,jedidiah
caprit,prefetture
akrosit,zëshmi
përfytyroni,plastmasi
mbrojte,larës
kryejme,kick
onm,burdach
erupcion,arameje
shenjtëroi,shugove
jingshan,xhulia
komentua,saqqara
totonët,dizajnon
sularet,subpar
ikës,benchi
mambalamit,jetrat
mermerore,folkloristike
bashkeveprimin,cruzes
vefëm,sultit
tusi,provensimi
centimentër,deitrich
serologjik,çertefikata
moulins,bollshem
chichester,raijin
mynsterit,dënonte
kozmologji,rëndësime
shalën,qerret
vojvodinën,krjimin
njëeritjetri,divulje
netturit,lopt
veteditur,boka
tintaient,sesshomaru
mends,llapuzhës
kryesimeve,niraya
svea,zjarrt
kumarit,triplete
brinjën,fillornumri
prefiksin,shëndrojmë
stereo,vërtetshmërinë
kujtohen,tarrida
bmbardua,letargjik
eksluzivitet,zhul
noether,linjiti
eufor,sylën
bgps,ëaalsit
zefin,ulqinin
njehere,spotin
bltneti,srem
shteterore,shtirej
sankarës,labit
kani,sistemimin
bretenoux,ariana
incorporations,than
otavaloimbabura,letersise
pistolete,zinx
martesor,shpernguljes
pastrojë,shqiptarçe
perigraphe,epizode
liqenor,austronautet
koreano,astraphobia
fepf,berruguetes
bullet,fazil
patrikck,zëvendesimi
paarsimuar,tërshër
cayapasit,yaynlaristanbul
benken,sbulonin
vjeq,percepcionin
aleksa,stanarësh
amestris,vëzhgimor
fryrjes,depolitizimin
zajçev,stilizim
knavs,ghatëve
vargon,medikamentesh
ungjillëzimit,lissoni
rendor,tingsrtt
masazhier,shumtime
hrjedalens,krijuarit
ribosomet,mendimesh
leckurina,integruan
sepahanit,marcell
visoka,tuçajt
asistin,zbulova
bashkëkomentues,sanizëm
kriketët,privohej
vashington,cession
shutkës,crteilsud
gpu,iek
gostiten,modeluara
marek,rendimenteve
murcus,haxhëllar
tribhubana,lohengrin
kerrl,amjad
regjimenteve,nicanor
përfytyrohet,lideres
imp,hetairoi
bellorusi,penalltitë
romanore,venezueliane
frenkuentues,ronaldinhon
isnike,pranevenie
joa,shpërlarje
taverekere,angjelo
ndihmuese,thijssen
konfrontoi,epistulat
kancelares,knini
antinacionalizmi,ponza
gjuajtësi,ndërrues
stillman,sëmurej
kufizuaara,udhëheqësejnin
bishët,shndërimet
inceneruar,rist
citoi,chirols
deshtën,native
nymfeun,vrojtuesi
steril,bolshevizmi
arbitrin,kërkove
përvetësoj,njëqindkëmbëshve
overdose,peleponezit
paraballor,hasurat
kurajoja,cremoneses
elkattan,zelli
eldora,emërtojnë
abdylheji,intensifikimit
falënderimet,kompjuterndërveprim
tavernën,qindvjetor
epromet,fargo
galione,eunomotate
quilly,prend
hidrolizohen,mazarakë
tinzakë,aos
sulën,amandla
ingvar,injorance
frue,favorizonin
shakhmatnaya,kieler
ishulin,jashtëqëndërsisë
trompet,konnektikut
sersem,murad
kërcënojë,dedeagaç
dipavalit,amshueshmëria
konfiguracione,ushtrak
gatiti,upstate
somalia,ofiçinat
uida,murgërore
hanoukkia,përjetueshëm
kanoset,islamizëm
laths,toin
kontinentasit,shz
kutijat,hopin
prei,sovietiku
pleh,emdenoldenburg
programerët,nemchinovka
miletit,dobrune
brahminë,popullosh
saliendra,srilankase
kandilat,budallenjve
agnesa,fockers
konfiskuara,cektësisë
hume,luftera
riforocnte,brunkullan
triumfale,dorezimit
kajmekam,idiofone
hasanoc,jingdi
ungji,anemik
kalipter,selem
mbyllni,arketipa
njëçerek,rihani
importohen,zgjedhjesh
përgatisni,poligny
steatiti,gjenotipeve
trevigliese,rezervoheshin
chakran,taganrog
nënrepart,juvines
çanos,referonin
dulongpetit,sakan
engelbrekt,bashkëpunojë
angerscentre,leshnjesbarmashit
mustangs,prirun
vrer,origeni
kalema,arianizmin
reichenau,karlsdttir
pynchon,perfituar
hoops,pesëanëtarëshe
dorthea,egnatius
qendërorve,dhërmiu
shënohën,jocelyn
ecurine,arvantissa
thundrakë,mbajini
tannen,hile
bioklimatike,krokodilët
hrmarsson,huguenotë
koretë,guirao
dhëgi,kujdestarinë
frrokaj,dentelat
muzikalin,jostandarde
parodontal,përkulëse
liqenjë,gjorgj
fulz,reformacionet
celebron,tecmo
klagenfurti,hitparadave
qelb,sharatase
gastrointestinale,korrektësisht
ilahiyat,uzurpimeve
rehovë,muslija
libretesh,sharat
stefanopulosi,yedili
diacritics,vegjetarianë
kodifikimit,pyinmana
musketerët,icardi
depozimit,xhaferit
lëvizni,tjet
shipkovicas,rhoemetalku
vulosnin,lutemi
sigmaringen,rrethperjes
priftërinjësh,qeshurat
theksuam,dobbs
shtrigan,vetvetn
ndërrajonal,suctioned
doxhës,lamperouge
pirjevec,pajtues
beden,dumouriez
subversive,kuvendohej
tato,përfytyrueshëm
jong,kafshëror
imagine,podrime
trazuese,atmeydan
cilaveuverturë,çiklistët
vërteten,paterice
apenin,vahabite
rsch,karpentier
serbicës,pretorianët
humlegrden,luaratit
lexonim,hapësinorë
eprorit,pranveror
hieroglifëve,shuajt
packet,aprilov
conferta,bashkëkohëtarët
bërtiste,habakiri
tanusheviq,jeanjacques
stampash,kankroidet
akuzuarve,sociolektet
demonizuara,saintlys
laureatit,krushje
papershkueshem,gllasinac
takajanagin,çellopeku
pastudjuara,sheruar
mbifryrë,ishrespektimi
hksar,premtimit
kamo,qeparoi
nobu,harlan
kinako,mille
taraka,sorikomorpa
fgjh,brezne
rragamit,prehja
midhjet,njëjt
implukuar,vdekatare
paradhomën,llukashenkas
pësonin,osmaneskenderbeu
dn,fatlum
mane,diasporen
donacioneve,rhett
purdue,musët
shivaratrin,aquila
ngushëllohej,traveler
schol,javanez
dobërçan,preheshin
vendodhjet,panonët
military,coha
ultratinguj,përemërore
onfray,togëzit
gjeebritaj,shembujsh
pakufij,përjashtur
biomimetikës,dhëndurët
ln,kakatiya
xhingël,fushates
tepelene,askaraj
aerohapësinore,mundimshëm
appice,bektashinjët
intercon,dëboheshin
motorra,sialodacryoadenitis
prehjen,kartagjenën
janata,sundës
rimniçicë,zvicrër
fernandes,kokërrzës
zhulali,zio
bilishti,stanhope
pirokseniteve,stuttgartuntertrkheim
novara,kujdest
inovimi,poshtërues
flitnin,gelada
denjuan,mbështjellësin
pichichi,altobeli
sidmos,integrohen
argentum,korton
këmbëngulësia,dritësore
meshiruar,nes
triqueta,ndërfetarë
spjegime,sanezen
shreyanshnatha,ecila
feodosia,spiuni
shooting,pëllumbash
oantlantik,bakeland
nënshtroj,christgau
lypsarit,zorr
zaqreb,medhhab
gambit,yuen
joshpresdhënëse,geryc
servirni,pushtete
ndryshoheshin,soltanijes
mvishen,kastelamarese
poseduesi,eponimë
araucaria,cirkuitet
zlem,hospistal
plloça,xiiixv
skifterëve,revolyutsionno
arushën,figurinash
bravarëve,karnavali
zahid,pont
xertigny,bovid
fonemike,hidrodinamikës
centriste,feto
valtrex,hakoi
thiladhunmathi,xhemailin
minimumit,tatueshme
fatkeqësisë,kasaragode
pasurojnë,chungho
berntsen,akademieshpalli
inicializuar,tabernakull
bërit,allgemeine
bhimnagar,operatorëve
botushit,fontaines
shquajnë,mitologë
hasjanë,debre
nepomuk,evini
likud,cdsh
semuret,ndoll
turboprop,klasifikohej
ballanik,salinan
hopping,ciccio
brindizit,gjithëdijenia
mirs,manneken
batesit,venetëve
suttan,transformimesh
dalmacis,zëvendësuara
std,terim
çlirues,gjenealogji
tijpasi,gajendra
faziletit,rrafshinash
çete,ngadalëdal
gjthnjë,hepprum
traktativat,vishvanathit
ekonomistëveamerican,shtrengime
dukla,sijarina
ndjehem,nonchalantly
protoilirët,brindizi
austropolake,acth
zhunicë,dieles
protestimet,tsungunjanë
rozhajë,mauryakonkanët
dyshekllëk,jonjeri
arbanska,isenokami
ripërtritshme,distribuim
kantiereve,yti
montcadas,brumetz
quku,hynjore
bugtiensis,fiona
mahnisin,qyqavicës
saldime,otary
enkomie,adeteve
mocarela,instrumentistësh
parfumoseshin,kurohen
venantius,gjakute
trasatlntica,mesiperme
duartrokitjeve,ëndërroj
shëtitjen,dallendyshja
tobolsk,zh
indopersian,korbash
memleketi,heikkit
tarakl,otorinolaringologjise
probst,balhash
zgjim,suprimon
galbadias,cocci
bharthari,distributorit
shtresimi,cerga
ifranë,mtvs
sistres,drexells
khoe,ashkalinjtë
xheni,nëntoksorë
emotivitetit,tirrenica
himnet,distributed
kapeshin,finiqit
beerus,orbitonin
caliph,publicitetin
pitonët,përmbarimit
volajt,shëndetinbukurinë
gigolo,skllaveve
përdorurë,rrëkaj
xhins,antareve
leshshkurtra,nayanmarëve
degezimit,fenollosa
lampnista,ngjeeshur
italy,cosmogony
kombëtarën,djersitjes
valtorin,fushëkuqja
raxhiv,nduarnduart
regiment,sredskasit
kgm,vështirësuan
gefle,rijaseti
rrespektuar,epanalepse
lushjes,lefke
radarin,muftinisë
lamajçipi,biosinjalevei
odl,sapunët
tarragona,rishikojmë
sushi,mafien
terracina,filmatinterneti
hardcover,antibiotikëve
philinnon,mustaqeve
falësh,cartagena
horusin,simferopol
raudin,acanthodiians
igrishtëve,poenave
piuquenes,abbas
përllogaritjeve,charupady
mahallen,monementatl
vexhiroti,kafkash
trashegimisë,jetesor
agreare,katafraktare
sherbetosni,tedit
profesoresh,springs
kationit,shkyqet
simpatizojnë,gardhin
suksesesh,rubrofuscus
historikegjuhësore,imeresit
vnnin,nevojtare
cithara,runtime
despicable,vistër
rizgjidheshin,cergë
pretzel,përpikmëri
kaftan,qëndrorgreqia
umren,antinaziste
ejlem,shinrës
tradjëtar,santit
cocathedral,fremdy
martonën,fllanxhë
rilindjet,restauronin
referuam,mjegullnajën
autogoli,neoprog
periant,lehtësohej
exp,shpëtimtarë
maxim,kendiyo
bugti,konfidencës
kervan,banaras
ohaios,treletër
ekonomistin,mihaliçin
galerive,grooms
bënje,fogacitar
klientet,myftiut
frymarrjes,ishasistent
seancave,mabel
mitrush,sekretim
lsas,urdhëritte
senit,elektrifikimin
aeromotorëve,pallamas
ellvana,pahandi
luhar,rombiksulfuri
citation,manikarna
sperone,prapavijat
paragrafit,bootp
privatizuara,nprizren
noit,ndihmësmjeke
doktrine,coli
sinonit,ndjeku
elektroshokut,mikoaj
progamit,botëhistorike
shakatala,gamilja
federalistë,proteksionistëve
utm,gjadri
piskamë,geminga
hoists,destinim
danaj,kristalizuar
pertej,supozojmë
lejojmë,abdylmexhid
bajrat,rrëmbeshin
bharathiari,shuplakë
detektivit,seppukut
jaqen,gjeravica
luftanitë,palandtbrudermller
njesiti,shqiponjes
haylie,kaplonte
ok,monasticizmi
komentonte,enverin
rrezallë,anomoios
couchsurferët,boxhozit
praën,maliki
maciek,intesitet
kalluto,freitas
katarakti,jiah
talljen,maturia
gërmuq,pulevski
mileva,barca
këmbonjës,arezzo
morini,gastronomia
pijne,discothque
zaklumët,naaman
ostias,shtjelloi
husaj,nënpunës
negri,uçks
kestner,ronës
ulaanbatar,pompeius
tyrelli,padëmshme
hutchence,paformuluar
kërij,shpëlarë
leshtenit,alharbin
kaishekun,gettin
rajputit,puasonit
making,hrielaviville
përgjithëson,greuther
vindekensin,duheshe
thona,fanatics
gzullit,laktik
ganeze,ventricular
pulmonalis,arturit
tesbihë,jovepruese
kryepuntor,ebsteinit
likuidojë,monodramë
odishën,miqte
drenas,komisariatin
ndodhie,kushan
arrethyesit,tregovishta
bogomolov,kontaktojne
sadikin,jgr
manzer,ashurbanipal
dhembur,lundërza
kuksianë,xhandarmari
kkr,shpërdorimet
aleksenit,grupohen
rivendoset,gjurmet
ishshokëve,kadalekalu
mamurasit,shtatzene
zvezde,castres
civitate,ushtarisë
stërvitja,mansuri
ratit,elharunijjat
humburit,ishkonservatorin
qahili,klaseve
miociteve,projectkorea
predizpozicione,vune
neurath,delija
ezhilmalait,blastomeres
taven,epeve
fermere,gradjana
farmakologjia,horemheb
siizmike,predenton
clyde,emiratit
redi,mezolitike
tiles,pazia
sarthe,tranvajat
dabulit,çdolloj
arrakokosit,lorisiformët
istislah,arbëreshja
tabula,atmosfereje
kondensatorit,lauria
gjyqësori,ortografike
franke,teritoriale
romario,internetik
dellideai,claris
dsdoublesided,informatorëve
yajnopavita,femuri
fmn,inhibitorët
prostitucionin,kriteriumeve
kucuk,lepedjevvelickopër
soldati,apostullor
zenebishi,gjehet
lucës,toftir
primeira,alcal
argonne,vendësve
salmonit,kundërpergjigj
tabloje,përshkruajmë
dukatin,mbaç
magill,fulterë
injac,prizmashprizmi
shpresonim,vlladan
nsk,vetëpërshkrues
jaziut,omomyidët
stabiae,izquierdo
xhiuzepe,grabiqarëve
bending,gjysëmqelë
hoxhi,harpisten
zhurin,druidët
zotërime,prezentua
escalante,prene
shosholli,mezhraionci
haraçi,botëkuptimit
karakterishtik,pemishtet
amonrahut,selatan
microsoftit,yorku
tensionime,leinsterit
oaz,akrës
hengsteysee,mekanzimi
darkness,dollin
jodiplomatik,klubesh
zheni,thellesive
kriminalistikës,terini
merxhan,pritshëm
polloshka,reaganit
vokalisationit,përmesoren
zagrebitnga,aplikin
maba,diskrimini
makroelementet,aeternus
decentralizimin,shpehherë
roqueenprovence,sousa
çnjerëzisht,semantik
piramidebaza,hidratuar
transkriptimit,kryeveper
kuranet,komandatët
parken,dhjettë
iistrazimir,gades
reitan,fantastikë
luv,ahengun
cipoja,hexapodëve
morës,mbikëqyren
yen,turreta
hiqini,uerdingen
ngativ,urbanizmit
stunts,matour
njesia,preshët
gioachino,mbisundimit
dobroshtin,takshashila
hautevesnes,veskut
antilop,narodni
endacakëve,kidnapimit
rezervuaret,despina
zotërinë,kësti
perugino,spinaqi
redoni,marksisteleniniste
morishitmal,sillemi
rakan,idole
aryset,kapriçoz
plotesohet,pshtymore
cane,hattusin
dyrr,achutarayas
modelja,leg
gjithashtusi,pluskimit
transplant,inkubatorët
madonën,athamanëve
merkatorit,kanotierën
leptinotarsa,museet
regio,romany
minier,pavarsishtë
konfiskohen,relativitet
kubëza,invalided
zbrasjes,gondii
buckland,huqet
desidiati,saturniurani
edgari,fshv
shperngulen,ludendorffsë
paramithjotët,zotimeve
shinavlash,kiçoja
kajs,schrrer
shantazheve,inkorporon
copton,sanskar
bashkëorganizatore,cost
pashallëqeve,quad
calmo,zagrebin
saidinë,ngushtonte
parizianë,ramu
erna,shijë
zanafila,kriminalistëve
beikta,atherr
lascaris,bergama
ontime,epshit
orovatjet,gjysmëhapësinor
grecia,fondamentalist
gulbenkian,muskuloz
sarri,celebrohet
toyoda,fpkja
bluz,broboniqin
animatore,sabahattin
shëtitorja,kapitalistë
ujoreforma,portokalleve
xhunejd,debojit
intrakraniale,nadine
planetesh,hirplote
gomelez,atodikakte
kasterit,massna
darko,gnr
copëtimit,elcano
dalabhesvaras,kondakçi
korekt,hendeqë
vigo,blekinge
vocalized,angloindiane
goferit,veprimatrin
schmitz,lssl
modulus,ravenhart
gabrieli,korrektimi
mbathur,burrnesha
korteze,visards
sandalet,substrate
yausa,regjisorët
viaggio,urdinov
borinë,valencë
drithërohej,somel
dushko,karakal
brpsh,regjistroheni
joshkencëtarët,atrionyjë
buzukut,çakall
bambusë,shaanxisë
ujjayanit,bredhur
rendomte,pashuku
daimyos,kostumografie
abusimin,vërsnike
violonçelave,lokhart
cassinihugens,semure
teleskopitkamerave,sabelës
verdaguer,too
përfundo,dedollit
kanipakam,taulantit
thumbimit,gjymsematurën
sgjente,pamjën
shinde,keshilluar
kanout,dallueshm
qitën,elsahfiiut
crisler,ndervaresi
letrareve,aritjet
kufijte,shylon
jaisinghu,tromboembolizimi
astit,quartz
ktheje,libiane
labrit,aktualizimin
surfimit,lpg
sylërexhëve,nënfiset
knihy,berlusconi
placenta,premtontese
ganina,mohsit
masta,onhezmi
darts,mendelit
aktivit,talebanëve
shqiptarosuedeze,magike
milchan,sqetullor
llotarite,mineralit
kua,stg
trëndafilin,kërmijt
optimizmi,konsonant
derivime,peshtatshme
disforia,creso
mehqemeja,ravijëzime
sundit,rafizi
delissaville,shfaqësh
etemi,polakja
indetitetin,steeples
olivian,madurait
verethekau,delirio
zhvillohët,komediss
bekr,dobërdol
rrembeheshin,maqiteva
munih,krajkovën
marques,klikimeve
kramerit,nenshtrim
trutë,parfumerisë
paisura,travel
shaktin,rokushikin
verrnez,bolten
mobilizoheshin,sftp
pulovra,gjurmimi
radiotelevizion,taraclia
reggio,amfibë
regbie,tregtisëkushtetbalancuar
certificationrequestinfo,shqiptarizuar
brody,faunit
leonidës,gorëopar
drithërues,delmaticus
tipizuar,palikuqi
alhussain,hakka
maximale,simpatizuesi
pojataxhi,stambollë
replikohen,aerodinamike
mangësish,prototipin
famagusta,pengesën
zardafi,clarencës
horkrust,ilaçesh
montalban,vendorigjinës
mahabharata,bretkosa
secchi,hervart
desami,kitarovajonë
pllakate,tranzistorëve
kabata,ndasia
shqiptime,bankekspres
fgv,senatorin
bougiti,nyorai
emmet,favori
pyeturi,eubesë
masi,pikadecimaledotteddecimal
gbp,allaround
kostospërfitimit,tijlois
pubëertet,galaxiola
padiferencuar,restitutiv
fajdet,ezrës
eunuku,prononcuar
dogmave,konsulte
glutine,alokimin
puyenvelayouest,njeringrënës
selongey,culpeper
qenësishme,taborit
metalec,inspirimi
kantiste,dildokryeministr
mallkuara,mykines
interiore,liljedahl
neonit,sunturie
experimental,frazës
acaruan,auzon
supremacinë,taoismizi
mignot,bernaba
udhëheqësive,bernadien
individualitetit,kllouni
gruadua,dsertines
mësojn,allti
saule,valdoise
subjekta,mejë
adaptohet,mediokër
gjuhësin,peduli
deshmorin,patretshëm
nguliti,ankimit
njëpërdorimëshe,terrorista
congqing,firmosnin
gjallje,archangelsk
sanxhaqe,vepro
lenglej,profilizua
kabine,odaon
driftit,duffy
kasper,skolastikës
këmbyeshëm,orestidës
ovel,butonave
paqetë,inventarët
zoologjisti,vizualizimi
genit,furnizuam
vetmbrojtjen,iberisë
avelinos,opozicion
enzimë,lër
divijak,ge
zhilieta,mussolini
haruni,aramase
financëkontabilitet,vërdallë
melaninës,halifatin
komplementi,ndërkrahinore
deimos,besojeni
suffragiste,dhebardhosh
aspirë,emërimet
transluminale,ripërkushtua
benji,najdan
cannan,marching
realizim,uattenberg
advokimi,sferrkës
tresor,shemsie
prezumime,saraçe
ikja,kardiovaskularet
duchy,bërrylit
rëniet,arstit
kusarifundo,constellations
thithën,shumëfishte
denier,mundime
gropazjarri,janeiros
schlemmer,kurejdha
polipe,goujian
jaime,apartamentet
pushkatohen,lumo
tesothet,shpallnin
pocerie,finkle
servas,transferoheshin
sudentë,kokodën
zapavali,kumore
rrethanash,elektromekanik
secte,paleste
osetinë,shirky
ovett,kremlinin
abram,indoeuropianist
shkombëtarizimit,baçpapaj
darya,aetolkolina
arathënien,grykësit
dizajnuesit,kakistocracia
fresnesentardenois,regjencë
grossau,kamionçinave
sharqiyah,informativepublicistike
dimi,prosopografik
raumur,srkzyt
korupuni,zirclani
jockey,kacavarje
automakinacion,murasele
sbahn,palasë
thirrte,auroreal
paradhoma,huehnergard
crne,rinoplastika
bokenkamp,tajlandën
rogachevskit,escp
nëndialektin,dulla
derivuara,mitsuishi
lavrimin,biologjikshkëmbinjë
brashtë,ferik
daisy,pneumokokeve
bargjinëve,imperinë
leran,severson
lirikave,dogaia
japonishtja,shehirqoj
plastamas,hedhte
parataktike,përçdoherë
sedrikut,benefite
chartin,cediya
castriota,naviguese
costumi,dashamiresi
avempace,gegninë
deane,dubait
ethics,kremën
trepalësh,kafeine
searles,paligjshmëria
pronjatë,relieviujratklima
sekondasharrin,ndëretnike
husarëvet,scar
augeun,sclavina
danish,esesë
mendjemadhe,riprodhime
qershorshtator,brakte
bizet,fancesk
tipikja,vendimmarrjen
transkriptime,gibbonët
krahasuesemund,ciklik
rhodophyta,tezes
caricom,bashkëautorizuar
henley,livelit
postcolonial,rendësin
nuff,petka
shëlbimi,lunds
paqartësinë,stërmadh
strahovsk,solucionit
qeshim,rosick
annamalai,shërbesën
petrografi,vleresojne
kërkuesin,dezertor
sofali,derdhjet
ugljea,comitato
qeshte,kentakin
pramenkës,budenz
përmbytjen,xhaxhja
matrënga,figurinat
kryekomandantëve,skopijskiego
farfan,radiodramat
paragjyqësor,abasidë
beratitkisha,zahl
dyshimit,niçpur
haxherja,shpetim
zhvillimor,sapoardhurve
plasuan,bhp
bellit,xhiroja
xhiakomo,kllap
haxhinasto,ahlersbach
manikerinë,httpenglish
copëzoi,allium
shëndetësësië,ibrahimoviçin
lirohej,suezir
dieci,vërshon
hmlinen,kurai
raportuesi,kassai
moderniteti,dastardly
koskoçi,ketogjene
tradhetarin,rozdecit
lignidos,kartonave
dzidrovi,dyraunde
chansons,ndr
trashëgimixhamia,llakatund
beg,methotrexat
kurent,kirinji
shyanzong,kastellobreata
annihilated,svirrcenne
karaxhiqi,ulëtanë
mongrassano,aerostrukturave
milosheviqit,bronxet
suryavarmani,trunore
daftari,intendenti
dentistrie,proçedurën
asirianëve,recitate
shpallim,ngadhnjyes
bërthamësë,ndëruar
plotesuese,tkat
mposhtura,arrapët
segalen,tribushë
konfirmuese,distributorësh
rjazan,dikushë
aftsit,plakëzat
kontejnerëve,implementoi
mullit,padmavathi
zeqaiun,shtrue
parqiten,petreti
ljosha,tifën
sursuvul,nataraxhas
nerd,përgaditjes
ekspozimeve,babis
vert,tmerroheshim
mehershme,dedikohej
krepis,dizejnuar
bujtine,qerosa
sivachariari,hackerin
shanjtë,null
raccoons,bloch
superg,mystics
rimorr,dunk
kolanës,abott
suljotë,eksploatoj
komercializim,dodit
pohuese,hepaticus
orhanit,shifrimit
fiziologjikisht,demonstrative
realizue,shqipmbi
bashkëçvepruar,hoesch
bells,poundit
gurvernator,bonna
etosi,pranova
pankajavallit,dëshmues
ndalni,hjekjën
karbalayi,eddy
adanaspori,lantmanna
bruckner,punera
buraku,normanin
sinodike,rën
uap,damsorët
department,kaurdisen
keitaron,langdonit
elstikë,mattematikani
srednjobalkanska,endokardit
silesi,ombo
pashallëqet,nursicpersica
marsuinët,pandemie
strehëve,maiman
karajës,rrezikimi
kadifes,jsass
shtrëngime,shtresim
plaza,shembja
tymphe,cekën
interregnum,alekandër
urtimoritai,reugny
patinatorëve,pergamena
yamauchi,bashkëfshataret
onkologjisë,limfës
tenderly,rënesansës
shpetimi,ushtarakopolicore
oskiacidi,itaquera
tatrat,mbretë
satyavrata,sockets
natively,babunë
kudepasiri,naçaçibi
glukuronik,ngurt
zyrtarsiht,peneut
boshki,amalienberg
louv,plumly
punësonin,retheve
narasimharit,nëntëdhjetëvjeçar
nerodimja,diversifikimit
zhuanin,hl
siçilinë,komentar
kërkuari,alhyseni
penates,tmkja
përmbylljen,cyr
udhtimit,proceedings
folmes,karboksihemoglobinës
koncentrohet,rroj
kryeje,shiquarat
ndërmjetësuesi,panasonic
nabataean,qeramikën
gangat,liaodong
vojtch,giron
kaçanikas,përzen
goeppert,liana
focused,lëvizura
njëtjë,kompromentuara
perkthejn,bebja
ilirit,dekori
arritshmëria,marik
montgobert,chylous
barbu,radanova
nazistë,tollko
esami,kolektivitetit
badoc,otrfrymëzuar
hanxhari,saintnon
roccasecca,rosell
famemadhe,basorelievet
vickary,fotodiodës
daus,availableshtë
hamasaki,unspeakably
vecanërisht,jodemokratik
verbëta,antroposofistë
kryeneç,recitale
paralajmëronte,audubon
arkëtuara,udhëtojne
zeinep,piratit
koordinatën,saleh
shqipëris,abdullai
jovetë,monkey
shikuari,santsima
profesoreve,procedohej
vetëarsimohen,kryearkitekt
guapor,hicks
përlëshorja,shkretimi
socialisme,dhëshmitar
parashihnin,campidoglio
mecklenburgas,empolin
kumtim,eksponojë
çome,ichthyoconodon
tarikën,ngatërruari
posi,vetor
marksët,maskoi
grabitëse,lalish
sadikallarët,ekstraktit
seinen,karlingut
khrophu,amshuehsëm
katelyn,cerver
bazon,këpucar
fatvas,strallit
key,mënjanohet
keying,ruso
vuki,qiri
robbie,rincon
antilope,symbolae
manifestuesit,plioceni
pasqyrohej,lëngon
vrigëllojnë,saraguziane
klei,kodia
dnb,neven
karnavalit,kohetool
funskionit,fatalist
rrëmuja,singaporean
durgën,senegali
neverland,parcyettigny
radiojunikut,filmotekat
nurnbergut,dualen
bosnien,emadhe
karpatian,vendndalje
jerl,kaniff
përqeshi,yadonoki
barnatore,shëngjon
steblevë,seyit
gmeiner,pakësuan
todia,serbocroatian
lanselotin,deportimit
ujëdhesë,seleços
chaovin,stanari
menasci,anulimi
centralizimin,nullahu
këlcyres,arsimoreedukative
blackish,mitura
turgau,deinonychus
salzburgut,fevziut
loken,herisfronit
angjeli,vendbanimtë
bakllavanë,panterat
nafile,kaukazianët
fueled,papuçiu
hekard,perfunduara
përshtasnin,bohemian
athamanisë,amazona
persishtin,leotar
smiltene,steriliteti
veçantveçmas,debatohen
married,dasinanling
teenagers,mospërfillje
gjenealogjive,kinematografie
pga,shkurorëzuan
përshpejtoni,estle
reinterpretation,xërxë
nuhase,seneffe
pluricentrike,antarktidë
kucovës,njohurinë
brakstisën,gornoaltaysk
hotla,balurghat
keynesianism,bogës
distributimit,shembujve
agents,lorientsud
kalldram,arthasastra
begolliështë,matthian
grevistëve,macedoine
mandatojnë,hudhrës
megapentit,toks
kafshërore,yzengjia
ictineo,izber
konvenuar,hargjimet
titutllin,ptaktikë
ujera,sinapi
bleni,odesë
alaeusme,honorare
fundacionin,ladorishta
nef,alexei
ukiyoe,rimbushur
kalpaks,termodinamika
autoritarizëm,turque
ift,emiton
konteksi,hacking
khatab,volfsburg
frizat,shperthimin
eps,plcido
cilësiejetës,songzanganbu
vivizeksionit,mcclures
depaltsa,botticellit
mitingun,mësue
mborjes,kacafyt
lenarcissegoodfellas,ndërmtimit
kolumbusi,lokali
hysit,mazza
amteriale,biblia
callampas,eliptik
grajqevci,çekosllovaku
vetmie,pasagjereve
serbekroatesllovene,ymerin
salernes,bishtëzat
luga,bogomile
folezues,poetet
endorphina,rekindled
ovacione,respodente
rvolution,misesit
eburke,ziametet
evlia,norvegjezëve
icij,fjalëformë
xhefi,dangëlllisë
davenport,zamora
pensionistëve,rrebel
karibit,veneto
tenavarait,shmangeshin
kartel,vetëevidente
ishi,milloshit
vuno,temime
sardi,ahmedianëve
numantia,iacobaeus
përgjegjshmëri,eksponenti
terrakota,bkanalet
pinjoll,filtera
comt,rusokomuniste
turkmenët,korespondencat
konstitucion,kordopulov
kinestetikë,puasoni
shpërbërje,arubathimooval
vjedhësit,tkurrshme
velianas,fitilat
klausius,zotëruara
bhel,gjeravicës
fëmijerisë,processes
meshkujfemra,pasteleve
formular,irracionalitetin
trashëgues,melankoli
ajaccio,silic
përgatitë,corgi
tees,dede
datacenter,tensori
tophana,hiroito
viroma,arbeitslosen
epitafet,gjeresite
shtazës,emrinemrat
aristionit,sprovë
civetësh,dublanit
jepuni,mushkolaj
palmachut,hypersensitivity
nëntat,anarobie
përshëmbull,mbështete
mandirit,izotopi
lapor,shmbull
realizuor,trupon
gjenerues,pionerë
coceneti,sistemike
veithin,thjeshtoi
bilushë,kercenimin
zgavrore,llambadarë
kopiloviçe,bistri
ndërgjegjshmëria,fdines
birger,njëtat
nusës,lecces
ngjyrosje,junctional
qenëse,snlqiunninni
softëarein,dragashdraga
hinchinbrook,procesverbaleve
pavullnetshëm,trillimit
paraushtarakëve,novelli
onufer,jetësimi
bizon,lartepërmendur
kondensatorëve,letersinë
çfaqet,krljuar
zotriut,thirthankaras
seljuk,racked
administruan,retushin
zottarella,çortonte
interesuarve,gjenomin
saultlsrethel,përdredhej
pakonsumueshme,macyit
marieanne,ronadinhon
ripsime,sudhavalli
shpërbashkohet,cungojë
trimalëvduese,reminishent
glomerulë,shërbenë
pendimin,aktivietit
joo,faturën
ndenjën,kontëve
vaisakhas,plomer
tanzot,quangel
mesila,grabos
binturongu,frymëzohej
notidhi,fushoi
montreux,patronët
chevrolet,transmentohen
personifikimet,eunuk
patologjitë,marole
marshuan,nirenberg
stevenson,frazat
banueshëm,batushën
deepak,esaun
allkja,pacino
kalorëve,aisa
raina,gianova
taitsh,gutrie
kremer,famulltar
milvianit,stipe
drejaj,lamata
gërçarve,madhir
lumorë,nanën
creu,seleni
pozonin,mirushes
bjugge,militum
juniors,kruzos
therrte,ugi
bourgsaintmaurice,motmotit
bernazzani,jeme
kuzguncuk,bajzë
proturke,matsuo
shumefunksional,nilusi
arcs,memorryqe
janargusht,onte
paketuara,zanatcinj
sqepar,nail
moldavi,reichling
ikurit,zarokut
damico,alices
mbesi,loloja
ibnulkemal,orkestre
habitatesh,dirty
pakënaqshme,sapienza
skulptorësh,shpatijet
edisonit,mbanesh
augustin,inokulumit
sprovues,eufemizem
konstanca,njëjësor
kuadrant,argjendët
interpertimi,neonazistëve
ofertash,elmyzzemmil
rrokulliset,histeri
vendimmarrje,gjinekologes
thjeshtësise,adsë
rrafshnalte,djalliste
citimet,ppp
bunge,danmarksserien
orgjinalitetin,pandjeshëm
antizogiste,hetemi
hanife,atonike
hiparku,herrera
huet,diskursi
cepranon,muarren
kuvendesh,evropianetegjyptianet
paraqites,sajuari
blyth,melsi
poprrok,gjatëeared
jerrygrushte,dominohen
gjërsa,pikërsihtë
zhujë,dellarientos
bashkesite,agesilaun
trios,jurdistan
galvanik,shintoizmi
sasise,shumëfunksionëshe
amirit,vraninës
demosteni,izgovarajet
marcuse,këndejme
stervit,strazhnice
dhimitraq,karjera
proofs,eukariotet
valserres,chungsok
mallick,duje
mme,mobilimin
arno,gerrard
premiato,tahsinit
medllin,mushkës
small,proconsularis
bases,ferre
rrjeshtimi,grange
polacit,optometri
gëlltiten,principatave
vernakular,outcasts
kopjeve,falmerajerit
kokëpatatja,kosumi
hassle,gjysmëperëndi
akadian,ostberg
henryk,kontaktuan
feliformë,donau
kolonade,mesfushorët
albemarle,veryjug
advenimiento,zuun
andia,fmijve
grandprix,rodenit
kho,thickest
lnder,relacoinet
nëkuptohet,hanifa
draftrezolutat,pagasaen
stançiq,ralla
largojmë,ndezte
hueja,alkil
sinkronizon,juntën
dorështrënguar,varoshin
fulminant,tutore
katëri,emëri
raghoba,borodinos
charette,ananlyses
magjistroj,studimevekërkimore
scorpions,modernizuara
nikolll,flunitrazepam
rimerrej,span
gërçanjë,danja
dosjes,përsosja
kroin,hajati
ordinanca,ishkooperativave
profetizuar,motobarkës
rieu,virgjërinë
gjithseciles,trazinrave
regjisurës,bisnese
fudboll,ticino
budair,touligny
vinayakave,albanologë
kercell,mendjemprehta
ndihmëssekretare,bohatsu
materazzit,httpmurderpedia
degjeneruar,kuiperit
letërkëmbime,part
koksit,skemi
ishpjestarë,pards
ruejnë,hiroshimës
kryetae,ndjeja
bersi,plagësh
indyrnat,mnzer
morbilit,alinea
helikopterin,joloans
majacë,vaz
afirmua,kalojeni
riorganizuar,kryengritsvë
madhështon,feistelit
verkligt,zuboff
kronikal,qendroje
isaije,shkeljeje
kaurava,buqësi
qëndrat,osc
zeqai,fusionohen
transoqeanika,krosimet
guelli,chung
hanoveriane,alela
enceladus,alchajmer
gjenialitetin,pero
protonema,vetëshpalluri
çairit,embel
harunit,dukakinolu
biblotekat,stagnim
sfungjerbobin,tejkalojnim
nënvlerësohet,barnard
politikoadministrative,dheme
qebdren,odt
idiotin,hetvgg
austroprusiane,nhjohur
platitera,konstantiane
hc,limi
montferratit,llabro
vuvo,plepit
glutines,plasohet
zelle,instrumeteve
boksierit,arramadhe
hotta,politikoshoqëror
jiabao,mormonism
shkurorëzua,ehrenberg
portretmonografi,ripyllëzuan
pribram,preciz
iram,ingranazhit
veizit,riformimit
kazakët,prapackë
scandiccit,rjedhat
feraes,skanuar
bontade,canal
betanet,soulbury
penço,xhaviti
skedar,lucgjonaj
gjahtarësh,plakja
kadia,antonov
stalinian,alketën
francinën,jepje
frymëzohen,fisher
mihaly,serenser
incizivet,profilizuar
endometrin,përmisohej
movimento,cooperativa
kërcënua,skizmatike
void,armanek
melodine,dalmatine
xhirgas,shenime
mgkg,njesohet
kreontit,dravidët
berenberg,frststenturm
thekër,borisov
fashikuj,sigurmit
qatip,saintesvresurindre
mestan,unikomb
afish,zbitje
exposition,falenderoj
luhatur,iaijutsu
kumbullës,deulas
vëzhgojmë,kengetari
tamatebako,pikëlloi
tarantula,rajmondit
zethanja,negativit
mahitë,derxor
nismave,milionshe
santander,villefranchedalbigeois
filluaar,totosh
humbasim,iliridë
ëax,mully
prapambetja,gurudvarë
brda,isabelian
gamile,meliqbravë
trageti,organizatorë
murgore,haku
desara,prezervativëve
godavarit,firmëtarin
bipeded,fruktoza
saxh,kulluara
nxemja,kuptojn
diplomatic,penhit
diturak,depërtosh
mërzita,leskovë
murrashin,tërëssiht
ekstremistëve,shoqta
bloodd,simptome
maphd,gherzi
ndihmohej,zër
sauditët,brossainc
amendola,mesterfokozat
fidanishtja,jodravidian
flapper,marieantoinette
juvecaserta,tetëvjeçares
përdyjavshëm,alazeri
lirëve,frojdiane
piritou,shkoqiten
apokrife,përqendroni
ipeshkvinjeve,kalo
qytetete,penana
deputetëveve,filizin
aparateve,planimetrinë
beringit,kurganët
tjerrjen,charanapaduka
adminstrativ,konfucit
mae,prqndrohet
bytyç,sakramentet
sartne,iriqi
vertical,japonezamerikan
territoresh,lourouxdebouble
jubileve,kontraktimin
ingemar,rentës
përputhës,kantei
vorreve,yamas
diaconescu,drenasitishgllogocit
kurumatani,përbajtie
grabovnica,bizantinokristian
privoheshin,potas
interpretohej,senicë
asr,taskbari
kamën,mantova
azkabani,sampsonta
vjene,trapiantuar
indicjet,resnjari
ardhmëri,hipermetropia
madheshtore,serumi
fjalëtrrënjë,birën
soesë,keshill
kairoseki,prikë
dietologu,fizikanë
voljeboll,drosofilllës
përfaqësuesvevorioepirot,birësohet
prapmë,verejtur
molon,padatuar
therrë,përfituara
leuparz,pedopsikiatë
degas,hilger
besito,torcy
alisha,xhokën
florenca,abdesit
rakunat,gustor
drurezuar,filantropiste
epimeteu,kompetentëve
zotimit,tarihu
elozh,magnetizuar
alegorisë,izraelitojordanez
pubertalit,rublash
tsikhanouskaya,meguredit
fertilizon,konteksin
papuosë,tapi
shiripuno,atl
kuke,shkencoreteknologjike
tyrei,fjalëkëmbimi
vron,përcaktojn
laca,fantaziste
rankoviqi,carbone
jashtëmpolitik,papërdorshme
rrugëkalime,moderneditës
fshmnsë,detekton
fizret,izolohej
bashkveprimi,barnu
imambajalldi,bishtëzave
turizmini,gjylekarit
lingami,budallait
qytetfantazmë,vishinj
gjednja,haremlleku
vithisure,sensibilizuan
pregatitjeve,kyen
vokalinstrumental,shëndetlig
qindarkat,nattvardsbarnenfëmijë
dasaretia,ngushton
propozues,franciscus
kyçim,archon
mpirjeje,herald
kolumbium,bajga
boixos,kthyeshme
konsultohet,qershigla
rskbing,kodimi
pagëzuat,kaplojnë
dueling,galifianakis
ist,guillop
esshte,seeberg
flitët,kripërash
endodermes,kontrollojme
stromae,gurrën
mësymjes,militarët
tahogjeneratorët,korëve
pamase,dyt
vogezet,katërkolla
parashutistet,ajrinë
telefonica,loose
pamurit,hamalloin
epigrafist,balkankar
memorizimit,irinës
kalorive,konfidencë
shenroni,unidirekcionale
krushës,argolis
kembëtar,ebani
pjerresi,nistor
kolegjiale,blackcock
qënieve,krushku
folkorin,skërficësfushëbardhëzhulatgolem
furnizmit,fak
dukateve,hajrijes
shkarpa,brankovi
vogëlushët,dorasi
arritshëm,gjendeni
eradicates,uras
keqësuara,bogorodica
shkollësnxënësit,reagojnë
ajasma,vetedijsimi
kotani,thërrmijat
astrologun,percaktoin
reresi,buxtorfin
toursit,fajtorin
parakalimin,solonën
ny,angazhohemi
pdn,përgjithnjë
uzinën,kimikëe
nekrologjia,tlyn
ataturkun,ndyryshuar
vjeshtn,legalizimet
trejëndëshve,rreren
shliman,vendburimet
hashashit,gonchar
registruara,miele
mannsë,kruspull
edukantëve,shënova
gopalji,udv
shkreta,vetefikasitetin
flishore,vajtën
kamionëve,belogradchik
vision,mikopagi
seine,tillnes
prilepit,shahun
kirurgjikal,radat
polje,gazepit
irven,albatros
indonezët,ziguratit
angaur,paciorek
burckhardt,heterogjenitetin
nandivarman,nakula
unës,falakr
madhërishmen,shqytim
liberalkonservator,insulin
karbohidrati,malësie
kucoves,montanee
shopingun,eurion
mitropolitit,avancojnë
prokonsullët,chalukyahoysala
krijolizimit,riomsmontagnes
nuraminidaza,shpopullimi
gazprom,kuntisuyu
lulës,mesopotami
rashidit,dalmatica
campolongo,parakolombiane
rogë,somaleze
transfomimi,destinuese
hidhësia,ekspozonte
albanistëve,jaal
rrethonin,murakumo
mazrrek,atikes
kombinacioneve,tvsë
chuttuambalami,vrasësish
bashksive,avogadroja
katerines,manifesto
korrozive,bellinit
khoryv,katedër
nhpve,shirakian
frashri,cadalen
këshillime,gumure
padeshiruar,dëmtoj
psikologet,paralistë
rinxjerrjen,binbashi
superfijes,shpinëgjelbër
refluksit,fetus
sinkronizonin,gojedhena
pozites,corgan
odisenë,stiliponit
herceg,sopor
cooker,gjykuese
mbikëqyrin,dusharit
deftereve,oldenburgosnabrck
aereal,zemrimin
virusët,lishuar
përgjegjësat,ponegliff
paqëndueshmi,hidrocentralin
niseshtese,vucerake
mahi,tarare
fondacione,ështënjë
tajani,kapërcei
dendësimi,spartakasë
shanti,kettering
pacifiste,fyerjeve
konkludimmadhësitë,ndihemi
tepelenën,leshuan
saintclmentarnes,shtegtuesi
parafermentor,stephenson
shktokavisht,amatuni
xhebraill,qet
fuballverein,marëdhënien
millin,tulipanët
gaur,diametralisht
lokomotivat,profetik
toulemonde,smm
disenjimin,induse
croire,biogjeografike
reduktimet,papagjoni
nandimantapat,lasker
ericemanuel,oncall
konsultoheni,rimarrte
kempesi,seksor
shfarosja,bruklin
zeshkane,narcizin
daugava,deshifrimi
niniginomikoto,drakonian
araki,svatonjovice
kortre,euklidiane
ekranitose,cemenelum
tomoe,konaket
variyarët,mëkatesh
pridzi,forsbacka
tishtrya,sarp
aballar,shasta
mathetics,mehmedin
peshtjellave,cepit
sandton,arsimëtar
forces,akcent
ngjashëmarbroi,stam
froidit,gazmendin
procopi,osama
nominativ,ishqarqet
balancuan,osmanoruse
përsëritjet,ngjashmet
gojëtarinë,kujdesëshme
sprachbundin,studenta
alternativa,hagedorn
grimolld,emërues
konkurrentit,detyoi
mikroalgave,fundosin
parvaz,comic
xhirohet,fotosferike
scotty,geojade
dosazhi,gjysmake
laq,paspartunë
shohmi,shpenzohet
bashkëshkroi,xhoziane
përforconte,ridendo
çoni,fovo
phobos,univesitetin
ortopedisë,kokasit
perlave,manifestohej
transliterim,çorganizuara
irritohet,vishnavit
gyldenlvegade,urryeshëm
odhisea,enigmave
leci,ribara
simn,krajën
pozitivizëm,anojevei
mainit,petsch
kurdoturk,shkozë
intracellularisht,zstipe
eudemiane,limito
insightful,nord
moshësradikalizimi,dokumentaconin
krypimeh,mushnikovë
tiranas,konsistente
shtegkalim,penel
rrafsha,informatorë
figeacouest,veneziane
boriçit,ngjyrimin
diminutivi,dhulhixhes
siffinit,fëmit
mita,lokalit
surreale,protofashiste
iliadën,negustorului
sahlqvist,bergomasque
lovastatinës,residual
vorës,kazakistani
cimentoja,koçiu
ilhami,synoj
hajvalia,vranisht
perftohet,deifobi
dukeu,bitolës
mamechiho,stimulohen
hbe,huxley
çoçaj,pedalues
mjeshtëror,tiganë
magjistrojë,kryedrejtorinë
pekomeri,agjencionet
karmeilitanëve,undecided
gaozong,polluzhen
autencitetin,funditpor
jolineare,kundërsulmoj
kumune,xanetp
elektrodistribucionin,jehudi
fonderitë,çokoleja
grimin,stepë
venture,gjermanikë
essixhistani,mbikqyren
destiny,shilinga
akrsë,reimann
prshkueshmris,alqalaa
picarin,stërnacin
implikonte,fletushkën
fletaksioneve,orvateilt
bedinjë,filminvdis
paralizuan,qeroses
ngonstans,teormë
gjysëmzotave,demeni
perbindeshit,plancorëve
durrah,leno
ghadir,shamshiadad
kajmekamllëku,zabaleta
gjëkundi,harixhitëve
babjeni,kërniqi
sipëror,peshkarexhet
lidhni,lezhënishselanik
paristanbul,aini
dalpage,xhveshur
fushëveprimin,meteoni
zbatuemit,naffz
përcjellshmërive,metalikë
mauryane,ruhmkorff
mousehole,gramoz
bodleian,numerals
kalimtar,mbeshet
pikenisëse,shumes
biblën,sfilata
kçksë,eftas
konstruktohen,këmbësoret
hand,gundhelm
ob,lei
montrond,kështellave
etruskë,ushqyen
kthinës,hiraga
trakeal,niqabin
cimabue,masaçusetsi
keplerit,arumugarit
reportazhin,bazilit
asja,përkufizuara
komnenos,isshiki
preçizion,cis
bratoshi,sekrecion
viskozitetiof,novotatar
sinhaleze,pataliputrës
chunks,çorapet
holyoke,shqipton
ovet,piq
rrethuesit,miseterioze
avuevi,polib
prodemokratë,psalën
gaba,hauptmann
motorbullit,asthamit
shenjëzuar,ayas
dypolare,maud
galadriel,kastanë
hihra,elon
regence,juventud
unita,fshikë
kalorsiake,shtërngohet
mbivarrore,perhapura
motel,monetary
fassino,qartësisë
agrarijve,reporterët
finalizimit,seligman
modeluese,joji
ishtogeri,fshehja
lesbos,aparastesh
ndërprera,terrin
punësh,mozaikëve
ushton,agimet
pikëtisht,ruheni
olimpics,përzgjedhin
varibobin,islamofobëve
pavarësise,eisen
konkretiste,holivud
halfblood,literatury
kallamatë,kryekomisioner
paimagjinueshme,poezimos
arturos,logoreci
shuguronin,gjermanigjerë
varrosim,jankov
vincennesouest,atllase
balene,dulva
asfiksi,ndërsjellta
aplifikuar,byjyk
paneva,keleut
mosplotësimit,schoolhouse
hemostazës,ndërtuam
pantenoni,ndryshueshmëria
tafa,shilabhadra
tenavaramin,atenit
duneku,gjormit
qindja,nacionaitetit
mesopotamia,kryerecensent
shofim,halikut
përshtatshëmsepse,demografise
iluzione,bluetooth
dafnia,dredhie
prinsepit,sherrë
bjelopavlii,anëtarësuan
efik,champignysurmarneouest
recording,indri
gjysmave,allergen
nogosavlë,tallmudin
telephone,sherifit
ngjiska,zoroastriane
domethënësi,telenor
ndoth,enkom
lutherans,bagdadin
olayinka,leap
dardanomaqedone,toppfotball
rabati,pamps
idio,kryeveqilharxhin
vissi,pangolinëve
kuize,shreyansa
radioaktiviteti,punpun
vishvanath,cambell
mykonosit,drenicën
përpost,yayinlari
breshërit,prodhmin
nëndot,volyn
evidentohej,rembrandtit
harrier,likmetë
lunar,polikseni
dikue,rrezatimin
feist,mohammedmian
unifikues,mbështeturit
autologe,meremetonin
baueri,kthjellimit
shkencetare,querulous
zbukurohej,claksville
kantierin,zacharian
kumteve,indo
elmaalik,fushëarës
lajtmotivi,mikotik
evmoiro,marrëstransmetues
deshmojne,ravenës
florkinolone,angus
narses,baysal
ekspozite,sayman
mizuki,kamilo
qëroni,depozitua
kordonët,legalizuara
rrobaqepëse,mbrojtuar
zvarranikëve,lalbanie
gllavicen,pashalluk
abstarakt,merinosin
valamare,cenueshmërinë
currado,samskrita
peshtanit,pëdorë
gjysëmprofesionit,nzanë
caball,neti
pseudobarbotine,esë
sfungjerihidra,alphabet
beaunesud,fma
dembel,tlumtë
amrikën,kolesjan
merqi,berbole
algonquianfolëse,çmbetej
tabkat,zumsteeg
paramixovirusve,vizualja
kapelash,trepërmasore
reaktivit,vetedijen
nosei,kënaqjes
idroscalo,zzap
qafesh,motorized
ndergjegjen,shefes
tishte,altes
mangan,freskimi
probabiliste,talab
inflamacioni,zaimina
sipërmarrjeje,uv
arnt,gootë
mesozoik,frankfurtjane
ujitëse,udbash
shafat,chaumontnord
delvinesbatalion,patitulluara
sandviken,espelette
operohet,chiachi
automobiles,furman
gripin,vertësi
mermerizuara,krkimin
hegelianët,lidhse
touati,rregullatorit
operacineve,hapësiren
tiruvadirain,kangjella
reflektoheshin,miricës
suv,litochoro
çarixhitë,massimo
prokariotët,roadkill
hasitshokut,alchemica
manjani,catey
seminary,reje
portokoll,siddhin
biotop,ndeshtë
uraga,galindo
lymishte,lejedrejtimi
tijxhorxhai,uvac
rivelazioni,rezonancë
peshkëpisë,rraklli
parindërprerjen,saibot
kundërgrimcat,peinture
kaonët,narcan
përshtypjelënëse,soketit
thërriti,chercheur
slveni,planetë
tioguanina,lepanto
negosavlë,cumhuriyet
kursant,drojtur
levan,lungtsi
psikofizikës,bonney
perceptojë,shihtzus
soulainesdhuys,muzikalë
litarekavofije,salonitanus
glires,llozhe
zinoni,dijshmit
chenevex,omnidirectional
kaitbej,moskëbaku
haidelberg,regolieri
poltavës,velija
mbathurave,pushimore
martirin,khajuraho
arrinet,atahualpan
jeseninit,interesantja
conceptions,mccandless
sakonin,yaching
rikuperon,yuko
rishi,shënkoll
riformësojë,tourist
sich,finalistin
mreterine,përmallur
ngurosur,komercializonte
rajasekhara,hovrtt
nihalin,thtjani
bjesë,pengjeve
edukuara,impinguese
riorganizimet,allegheny
komplikuarme,qizimei
darinit,jj
goan,markezen
naftna,jakshiq
dajç,prahalada
mushkonjës,kundërshtisë
gergoc,jurong
laholli,selajdin
goranët,superfuqishëm
girleight,poziten
nëntropikale,chauhatta
ekzistent,aritmia
ferrimagnetike,idrizaj
merkure,lehartara
kandava,eremitë
skatinë,monadave
acerra,erysha
kalsoyarfjrur,tourette
pritura,birkbeck
adendet,ndihmësish
dummett,radionuklidit
nënvizoi,vandalia
israeljani,amadeus
oborrtare,stërvitëse
vlastelina,hsdpa
mohrmann,rregjisori
arbri,mikdonëve
tasteve,camajt
qorrolli,kiki
qeleposhi,imponoj
norimura,baseli
cell,nazanin
shabaj,citti
lauderdale,lisenko
shamash,analet
shtatzëne,gribusova
balerinave,merkan
vinarc,garnizë
planes,anakronizave
vëllimore,dabo
spartes,mesjanitetin
dragë,lugduni
miceli,ganimedit
northice,soas
pikësëpari,shopenhaurit
politikëbërëse,dispozitiv
rica,qelebija
killing,hagopian
njehsohet,rrenxe
ozzymandias,vargmal
katolikizmi,resurs
rrefyerit,kalle
eoriented,haruichi
trkay,shpenzua
fletv,kotono
rastesi,venizeliste
vetërealizuar,petter
përformances,tutanhamun
protestua,gjithësejt
tilacini,dietologe
olbersi,nyejve
pijshhem,suitës
togave,trotuar
projektiv,kitën
stoljea,pampering
sindhi,ninati
reninëangjiotensinë,përseritet
cornish,përallë
akejt,socit
arinjsh,magahari
toichi,delle
desit,headtilt
latino,steinem
metastazë,eobtaio
proclusi,sesionet
verflschte,dhuntitë
kokoschkan,martinën
kashchid,sllavet
kanakari,krejte
shfrenuara,vallsj
agjenda,eumenidet
ridrejtuesi,arbanë
landry,cete
kratulit,vendimmarrësi
tarrant,kthetërvogël
reduktuan,protoshqiptare
referenti,adversus
nagkuar,përfaqësohest
pasojash,eterit
arterien,terëzë
kositur,koritë
muhurri,golkar
vorrit,mitsukejima
ceremonin,atopik
shqiptarëveshkup,panin
chaurashikroshi,xfiles
sias,rebellion
intelegjencë,germainit
dickie,permbajn
perfitonin,saks
letrarizuar,revolucionarizua
financiarë,skok
mirinformuar,kontinual
peloponezasit,kryerolin
kozak,barrikada
venonat,islanidshtja
satsuma,inneggiamo
kompozoj,ngjshme
gjokaky,marionetë
huniadit,pavilione
cerkovinë,tefsirin
lescale,pashkës
rossellin,akullorja
restorantesh,portopalermo
lavdrim,përmbledhi
mafian,anulueshme
kensei,puysieux
dhomësh,poshtërimi
svastikë,bardhëkuqbardhë
kausala,kompleti
redaktorja,mullinjve
kumbh,kulpra
amyntasit,kolosin
kompiluara,balneoterapisë
rusise,kjustendil
brezëmbrek,investojnë
mirabilis,libonikut
neptunit,aplikmit
cullake,racelin
delegacioinit,furudate
faust,bae
shijoni,berserker
lazrin,conversations
stradiotëve,herpes
teorikopedagogjik,rakshasës
kompresojnë,mbeshteteshin
redburn,prijen
likë,kostiq
transportueshme,introvert
levende,udhëzohet
shurbani,tradhëtise
sinjalizuesin,cava
marrdhenieve,voipvoice
placentals,rrushk
bucheggberg,rallyroad
osirisi,cop
tartusë,kozmetik
mbitokësor,potit
joyful,amfiarajës
tariffs,shehid
xalam,hethiten
mormon,grammatologia
kushërinj,theofan
lasik,ndryshoren
dunat,tarsusit
shembullsenat,presupozonte
appmaker,bette
luajtuar,jehuan
bastideclairence,useini
bagërdani,dango
tempin,bormann
ishshefin,badenoch
konkurim,dufuas
puchko,kozare
tagebuch,herakleiosi
judina,mikrorobotet
method,otomaniqa
blundecral,filuar
careca,procesinmësimor
romanogjermanike,vendbaimi
bothienin,pashkut
islets,kanatesh
salari,grav
ballkone,lughnasadh
danzaaterballeto,sackvillebir
shtunës,klonalë
përsëritëse,prospero
pasurohet,vendorigjinën
maripasoula,mikrobiologjik
toskërisë,ritsuko
hixhabin,delavan
armenin,lavaman
mortaj,casit
ketëj,varge
shkodranët,caelius
trabeacionin,tempus
tinëzisht,mesoamerika
pianot,muniba
nonviolence,sterbottens
sekine,orson
makakës,aero
emerita,pediatërit
interdomeni,historical
labours,gënjeshtrës
kaustik,mikes
kahut,tragetuar
tabatabai,saintgermainduteil
skllevërish,meteorik
cika,instinktit
ruskë,ravalphadit
palodhshme,temnospondilet
osmond,kosovska
lirgjor,forcoje
litelogjik,shkurtore
gjoksitgjendje,rrepit
demos,bismarku
ried,lothian
kehdingertors,sllovës
dona,discord
mesopotamine,dervishijes
çepele,përshtatemi
anohen,elir
kolorados,schehaye
mamlukë,tarraca
crimean,gjërësinë
grintseviç,tunizë
kapitenerinë,kulturabesime
kozmologjike,botimieve
besëtarët,vuajne
khvarvaran,ndihumar
mërparshëm,jz
prehri,dollapin
rëniës,panamalait
bajrakli,qartas
nxitshmëria,kishore
ogae,ifc
sedllarca,oaza
sigurohuni,macneill
nazionali,altino
sofort,navagrahas
bibliotekari,shërbyeses
peria,liçensim
kallëzuesit,tantrike
llastiqen,konstituitive
paevitueshëm,fasuleve
danezi,marrëdhenieve
taiasuidae,revoltuara
fido,ratko
sigerist,ngrijne
polimizuese,shumëkontinentale
halis,gliozheni
retrogradike,akhsë
fuadin,poshtmepra
jahajve,hieroglifi
kelit,mbartin
belagji,derguar
euromejdani,ngrënëshme
lithuanisht,mikojan
vrojtime,jisung
banushin,spektakel
stauferet,tregojmë
thejë,andersen
glutamiko,matrëngës
turpëruan,eskatologjike
pada,iaea
pomeraninë,ittihadist
pasdrekeje,kolbe
vjeçarja,shartohet
morro,gegës
koncilit,xhudistëve
ntsc,tjegulle
dost,mikonosit
trirrokëshe,unlimited
marreveshja,shafrira
verëszuckerberg,jidvei
iteul,paprera
leonzio,potier
pasjak,menyres
sulfometoprimës,ilegalistet
recetat,ljeen
çkujtoni,vasiltheodhora
blozai,sidoqoftekali
mersinit,shpiknin
spageti,ngaqendra
përkushtuan,cauvain
narop,paralelizmit
kuna,arkade
spërkateni,flag
bakllavën,gjeostacionare
terheqes,ligshtinë
realtivisht,dallgëpritësi
vendtë,puymirol
sharrëtarëve,këshilluese
musiqisi,kërkoim
vendbanimjanë,boshit
halucinacionit,tragjasë
vendpushime,strepsirrhine
almedia,helieja
liderin,shkundur
fotografuan,retikulumit
postiqja,ujthit
zeshem,concertacin
kornhusel,lehtësirash
kolonisteve,shenjtipoet
feyenordit,taken
metrovi,sudoku
lassus,ebolës
cungimit,moavas
fishtologjisë,saraselit
miyamoto,gttingenit
bipolarizmi,gushverdhët
parullë,jablonka
fingo,fikeshin
frantishek,parafermentimi
iglesia,pirustet
hazretu,gjeorgjinë
mbretereshes,fluturzat
xehroren,eines
johade,ripublikonte
darylirfan,repetitorë
kesë,krovit
infromojnë,gungaç
cabot,forlit
gtaland,ahur
pridal,biseduarit
lagomorf,rrëshqitjes
kazinoja,soprtive
servius,nxeh
autoportrete,falenderuar
zilet,fryhen
fisioni,ndjeheshim
namie,attraverso
avantazhe,chapelle
lunetta,nouri
uniformave,bistricë
ndihmësprokuror,bane
tajvan,rahorakhtit
lorant,silvia
halikarnasi,velodrome
kolektorit,djurgrden
horroresh,anhydrous
paindetifikuar,sabotaj
kërcitues,gërshia
priori,qeverisen
polytrichum,diktojne
perfitimi,aksioma
utsavari,kalibreve
mileven,bapple
protestantische,haikyu
qindramijëra,mbizoteron
nim,ktvse
surinami,eksperimentonin
kaçaçin,polemikën
çoçkua,arboreale
ndjenjësore,zdruli
postmodernë,dimëra
edikt,loozit
qizme,ilustrues
kalviniste,atyhi
leshon,lislesurtarn
ostrovicë,glukozoën
gni,kustos
gardianëve,proteinurisë
përmbajtësore,shumëtë
torines,bakoyannis
okër,zgjebe
vëzhguesi,hyjnoren
forge,aromatizimi
eklent,partnereje
sardou,gjobën
romologjisë,maka
djegijen,qeshtjen
savojës,xhelozitë
letospires,jugotonin
dhesakrificës,nderthur
hoffer,aostës
vlerësoje,ndermjetësimin
ballala,pasdiplomatike
pavievi,argani
pasaniku,alergjia
musalman,pople
putrave,rrish
kallamsheqerit,sureti
gjthë,harbije
glfi,kondotieri
sekst,dhembë
dyfishonte,teatine
lazaro,operoje
erozionpërmbytje,riudoms
xhirim,afreskesh
skandinavi,rosas
saudin,oportunizëm
pavlla,idhujtarinë
tëresia,rhine
dolçaina,teknikun
portual,konceptohet
synnet,fajtorëve
perparse,aktiviteve
portugezi,heretikë
heliair,ashensorët
onegën,organizama
kanalizime,byrek
evitosh,shpronësohet
manuskriptologjia,bipolarë
nathanail,ndarët
ruzdhi,shinosaki
rezistorë,padëgjueshëm
soçi,rrodhi
dëbon,gjithdijshëm
beliçicë,rikthejmë
elghalib,tevekkelna
kafeje,remitancat
ngulmua,frimasonerisë
flickr,gropojnë
suazilandi,burgngjarja
alumin,gezonin
bruyne,preferohen
bazamentet,shqiptarosovietik
tensta,kersheria
çerri,domjes
kanchanaburi,kremtes
neomatocite,shfqura
fampia,painting
polierudite,sherbej
parafalual,hemingueit
centralizim,mistere
adleri,puntoritë
shkatëron,djegjes
orintimi,qorron
fikej,mesataretë
nëvoj,orsi
internetauktionen,indulgentien
therret,alkalinotokësore
beniamino,brylune
penha,arrestonin
ezofagit,paprivilegjuar
intelektualqë,klientele
kriporen,llojët
capel,koherencë
putër,ceremonialisht
komponenteve,masserian
trasferohen,nervoze
derdhë,gjorgjeviq
pilastra,lukove
arktikun,naocl
allegri,partiazane
jailbreaking,najjari
ndërpreë,satirët
rakinë,lugmirë
ishkapitene,hermogeni
konstruktivoarkitelturale,midyanl
saguna,vaktet
lengon,transplantim
aritmetike,shfarosëse
freelancer,ngrehet
grabitqar,hermanni
okulistik,fallanga
cochise,habbabi
përndryshim,faksit
gabrovo,lamico
rithemelohej,elsevier
shqetësoheshin,fazli
nitratit,flokëkuqit
dyseksore,uellsiane
shtesëqë,musolinin
kriminaliteti,independientes
asu,lunit
reflektiviste,llastra
mjeshteri,rënësi
qinda,portretizuara
vyasas,paços
egersund,brendshmëm
zgjërimit,përhershmeabdylazisi
subjektivitet,proosman
njëqindtën,masivesh
prezervativi,repelues
domen,sasivekalu
përpjekjeje,abdomeni
kreshnikët,trysnuese
distilimi,ceremony
decembar,epimisiumin
kullash,nagait
livadi,korezidencë
tabukut,kuejëlli
njëriut,finlandezët
demetrën,kumarakottam
funksionese,motivacioni
grumbullon,krasniqa
tifozeri,kolumneve
dhjetëshen,direktuar
thesalonikut,përfaqësuesen
gravitonin,frigoheni
rrjedhes,vreme
taifun,eblul
nauryz,paralelepiped
divination,kubla
coutinhos,spandam
relented,jashta
latancio,manerizmit
labiche,parashtrojë
shuajë,muëtezilët
tanzimati,korsackën
beatrix,kanyes
vorreza,acarimi
tironçe,startit
azet,giannis
bujqve,danit
fenomentet,kogan
typhlopidae,dvids
sekku,gardaportokalle
sainttiennesudest,albeti
novobërdë,xhehenemit
paradites,joshjës
qikën,tyra
escape,montauk
gojanin,sharl
zoteruar,kulturo
autoklave,venesin
kitin,kontable
ograda,gujarati
maskimit,pampuri
cryptoparty,dhërmiut
amapala,bechtolsheim
cirkun,coarser
fjalëzën,busullave
shue,karnata
qelësa,fierishta
kundr,shipibo
dadds,minotaurëve
redaktues,paraprirës
betar,hirano
miat,ponos
superponimit,apogjeu
dragonët,protestantosuedeze
gildarts,mustalive
mundësine,rrgadhës
amerindians,theehzade
sygjeroi,përpin
eublepharidae,raportim
nokovë,lankës
sinën,tenavara
bibliotekes,trapit
prijesit,zambakësh
artibus,çapajev
canela,mintia
brahmës,dëmtuesi
gërrmue,kolonet
zenepe,brasike
malokaj,cullufet
saqe,tipologjinë
mbjellësit,zografit
tundimet,korridorë
ulagalantha,buduçnost
mikrofinanciar,kievian
përkufizuan,kategorike
përmbahem,niche
papastërtuar,corrotica
ngricës,asllanit
hynek,quanim
ohba,sinteze
samandarin,ttrti
sharjet,siçilanas
gezofi,skiner
platinin,augello
kubet,valentinianit
reprizë,elmagribi
stërrall,nishova
gjemi,abadeh
funderimin,dytësorë
volley,assembler
distale,mahimna
niobiumi,courcellessurvesle
vrapoja,gaivazovsky
colbay,pasivizuar
kundërsuedeze,stilli
bhambis,kasm
karaolan,përtac
mielis,dpss
autio,needhi
vendtakimet,pendelton
chutney,creative
ayesha,puatvenin
repubikën,rigjallërimit
vasfi,renneville
moçarit,narttamalai
prmontr,kolonadat
koncetrat,shoe
kuqo,vga
stcke,donikës
zmadhimit,neuvillette
mjekësië,gardner
barazie,qinët
shumerarkadias,ballack
lozhë,criticism
pajtueshmëria,nemanjiqët
përleshjen,kërcnimin
monorail,drur
magjistruan,gazetarise
agnit,noimagepng
hohle,veprues
ardeoani,raifit
purinave,pushimorës
thjerëza,gashnjeti
berenices,rishtë
erick,muskulare
etdmaenhanced,peron
përgjysmohej,kerko
deçizive,changing
minidisk,kleinfeld
pjersën,biçiklete
jomysliman,carnasials
tarnovë,dizdarin
bitstring,sudanin
mërgimtarësh,tortorët
nazarbayev,timm
shqiptarëtiranë,claudy
mahishasuras,hartimet
velma,mekulit
olimpias,herulianët
ujjaini,pellazgisht
biberosen,kërkimshpëtimit
bardhën,konfliktuar
cristo,investitorësh
shenojë,ardhe
pallua,fikret
rosencrantz,shputën
kurrëfarë,negociatë
macrog,versacesë
avienius,idiofoneve
guxonin,conegliano
benzenin,kretësisht
toshiro,thishte
pëpara,represiv
fazendinha,bergisch
këshnellavet,identification
docentes,hammersley
kusturica,çufkë
univerzitare,ambianenses
devasir,erozionin
filli,korrupcioni
fomën,apologjetëve
mshefë,gozhdë
vana,radovani
miniatorët,tabletët
diboll,skënderajit
logografikë,xhuvanin
villareal,emeton
parikëve,brishtësisht
navaratna,cirilika
sagara,sankranti
muhamedpaqja,castoriadis
ballafaqoheshin,zytarisht
pruan,oldham
merxhausen,plastiketani
botëkuptimet,demarkacioni
pularisë,konstanteje
prosovjetike,auragen
polenës,shënjtorit
gruasë,lehder
normandi,poppard
xhali,euriklea
mjeda,polian
huatë,argumenteve
nantua,laboratorikë
heterophyllus,antinukleare
martiosha,xhaulthomson
trashigiminë,romania
gundissalvusi,vështroi
rrëfyemndonji,qëllonim
ktonik,riccardi
dufyut,pengemaresve
aplikativ,stubëll
zhong,dëshpëruarve
asistentja,eruptiv
madhduke,gllogja
epiteli,rishtrimi
billborde,simpatizonin
antilinear,autostradash
gyri,qiu
sexhdes,kriptosistemi
metalogjika,begollin
kryqëzon,ramajana
silenit,kimimaro
muzikueme,vesna
karaxa,leopoldi
polivard,gecës
elipsash,minifilma
dangxun,gashaka
intimiteti,terhoqenpor
multietnike,kundërvenie
iis,rajatike
ismetin,nxehtis
eriovixia,epsrc
mbiemeri,sprachbunds
valdivian,kulometri
populus,ndërgjegjshëm
vlajko,mëkate
privohet,jarstein
totasi,shumëkërkuar
vakumnë,tvvlerësime
fishekëzjarreve,naish
periqeshin,dyhalokarbon
pyetjeshpërgjigjjesh,asherimët
sekuencial,grupimeve
recesioni,dedikuan
dizajnuesi,iremet
kuçedrës,kulloshtër
sidnit,chloroplast
postit,huncho
sambar,kapteni
vetal,shtypësve
tonka,erftkeis
konicanin,pjesëz
helenizuan,manushya
proklamonin,parabolike
bretton,lamajt
vëpandina,mocion
paucibacillary,duniresureyrieux
psikozën,haxhija
shtrengimi,poshtrojnë
konkretizon,guerrilas
saintgermainmont,lorikën
kazelit,sose
qendresës,reference
keep,liefde
mbeshtes,kondesimit
protestoi,hetonin
malota,ujkajve
angjelika,yucatn
atresmedia,ilirikun
kreisliga,yhei
lipizer,dudr
baretti,hgel
mouseville,bonjak
peshkanije,egantia
koloritet,shqiptarr
sadriun,egjiptologë
akshamit,kiro
nikanor,ndërtonim
hurri,udhëzimeve
cenzura,klientserver
rastakofskin,annën
marshimeve,kryengritë
populloret,nëantikitetin
përformanca,mërguemit
lajmë,kinoditarët
schilerit,njehsrët
mbasditës,plaçkës
pashkon,parapëlqenin
uebfaqet,ngulje
detajesht,përgëzoi
vkm,marresit
kolonializuan,biennio
semjonova,brohorima
hashemitë,tatuazhin
gjët,pllakëspurkinje
egjiptolog,kaneko
paleve,kokëdhembja
miletiq,deiste
percjelles,persos
dalma,kembenguljen
imoralitetit,filipepit
kodera,gjithej
gradash,berlinetta
sundet,pompozitet
vendorisht,paralizohen
mbiellja,zbulohë
bundesversammlungu,komunikacionin
çadin,fpve
orbiton,mosdashje
mavritane,pakohe
doradorës,akuzuesin
tejkalimi,values
obligimi,qesko
trigllav,faring
rojalist,thyesë
gjokelagjes,shterën
kanakasabai,nëntëmbëdhjetin
stegopuli,insistuar
samadrexhë,bandaranaike
majëzë,prcaktuar
smaltit,numërorëve
phokische,lightnings
regjentëve,autikë
pavaresine,laknau
permo,sjelljapërcaktojet
iatrogenic,dipeptide
bastisjet,chandraguptachanakya
pytjeve,tricks
shevki,supertalent
bushid,belliors
marshals,sumitës
labelit,pullat
jezusdhe,xhanfise
fizikanit,ivankov
folkblad,zetas
hutame,alinani
shpatëpunuesit,nuckelavee
mezoparreso,peloponezianët
kamonas,pllakëzave
randolph,kruhet
hysko,jarge
antipod,dhembeza
kasimatit,botko
botërori,robnueme
hanako,avdullahut
prefekturë,veshalës
mëngjeset,kosmopolitane
dergojë,polarizime
krastyu,tama
alijen,babagjyshit
vrsaljko,garih
antipati,hoop
estevao,nichia
frncbann,nayrab
genista,kauffmann
sheshtanesa,relativist
imitimeve,norvegjishtja
energie,sinjifikimet
zbulesës,metropolike
polybius,shqipeenigma
afadjato,boshtavesikur
stefën,carsons
storydhe,hollësirat
superfosfat,aylin
froese,olsun
polarizimi,përkrenaret
frederiksstaden,intesiteti
roug,kondominium
ocaklar,gbagbonë
torikun,episkopët
monaliza,atashohej
vellaznimi,lmtd
jingle,semundjen
labelmates,xhalut
transpirimit,çokollatën
mettemarit,boyfriend
qenush,barber
grouxlesbains,alamanikon
sahibit,zhytja
consolatio,geographus
dëshmimi,fichte
luftanijeve,mehta
lifshitz,treformëshe
rapide,lodi
baste,mazepën
skarsgrd,anulimin
taurinorum,agronautët
romancing,kultida
hidhëron,vërvitën
kolonadave,iindja
androidve,trumpin
feuzan,priftëror
paekspozuarit,plejadë
reprezentacioni,klaqit
sum,aparaturash
nos,fixes
reaktorëve,bioelektromagnetikës
rurki,podujeves
lumjane,carpen
acadmie,errësinë
rrokjogramë,zylyftari
nicë,gjysmëdjali
riangazhohet,sterna
beratfier,buços
plaken,pairidaza
lakshmana,përsiatjet
kryeprifti,teton
gens,shagit
dizinformimi,tuol
messua,comitatenses
irina,konservatoriumin
hinjta,dramatikat
petruzzelli,bajgora
kangjellë,qukësit
inkuadrim,kaçkavall
ndjeje,milicë
kopështi,shtiqënit
gërmia,berggren
tibial,enteve
pasione,ziliqarëve
mbishkruajë,gorianii
zanderit,ngarkuarin
ngulet,vdiqi
venitje,lignires
theksuan,holtzbrinck
klimacoceratidëve,prokshit
kolchakovka,numërimi
menyrës,rifillimin
jacomoni,tortuar
potencojmë,jashtëqitjet
kocaeli,piazhe
qindramijë,mbrojn
lipper,gjenevizit
milena,subplanifrons
spesori,suitat
morët,këputja
lundërtarin,mallagjecit
preferuarat,shelqet
sahitaj,bigpoint
pavioni,cjeptë
durro,yalavach
commuting,rostopchin
antikleut,bijen
palluzha,austris
inkurajimi,ktilustrim
recensentët,preporod
percaktoheshin,fletëz
vrehen,suzumebachi
ekulibrin,boboshtica
barakës,montaner
kondicioner,vakali
mbështjelljet,mst
zëntë,shllodhje
rappaport,ioulianoscbs
pkisë,karbunari
andreevi,brijave
numerimit,ldnj
kojotave,nepravishtë
përputhjes,sahatçi
dendrine,marichi
radiorole,turska
samjuel,lucile
sekuestron,geri
softverikisht,huxhaxh
jofifa,isobel
mirdites,khedira
zbukurojnë,esadistët
hchrssë,purëve
tenorin,tve
pusta,këtushëm
eusocial,determinantet
verein,kraleviç
panchaloha,intrumentale
geoeye,sokka
grscht,murrëta
kallajxhiu,obeziteti
kardiensis,skanimit
albanovaonlinecom,kuartete
ovociteve,reason
martirizuan,peverellëve
lorc,rabbina
pragmatizmi,haris
champdor,fierin
theohari,profass
standardizimin,blassnig
shisni,vandalenreiches
klaukala,dërslive
leskajn,adezionit
obrenoviqit,kandilli
okazaki,mermeret
myftini,ndërvertebrore
sannin,psikopatinë
petricica,mjegulluara
madone,instrumentore
milapit,mamuni
gëzua,alkaloideve
grosholtz,lusianës
oprah,jullajev
horrori,rikarikonin
zamorano,divergjencës
përkujtoju,pjesemarresit
sequoia,antiqeveritare
ripushtojnë,turbullirave
norvikudden,qarkullimet
menyrave,dragoti
çuk,darsem
sportdashësve,leopardnjeri
biosonar,uebkërkuesit
police,drejtëkëndorë
hallerey,rafshirëluginore
unicornis,mushtave
lidership,djtathtas
lutfiut,shkatërroni
testa,arkidioqezës
bletësh,qeram
kundershtimeve,kornizash
meln,fibulash
perftimin,çetifikatën
rompuy,ragipi
samarkandit,panchayatanat
catenaccio,copëtonin
toleroheshin,kafora
paskërka,kushtim
perollaj,aetolisë
popullë,contenttype
babinger,durante
çairi,partes
rutamish,çëtjes
nencini,logic
tome,nominuarit
veterinary,xixëllonjat
pietrit,pulcini
përcaktqjnë,turanit
liridashe,satirikisht
zhanicës,tamilezë
zadrima,riaa
assassins,gjiriz
radiokarbonit,pelodi
uilly,konglomerateve
elisabetes,ksdinamo
pezëm,rambouillet
artiskike,emetojë
diofanti,bitinisë
erkan,zvogelojne
piroku,shqipërtarëve
hyrjesdaljes,dirhamë
zuffi,gaussit
inteco,volumoze
shpejtdështoi,hasiumi
rinie,anashkaloi
kombinatorike,efektivit
maiden,riverdale
millu,ndiejna
fjalëkalimeve,rajghat
valiu,uqt
freemason,oponenca
djegiet,xhelle
prelluzhë,milotburrel
stoner,vetëdijësohesh
ahkabaaty,junioret
magjikohapsinor,josistematik
eseun,faro
grini,aftësua
udheheqe,damave
egjitha,sarkofagu
kaqit,signpost
vështrimit,advising
monomeret,mesonjëtorja
bulleen,kodrinës
chicks,mitrevski
tabaqat,rothschild
sanxhaqeve,ngadhënjimtare
sqiptare,retinolit
erosin,vasojeviqët
vuksanit,aislet
antireformiste,laringu
angeli,ndërmarrësisë
gner,ashtë
jidanda,soyudoru
leddalin,kuçuk
gjashtëmujore,cather
bridegome,inspector
kiçaj,mërinë
dehidrim,rsë
pointeve,ritualë
sanmarinese,taraku
lasë,humsafar
bogdana,vjeqaën
hbv,regginës
hipotizon,paedagogi
karbonizimit,kurat
fehime,poliesterit
allert,normalizuan
fragmentuara,handikapuarëve
demostratus,uyyakondarit
shanhaiguan,vezhguese
proudly,majdan
manikkakankai,artefakteve
zvogelimi,parafytyruar
tampe,stantonit
zhaklina,submaksimale
darshanan,prijnë
kuveik,nsaid
patronimika,persekutonte
dymbëdhjetëve,stepanovna
aurelian,sinuari
kapaj,thekur
beishouling,sainttiennedelugdars
prokains,flijuara
uniformës,chloephaga
veleshtarë,ambrozi
vrane,obs
xhigoro,eusbio
poçatë,virgjinia
ihdinassiratal,seeckt
brusquet,odium
sekondën,ursin
rakutenshi,stomboll
papërfillur,editin
sangeri,shfrytëzua
okupon,hazër
semih,inspirim
radiomarresin,debutin
vështërsi,denigruara
tevrat,kankuron
retinol,urrejmë
eteroviqit,llucit
tannay,ereksturi
elfakharija,prokridën
kudirka,setton
subsolanus,popullarizimit
lazaratin,gërrmuar
perbejnë,elektrizuara
biznesmenënt,urtësonte
siraj,ligjshmerine
natat,shpaten
atikën,mehr
autentifikohet,nevoiteshin
regimini,seal
abstraksionit,filatelisë
hplan,ambulancë
pastrehët,hakif
manaf,vërshac
xhamajkane,lanceolatus
dredhur,postmoderne
bharatiya,mbështetes
haxhikerëve,necip
compaa,lufit
vibracion,shmange
cmiique,kalimashit
sllovenët,slea
barden,tsunade
halstenbeck,kontingjenti
parque,goldsmith
rënëvë,ismailoullarna
elipsoidit,rstësore
gravitonte,dëshmuesi
blerësve,qendroreperëndimore
njëfishtë,thebe
punëdhënës,pengmarrsin
mantapas,tagrin
castlevania,pararendësit
fosilore,fosfolipidet
ferdinandin,hatia
izolohen,drejtoreshe
skdar,sllubicës
nuajajt,subhanallah
vërejtjesh,komentimit
iljasit,dolmen
konfidencialiteti,kerkue
viviii,catafractarii
mullisëve,vëllezë
euridikes,dojaka
fep,dëtiroheshin
antihelm,difraksionet
xvtë,zapotec
ehli,puglia
geiko,kombetaren
menytë,ivollginit
senzorët,preteksin
leponex,urtuar
galën,traumatizuar
zarathuastra,gjuhadhe
papërvojë,përvijim
kondakçinjve,banatit
hop,strmsgodset
katonazh,vrasim
fërkime,magjistratëve
vetëklasifikohen,strengthening
entela,teknokrat
jylland,bajame
chbukiani,dannoura
hanukkah,adrin
operen,jama
njëzete,faunia
piktutimin,handelsë
minorancë,revoltuan
kushtetutisht,rilindjesh
bilakasha,fokat
ghetto,stangim
jtc,burzet
zhbllokojnë,epitomin
kopjimet,nënshtetësisë
xani,parambas
musashi,prvanit
shkundjen,orkideve
poetikës,shkyçur
pranuesve,bërthamen
henk,terrotirinë
graveolens,cestus
premjerat,spajperi
morra,posaçshëm
langdoc,fizikogjeografike
kozmopolite,kukësbajram
moralisteve,cilësimeve
sklerofile,atlanti
bolon,llukaçi
kralica,akarnani
karaiskaj,varrura
realen,kompeticione
meditoje,garibaldine
manaxheriale,ridoli
chapellegauthier,loqka
dardhjot,shblu
pashaselimali,dretimin
rcui,heziton
beaumaris,shabanagaj
biznesmenëve,konfliktohet
ideatorët,patjetërshme
sterlinës,komisionarëve
reaktivitetit,teserave
urdhërmarrësit,përçimin
përshkojë,countach
pusat,fundvargu
thujaplicinave,vidmar
hungriga,mendohuni
petrologjia,kajetana
përmbaheni,julije
bombargimi,ngrënie
mgxsvg,durkheimin
situat,papërthyeshme
profesionst,coby
solana,asnjanësi
ndihmmoi,vasjari
dubutues,tribaldë
varadarajarit,përfundimtarë
vetie,farse
konkurrenc,arijntë
skopasit,strehonte
romanticizmit,tarihi
brnjaci,kinematograf
montluçonouest,konstituua
komasacion,farnell
ëmbëltore,dollapi
ekete,kumbaria
maqeoninë,rosat
fylarkëve,salmonelës
pendohet,auerbahut
kryebashkiak,undcima
trashëgojmë,troposfera
zbardhi,kmbit
greqiatje,rambo
ndërroni,sderberg
dyshuarit,kompatabilitetcapabilities
analizimit,ahmedhoxhiqit
telegrafës,domethënies
kryepeshkopëve,mandatoi
stërzgjatjen,laseri
tikh,subur
qumeshtore,braçe
sapta,induxhermenë
përmbyllin,poosalaar
pbzn,shoqërorepolitike
kërcnohet,edeja
kurthave,alsafa
zdrajsh,fiksua
skllevëror,derdeve
angullijnë,kompletur
kujtohuni,bejtulahu
adixhe,goldonit
compaore,stërvisë
dine,qumështoren
sarm,dijëspor
spinit,grabitësve
përdhesës,nefrotoksicitetin
venetët,ringjallëse
lagerkvist,rrezatojë
shternin,patched
pozheranasit,përbashkëtkosovo
thekre,thërmuar
henecn,katolikësh
shpejtësish,estoy
uran,barkës
enverit,pedologjik
kadillëqi,vigy
jonait,rrëmbyerit
anaheim,sofije
balonave,ashit
anglezet,dijtë
tigana,derjan
gjithckaja,kanade
satsunan,farmakologe
zantiq,sloboda
simptomate,rivaroxaban
mutesimin,giotto
mertiri,myslimanit
pëfshihej,tmerre
nevell,zëvëndëson
gomes,postieri
katandisur,rrethprerja
prokrustin,skëterra
magnezium,braillën
aldershot,riarmatosur
konstruksioneve,dhimbëshme
klisyrës,pjesene
bubani,nirvans
tradhtisë,kadru
moschopolis,akuzuara
numërontë,trasformua
rrethoheshin,peltieri
besnikëve,kasabai
tërësitë,poltike
faller,provencano
formuluesit,ricit
prospector,aminoaide
hypothesized,boshnjakohercegovase
pjergullave,jetoë
nipur,bran
ejet,again
cicln,gjashtëmujor
parullën,faber
vizatimesh,handler
kryeshkollar,drakulës
fshirje,karamahmut
metalica,mgura
dermatit,alergollogjisë
pushtetshme,quistis
rizgjojë,zinxhirat
guatemale,biblotekave
guodong,ketsbaia
miroglu,sheldon
holkari,mezozoikut
jerines,goes
hadithi,notues
taktikisht,efetive
yoshisada,medikamentoz
verdheza,marriage
orosi,trasportua
dyp,uddevalla
mburoje,hohenzollernhechingen
dokumentarneser,krist
bulat,karkini
lartpërmendja,sterës
varjant,autosomike
kembim,tamaulipas
gegprifti,ndikumana
gothet,ldpr
pjetërburgut,jahangiri
jajce,parmendat
bebeve,monokotëve
durova,castanea
merjemen,telefoninë
mnavadharmastra,municipal
paramoderne,fekky
punimët,rfi
cisleithania,sipërvënë
marler,bacën
editoi,lemon
ngushtoheshin,shkapërderdhet
shkeln,egjiptianet
snezka,gjatar
fear,gjysmëartizanal
pinguinin,dramane
karameli,mbijetoj
proteinësjashtë,polenë
zvicërane,psikoze
dobtit,kumunikim
gjygjit,këngat
elokuent,saintl
ceten,abdihoxha
klerikut,katërthe
gjeneralmajor,rapi
turistikë,comincia
vjetrave,odessas
tvjen,madera
pleyben,leonardin
kokëprerjen,arjeplog
sarmatian,pradeshin
përberje,tlfonike
inçizohet,içogllan
ibanezduke,gegenovich
rudar,iliroarbëreshe
gjurmimin,maceron
oak,formuluara
mesopotamiane,matundanë
kbits,vladislavi
coti,doboj
belgjiken,elmamun
rëndimit,ndergjegjshëm
mullijnë,norikumit
përkufizon,ngushticës
rrëshqitese,letterbox
verrires,entecavir
avlavio,sravanam
naturkunde,overoze
synetimuekkede,klazura
roganë,xhejson
krishtërizmin,brgerbrukeller
mystehak,morfoplastikën
berlinezët,origami
njëjtësinë,derdhte
oqeanografia,deportimeve
themes,quheshte
mosdurim,kundvrshare
qahilit,fush
spaçit,mësuesëve
yurek,kean
fibroz,mehmetaj
eksploruese,civray
nirvanas,zakonishte
samiun,millosheviçin
denali,vizitojmë
dramatizimi,sapd
paçmueshme,kërcimtarëve
geta,gajalakshmi
malchiore,mgramenoja
leckash,decreta
mcgrath,gjanicës
mërkotin,përfshirëjen
shabanin,kelatorë
këndrevicës,leighihut
ipsec,motivohet
atakuar,patriciësh
balerinët,agarin
çeçanit,pyesim
ambrakasit,qytetëze
rookie,joliet
pështërkat,costanzi
dyson,preferoje
ledi,sahasranami
saktipada,skitët
robëruara,midas
orkestracionin,shenzuar
parashkolla,tërbaçit
gjysmëpërçuesitai,popullon
korrektese,ngushtimin
hause,fanellave
pjesshmeekuilibër,vijaya
changit,surlan
aps,shtatëkështjellarën
urgjentehistorine,bulbasaurët
borgjezisepronari,mërgimtarit
ishida,akuzuarit
burgimit,paralelogram
stilt,nxjerrura
citizendium,bronco
talukas,frrokut
lajmetari,qefalonisë
zëmrës,jashtëmartesor
ptahu,guldo
hencit,korespodencë
rasini,bjeshkës
ksenotransplentizmin,mosinteresim
villae,rezervimit
puertos,përgjimet
gjeturë,attic
furqetë,dukurinë
ekspektorante,ojlerit
ramji,filogjenetika
vojo,duccios
arsimorshkollor,tupungato
çorovoda,kopështit
ozborn,sentimentalizmi
informatikmasmedial,vreshtarinë
plantacion,bersetzung
mujet,mikroflors
absulotisht,homeomer
cmimevleresime,markam
skropatushës,clutterbuck
termocentralin,vagonët
çakejnve,vaniljes
qak,përgaditet
deshmore,kërkimanalizim
faradayt,orientalistikë
carrie,mospjesëmarrësit
hiyaoroshi,kandidatura
malsoreve,makaber
dafinave,deleguari
instinkti,xhirues
udbse,ziegler
syntomos,xheza
tgmp,frytshëm
balldre,ndigjohet
instrumentesh,gërvishteshin
ulesha,radionderlidhjes
kursimin,proporcionuar
grykas,peshoren
verdhën,frankofon
klasifikoheshin,ishepror
antevski,durmishi
mumajesit,shabih
retinën,maubourguet
farkohen,lamodara
snoopy,shaoyun
ndihmues,llukan
shove,hohenzell
përdortë,sahibin
hirigjëmba,bruggea
tenreqe,dragjiates
çerraves,manisasporin
mitrofor,këmbëza
floatinggate,ridizenjimit
sindikalizuar,katekizmit
arirë,grsarakatsnoi
quajtunin,pergatisë
reduktive,sinfonive
gornarekë,detashmenteve
shigjetarin,cdh
dinastive,timurit
ngi,tnfalfa
espiritu,instucioni
illarramendi,umava
jagannathas,pejgameri
dyshifrorë,habilit
subatomike,freaky
foucault,arkëtar
venecie,elektrofizikës
buddenbrooks,paravendosur
otr,interlandin
hamameve,mllhaupt
mërguara,konsulent
aguinaldo,çiltërsia
muzikologjsë,botësgjatë
episkopale,multimode
parizjë,vitët
rafshët,happythankyoumoreplease
hajmali,këndvështrimët
holley,vj
ymeraj,dipolare
lëkurërregjësve,sharrëxhia
pkmsë,grimcuara
breznica,lajmësit
koman,vodena
kamfurin,injektimit
ningjat,otariid
ikp,tlkopioje
zilia,lovqen
prezentojnë,villeneuvedeberg
khandakit,baryshnikov
skandentia,talvera
triumfet,mushkë
prgjithshme,zayd
antiguas,lateranit
patrullojnë,sashenka
tagalogisht,fehimen
hibridet,diktojnë
jever,meandrime
rregullator,binford
dtmb,tavl
përbëj,ksatrija
frustron,kthetrazi
intonacionit,maximilian
epizodat,eraklidi
iberians,yohanan
jinchuriki,konsulencave
kullimin,pretesksin
brogna,përb
kovaçi,qebap
jogulamba,cbt
dukate,qanin
recituar,shperthen
trakeolet,dyfishim
samadrexha,tothin
shyqyr,alkimik
artilie,fiorentinase
farkim,bombes
pjesëtueshmit,himmings
lopçi,clmence
tacianit,sexplorations
grotton,kettuvallami
resorpcion,gjehej
tresin,bruchsee
nënrutinave,nikolaevatereshkova
tuçeviç,karaxhicë
paturpshme,tërgovishtes
disiplinimin,mbuluoi
njgjajshme,aahdjehuty
investigimi,khachaturian
botte,timonit
multitasking,edisoni
chvez,eseistikë
rezultation,bahrain
rrënqethëse,ranki
mup,pulpa
stamati,aljeska
catherall,sdg
demografinëekonominë,armiqsh
karamelet,aprovon
vultures,brengoset
troler,nor
himalaje,qytetarja
gushëkuqin,menaxhimn
miniature,kozmopolitanizmin
haseshin,rëndëgrimcë
djeçezë,robards
invalide,coos
fitoplanktonët,plotore
synovium,takova
universalet,komandohen
deaktivizimi,shkupferizaj
taçit,kirundi
virgjereshën,skara
kyrkbron,kushtëzojë
singapur,hidomonumenteve
asirianbabylonian,campeche
ballukun,filialeve
jonormalnganjëherë,marije
arvanitasi,ndodhem
përjetësua,bukurosheje
kultivime,fonetekës
mucës,kasandrin
churchili,fantinës
genom,motorik
flus,ndodhjet
bejlerit,sixhilatet
vashe,chrome
ultrabazikë,shigeru
ndryshues,gangsuck
andri,bokshi
esraa,taunsit
scorsese,jalsa
fenolet,kaktus
goddesses,helikoide
llokumi,ibebejie
tims,lëvizëshme
bezhë,gjimnazist
iltumishit,jany
jupaj,anoreksia
papat,jahangir
malarja,kompetente
makakot,bakterit
nvoicu,bejtullahun
sambo,mëkatarëve
cimarro,riparaqiti
klasifikon,investohen
hippopotamidae,blackpool
madnat,sande
kazermë,leotsakos
grushte,mafiozit
kujdestaret,sprovës
disponimi,rilludo
bunar,tetëkëndorë
skudetot,aki
legjitimuan,përçueshmërise
ashakut,astronautja
jacobine,cranmer
receptorit,coromandelit
eksponencialit,kompozitë
buzëqeshjet,elbing
këtyrë,multilateral
ule,placitur
komikat,udby
condsurlescaut,karakalit
mangaung,mbarëvajtja
nave,rënit
aksesimit,neutroneve
thumbat,linge
germimesh,hijeshuara
komanin,schlangenbad
përcjelur,realizuesit
përmbyllje,rikonstruktoi
danubian,jada
krëri,kryesishte
shingen,tienne
egilsstair,arbëresheshqipe
kamonaj,njoftunive
capobianco,jotekstuale
mjeksie,mbishkodrës
shitshëm,paskësh
patnadanapur,evolution
mcluhan,shbas
lumasit,saintjeureday
magjistratët,socity
display,punesoheshin
pazarllëqe,qelimi
mesopotamas,trikuetram
katsrati,bustet
kamuflimi,xibrit
ballistësh,njiheni
kronometri,grafikisht
rrëmujave,toriçelit
sopotnicës,banorsipas
ndërtuse,mccoy
canaferrim,shkelte
libret,naskh
mbështjellëses,pararomak
jessy,aqf
ndryshoje,hamas
këndvështrimeve,clinique
esenini,dekurajohen
aderim,bellini
konvertuesve,uned
vasilika,pasterin
legumit,bonano
munshi,përulemi
bashkëjetesat,infliximab
kameniev,lëngsecili
hijëz,volezes
skrilleksit,kerpudhave
halha,premierit
angelico,unilateralizëm
themeloheshin,govata
beken,darhk
sipërfaqësorsidomos,srichakra
kapedaninë,dragons
jacksonit,yakshit
foljen,derëhapësit
ulqinak,kanuname
thonjët,cics
veçansuar,mcclair
edema,dulhin
ekuilibrave,zebër
shijoj,karbure
auditoi,instruktoren
scholium,aberdeen
sferes,vozisin
mohor,romny
përsëriteni,bohemise
bizhga,akros
nëndialekteve,ekspanduar
amarda,sintatik
pajimet,murhollë
hiseja,ashinaga
tenavarqen,dubain
folesë,flluskës
ouedraogo,bojkotoi
dekkisha,valentino
energjite,mainamati
uc,projektohet
arbishten,rillysuraisne
triologji,kandrash
etazhiteti,nervozua
ripërtëritjes,kështjellar
malltezi,fëmijet
ndreqjes,konfuziteti
qepet,rrrethinat
zyrtarësh,mberriten
pyrrho,rrotmin
haxhillëk,padha
nprej,deshtme
ngjashmeri,ithtarin
urdhëresë,thema
demshme,llersit
cuitlateco,nikolliq
avocado,nikky
fazes,gjithkësaj
agrafës,irinjalakuda
vstersltt,fortou
mjekstomatolog,mayo
leximshkrimi,bresanëopojë
zhgjidh,naimiane
përshfihet,spanos
shqeria,melek
keisit,disfavorëshme
haroldit,vizimit
ricek,chalmers
dosanin,rockville
kruimada,artefaktesh
discriminatio,laguan
kaperon,madame
pacaembu,luksemburgasit
nipave,cobani
appearance,rankings
gjaja,myzaferi
ultimatuma,përshëndes
besler,penologjinë
chiinut,podolianit
kritiken,sigurisëmekanizmat
eksperimentalistët,evdhoksia
orikum,metaloid
snacks,trupen
cpo,pull
yjë,blegtorësh
articlea,sparsat
arnaoutoglou,falurit
stervitjes,iranotherium
vira,qerretin
ushrisë,çme
deshë,grepi
verde,argentonsurcreuse
terrace,doktokatura
intervenimin,italie
numron,rrin
closei,kardhiqin
daerah,postat
lozanes,zenite
dashurve,mirëmbaj
tensor,chillicothe
ekuilibron,testikuj
shinkir,mortati
cissy,menaxherja
infinitezimale,marçenko
elemental,indeterminism
aglomerati,apollonisë
mahaviharan,tualetë
carnarvon,vetëzgjodh
tijduke,genusit
binakajve,morto
vlorëskelë,punëtorësh
posedimi,sovranitetinmbrojtjen
montret,përmirësimë
butkes,dasyusë
healthcare,brekesha
qarkor,dominguez
saum,autograf
çirakë,fatak
seanin,nënkryatar
gunn,kircofit
prëkthyer,këmbëngulëje
përdorunit,antarsimin
morrisville,tetëmbëdhjetëvjeçare
orgazmat,ideore
meridiani,thurrur
komita,proçedimit
ferraris,ilirodardane
aplikojne,kombëare
moriarty,disc
përgjigjeshim,shtazët
farz,gainesville
meruan,leksington
rrotullojë,këshillua
shkroup,kulmaku
radiotransmetimit,transaminazës
bakut,kapërcyese
prishtin,practice
përfaqësia,ëeb
huadhënësit,barabrinjës
primi,peshëngritjen
isti,pokes
tijsqip,admirojë
frikkësohuni,yana
delft,fryjnë
oqeanografike,pjest
rezervohen,kushali
galinës,nysi
kedareshvara,normalizon
ruani,alsace
bylmet,zllakuqan
kozmograma,liverpooli
dërleviqingjuro,shtriqur
manipulon,kambuja
salsal,alegorike
poirotit,goines
louisit,leonitus
gaulle,cimishës
binomi,ljn
montvicq,gazivoda
durdull,mansaj
studençan,parësorë
filius,myshku
spursat,dërgatën
iljasin,chein
patatina,turneutrapaskenë
intefët,sistemve
kornuolli,genoan
ofcoqeania,ishiyama
grila,mesmin
rrymen,elijas
keçk,projekton
rexhieninstitucion,dmocratique
tihana,obstruktive
minishkolle,glikozide
unifikuara,marius
percaktonte,sinergy
dimërim,operetës
lbf,dobrosin
ethniki,shkallov
teutoburgut,kuark
pikut,lypet
hutim,shfrytëzohën
kryepleqësinë,njeqindvjeçarin
believer,franklinton
herriot,votive
instancës,difference
malazezepër,onix
belokit,shqiptarizua
determinuar,fuji
dugolli,haemophilus
kakavisë,luivill
padekoruar,gogolin
volesi,noyant
guret,vizitosh
kamon,bulgar
ndricimin,kundërshtuesit
antikodon,maniake
ramushin,biometrikë
shqipeje,ravens
romignano,hengshan
specialitetit,ustae
teresën,shtatoreve
akuzuoi,shnderrua
lypjanit,bosëve
penelata,xhadeje
rakatavahu,kinj
konstanteve,shqiptarendjeva
kristen,mitzvah
rezervuareve,homoseksualitet
soviet,selinohahet
qënurit,arsimdashësve
perjashtim,sikorski
aktakuza,fellogjeni
njëngjyrëshe,aliyah
cosby,krvari
tabelore,blatteri
vertebror,xiiixx
shqipear,aces
akomodim,përkthente
popullsish,fundshekullit
shampanja,zupçin
trafalgarit,shenjtërisë
veçanerisht,zettervall
tefiku,mbivlerësim
kolës,caliguiri
kripes,triumfalisht
shilerit,dhuntinë
korigjihet,sidan
vllezëritë,udheheqjen
iko,superkupa
jeniçeri,bcura
paraniku,caoh
vajtimi,disintegriteti
desmondi,infermierinë
saraqini,kufitarë
studiuset,sajtin
kulminacionin,tibmat
mandatë,northsea
deliut,komet
definues,gantenbein
individualizuara,speedin
spostimi,ingranuan
saknussemm,kilica
dhuroj,frankenstein
ekzegjeza,tertitorësh
abrogohet,mahadeva
anasazët,morris
minendra,maratonike
celulozë,shumpei
pleven,lantirn
demonstruan,binjaket
hammondi,aha
ragu,televzija
batit,dhimbjeje
mehallen,nelluniverso
quni,sirakusit
aferdita,detajisht
delisë,bernien
kart,papajani
psikologjikë,doktoresha
vidhte,poltikat
studiueset,graceland
georgiy,huntelaar
kushtetutave,vecojnë
bastionin,feakëve
mitropolie,biles
njërtra,mjekërrbardhin
korresopodon,ajn
bashkojani,rrotullepergamene
vassar,shpjeguan
zeitung,alldincës
mahmdiyya,pomdptë
deflacionit,referoju
mençurisë,gjeologjikisht
preparatet,elektrës
ndokënd,poveri
saintmartinsurlavezon,perkolëgjinajt
heb,tarmatosun
sulavesit,sekulariste
kryesit,associates
protogjermanik,birn
hamburgerit,tidusin
skëndoheshin,elitat
sajuara,gjymtyre
sig,patenti
zhdukeshin,përjetëshme
qellon,tarracësh
tanuschus,mechanical
schmitzberning,colchoneros
dhine,tmcnet
playoffnjeri,rëpjetë
progresivë,lieder
valsi,asthani
plyrale,agnetha
mirësive,clearsigned
ligjeratat,qytetërime
shikonjnë,sulit
verdhëzës,grupacioni
xhauli,monumeti
parakeratheriumit,seitit
spinave,marrëdhenien
kaltërsive,yalavuz
puntata,pacis
neoplazia,llazi
geldi,rekanati
plëndësi,artizan
trailer,shpenzojn
tannabok,kalojani
remixe,zierer
pun,kaligulës
rëndësishem,poledounis
cortefiel,peka
ngurtëi,pabesisë
millione,trastës
bambuki,diktimin
ekstremistët,frutikultura
aktivizmi,peters
panfilo,nikç
oqeanepozita,rheinlanddamm
montohej,vigjilencë
dobërçanit,superqindvjeçarë
rosinante,graphics
ibadete,psychology
façatën,nxjerret
cnidaria,kokoshit
stigmatine,ngjason
gloumpotsri,protestantizmi
konsolën,spergës
labotske,butcher
kurbetlinjve,mih
maltos,shkakojnë
transvers,semiye
kuzgun,instucionalizuar
kopaoniku,transliterimi
jodiskriminim,juridikun
nazioneindiana,fahad
kockums,nënkampionit
aerotransportues,robelin
cjapit,mimi
mlaishevë,invidualitet
koçanin,cannes
legjislaconi,misrin
mikrosekond,ishoficer
bllokonte,aerodromin
katrora,dubluesit
maqedonaserepublic,gasparian
radiofrekuencave,rubina
kraçit,findit
zevenklappers,flander
mahotsav,novatorë
merkaton,hilaria
zumarja,çamër
hyej,saintmarcelenmurat
hrushçovi,negocijatat
dibranët,pelteve
katodike,aksiomës
ndezshme,telash
shikimet,gladiatorial
emigratore,shenjuesit
bicurrin,kolonizacija
zombieland,kumrahar
novonikolayevsk,llaqevei
duhanxhinjve,tirukannapuramin
sistemikë,casë
malick,nefirijan
komprimimit,smirnovi
atanasin,eti
peasant,aguilar
fillue,dilatimi
autotrofe,ndierës
absorboj,aiss
mëzat,salavate
appeared,trashe
georgie,nderhyn
tdoni,lemurë
pjekje,fermanli
bessieres,mbaheshe
natsume,akame
diellzimi,carrillo
kopertinat,kontrolluesi
buckethead,shkallet
florence,zotimin
pasohen,riafirmoi
paralajmeron,neuropsikiatrike
formant,odorheit
visconti,stenograf
yanbu,sebella
busoshoku,mej
jeux,vjetduke
flamenko,ashmolean
transitore,glaxosmithkline
treignat,denim
regjentët,itendentët
rogocicë,trëdafilave
nbcsë,trangullit
pragje,ghammar
gum,drenushave
penalizojnë,zob
shenbagavalli,dfense
allmuça,falangat
përmbytni,materjal
dishirat,ashkël
rrafshuan,belgun
tf,josanitare
zgarën,murqi
kukullën,pachaasa
shumkëndshave,xheksonit
fisnikërie,alexndreia
gjtaë,herveyit
deonin,mangall
jevmul,brigadë
sonorës,shpija
darussalam,bejtexhi
aramazd,shinkansen
prolegomena,ribentropit
mookie,mundimin
shërues,faberjackson
klozapol,shanksin
primati,procesorike
gjocajt,trebolin
pleqëruar,antitnf
ajovimë,qikut
papiruset,periya
bandini,kërkoheshin
trupëgjerë,autofokus
llullen,xay
henriette,specialiteti
ambartsumian,guns
bredhimi,kahfës
strukave,truly
uese,lështëriku
asocim,magellanicus
teistë,biosinteza
rrënues,paiyatappa
hematitit,beligiane
nesa,prijepole
tiput,donji
kryp,kalikotheriidae
caraci,deshiret
trojes,simbliciusi
ndërmjetësin,leverkusenit
kofardundaye,nënzhanret
humë,rezena
digitalbpor,hathigumpha
ekonomikofinanciar,army
joshkencore,çmontoheshin
xhandarësh,connected
sëmurën,veçënërisht
simianit,zagragjës
macaca,broshurave
qyshë,devasthanam
abonohet,funksionaliste
ndikun,ultimecias
bromfield,venetoosman
ekurre,krutanëve
epikurin,tafës
dedaj,fuksionit
uljeve,premtuan
mbështetnë,shara
parezistueshëm,bankomatiti
popullim,optimizimi
borghit,sarkoleme
diktatin,hejbetulla
tatuazheve,rrmnji
hemofilia,femiror
homeranjë,merenresë
kortikosteroideve,krijmitari
onjegint,lëvdata
lesbike,acetylated
solahshringar,pameruara
ivaylo,ankuar
josporformues,hardyt
karamelen,letersine
jiandesë,dhjetëve
trungje,rendim
memuç,alexandrov
regjizures,fundënave
rame,ndërhyrjeje
kontornos,zgjasi
synchron,nebukadnecari
kristalokiminë,gajathara
qujam,indase
naltmadhni,lendën
agoni,hahn
perpunimi,sifilizin
plant,trazuari
temelli,rasor
intef,perkloratit
varfanj,shprazë
fisuar,zoomorfe
hatmashtrimeve,sanksionohej
tori,probabilistike
celulari,davide
sigurohu,personales
admirohen,depëtimin
nadezhda,tarava
schilling,brendësojmë
metabolitët,kotës
rajonali,gotikja
maskojnë,pakorruptueshmi
ishmesfushor,hialuronik
dekompresohet,uzbeksitanit
hoste,dervishët
tamzin,konkubine
brinjësh,shpatn
desideatëve,belloruse
venie,përfaqësimet
khei,hthig
bei,paevitueshme
charteris,konkluzioneve
huaian,krasnodarit
vallai,shaoranit
mexhlisit,effects
çiftëzuara,matjesh
bebes,islamistët
kanatet,hagia
roosevelti,besarti
softuere,tropojan
icty,tarakeshvaras
kelcyres,kundrastalinist
vernetit,draxler
erithacus,jehud
luksemburgun,njekobure
giazza,bartni
shëolit,mënçuria
ler,lobuese
fatlumë,hira
hardball,hitlerjugend
padëshëruar,dunite
bp,elkejsanijjat
tekneciumi,maringues
ima,teatar
elija,dashurije
travis,gardhi
fierzëkomantiranëelbasan,debanti
benvenuto,vjershëtores
halvar,epifermë
preferojë,shrbente
deportiva,xhersi
veturabe,tradhtoj
shpërndrjes,ferreri
taktpapërpunuara,imazhevesinjaleve
njoftë,notari
nxitëse,ichimonji
arapët,ndryhsme
argjilën,përgjegjesi
vollkovi,parashutiste
superdinastisë,apologies
ferizajve,masakruane
lekun,kujdesues
mjekesore,udhërrëfimi
xhamite,njerimakinë
mossukses,kampionimi
përodret,season
aferditën,kanioning
miniaturizimi,acetaminophen
mandalin,dinastëve
njohuna,adresohen
valhallas,norsemenin
prioriteteteve,anahit
rigjejm,yerevangyumri
ilustrimin,staliniane
rajendralal,dhini
vegjetojne,inflata
kundërveprojë,fermane
drusorë,bromuri
aurillac,tëdrejta
nijansa,bleg
muin,zbardhuese
xhango,korrelacioni
pticini,çuvashevë
skenderbeun,françeskanë
kërrusën,birgitta
amoreattysin,stijl
kontraktori,cikërrima
asocimi,bletajë
qilimet,pjekunisë
lbja,sublimat
kushërirat,intestino
timi,rondeau
drejtosh,uhi
fluks,braronesha
rektoratit,gtland
teodoriku,coraima
vasily,njëanësor
jenaauerstedt,eixampleit
aperture,pretendent
superjak,tunikut
violete,reportua
elememte,xharra
palorto,hendekut
firencja,sofron
mardi,simulatorit
tanines,claudias
aleti,compiuta
guineas,shënouen
bojkotimeve,polmonisë
prietenul,amazonet
bicurri,chteauneufsurloire
zbehim,vrasjçn
budallain,blade
cubists,motorrë
ndihur,ufot
hyjlindisë,reidan
ilegales,angosturës
asha,empedokli
limonët,angle
trbucher,gjithsecili
diosçes,bosco
sterbybruk,varese
qofshi,tyarkanos
rrafshnaltës,vilareguti
shumëqelizor,justinopolin
salisbury,narteksit
adhichakra,vlersimi
avullueshëm,davanzati
serrës,llabunishti
bahçet,fizioterapie
cachei,plautdietsch
grasshopper,mamo
ligjëroj,bukoshi
shqiptarosovjetike,bossier
përmbjtje,makihara
konsiderimet,brendatokën
brat,gladbach
maldives,cpmkompjuter
defender,thurima
avgji,shqipni
latinashë,kaliodonisë
kuadranteve,moderatorëve
paracakton,cordignanos
aleksandroviç,hebert
hiponim,venetia
luo,çoje
zëvendëskryetari,arkëtarit
fucina,praschniker
tyrin,celuloidet
mbrotjtje,kohëskështu
onufryevich,chatrise
kopshtare,obligueshëm
hidrës,shkeullin
podu,millikan
strategëtar,caktur
njëratjetrakoko,shravastit
mikkelin,mizurit
kuranistëve,rajnath
arkitektonikën,privilegji
mokshadvareshvara,përpoqen
myzikës,ujqrish
kometet,angloromani
padija,pearson
glçk,pakize
laffen,nanometa
aventurieri,butrot
bazoheshin,sinapsës
rëndësishmme,haruki
kuban,stërgjyshët
administroi,vendësit
hisaritnë,jonuzit
playoutet,patronim
ccv,trasportin
manresa,dabs
hebibi,nderprerjeve
orrigjinal,plovdiv
usmanov,shisui
jelic,dofler
erdtmann,kajsusit
lakrave,jovovica
shkrimleximi,ljiljana
ujkos,gravës
ballafqohet,sgv
pelinkun,neurologët
pushta,persocomësh
suidae,rezistencs
clare,citytv
omobolanle,nënmbretëri
beketit,akademikisht
buteni,falco
bedingfield,skenvs
raime,fundë
metonimik,cromagnon
astronautëve,periferikë
cnrs,operating
interestit,elektroshoke
algave,kungullit
përeqëndrimit,vllado
trashësin,bilbilitper
crustal,nisëse
ezopiane,madejski
hipokampus,brumëdjali
achillea,bërcak
senpai,javanisht
gulnara,netko
bilance,pershtatshme
ferrokrom,pectoris
unazash,doksani
dorëunë,keqinterpretuar
shtrijë,leuçeminë
shperngulën,voices
kompensojë,rastësive
surealiste,olipm
zgjuartalent,budalla
tonus,daimlerit
matraku,tabave
arëenbi,akumulohet
hidrominerale,univerzitar
sllavone,bardit
sindërrtimi,shaumburglipe
antiquarische,sillë
sireti,petrelën
stigmatat,malajzez
kalbesira,koronua
mellko,tinitusit
nxehtesi,drakulën
shkakoi,boxer
pavijoni,tramvaj
violinistin,tonitrophobia
arvanid,izotonikeme
emalit,flaman
lokalizim,evakuimit
mayumi,venderdhja
pinguli,gereja
fotografikë,stuttgarthohenheim
nënshtronin,kailsahanathar
përbindëshat,prezencë
sthapati,kastiliane
zhvendosura,përfshirëse
penalizohet,mahr
urtia,racistëve
ksilemes,efem
kusunda,goskës
kaneti,byzylyk
pleshina,cgs
koromozomet,strikes
gjeneruan,bukëa
cenotafi,ragbi
villeneuvesurlotsud,institucionalizimin
violinistë,castrol
kabllore,bllokadës
parija,nobelët
elektroden,iroki
pafilmuara,metejshem
lenfant,eukaristinë
ciklopike,paluajtur
resinocit,arile
llopushnik,goneriles
graduates,spastroi
vonesash,komercializimit
integrohet,shtime
diagnozua,komuist
katerinen,pazgjedhurit
bajraqe,aesculap
bent,enguerrand
icu,konkan
sahabit,karikaturistëve
girona,sverre
masuricë,incidencë
traktorin,ripërjetimi
bekojë,eugjeni
chandos,ndërmarjen
apostuj,emerat
lakuriqet,hygoi
sforza,kroatoserbe
stafetat,virusevee
përjetësuan,dyqanesh
monologun,stanishës
artëjoannes,maasi
fordson,bregoret
zdinte,diagonalisht
kërcitja,profetisë
plasaritet,parasokratikët
mishnohet,fshihte
dehidratohen,rrugëkalim
turbullojnë,pitosat
shitnë,skllavopronarë
ndrësa,sudoest
krehjen,rotariane
spërkatur,gjëneza
darbhanga,sqepur
numriadrese,botkin
baholli,çfarëdoshëm
kukureku,unilateralizimi
kun,vigu
demacio,qerdhën
bashtinën,lungarë
injorantë,forced
shembë,adelbert
thiagos,shëndërohen
paschen,mobilizonin
miocen,canis
oronik,snouts
njëqindkëmbësi,jeniçerë
chilia,vodhinë
prikolog,return
skedagazeta,perj
astrale,mamush
skuqem,karpo
familiendërsa,nuhën
joroma,martius
thunatët,daihy
qindjavjecare,scherer
inovatore,eksperimetuar
layout,bluante
spanjes,hatake
vesting,konbëtar
ripërtëriu,touëtsurvar
diellosja,prezbitumit
injektorë,beke
medue,zotohej
prshkrime,robrinë
fuxhi,rti
nandinia,përmendem
erashka,philanthropists
propozoj,bengaluru
shpertheje,evidenca
mosmarrveshja,jolën
preprint,korsacka
magjistarë,gjinajt
artisticë,pendjabi
keqinj,livada
prroskat,kuarciti
frenku,bureaucratization
malonekitarë,tko
mbyllim,uashingtonin
kisspeptin,asuras
omi,transatlantik
cakaj,virenque
omni,silpinëve
çudirave,monotelitizmi
apr,gjysmëpërçuesish
nicks,mongilian
përkorem,mjaftohemi
turnamentet,imja
gamze,përditësojë
oqeaniake,medhaja
pikturohej,boshllëkun
dyditor,hansit
meremetues,ekspertize
lajoshi,udhezimet
përbëhëj,amoras
reklamoi,stërgjyshit
konfuci,mbrojtejes
korrespondencën,komonuelthit
kilobajt,transfertave
tbesoja,shuplakën
pergamenat,medhal
magellanit,zgjoth
milliyet,excite
frontenac,bokserave
kalorit,biosferës
teatrash,renjen
kojice,llolla
paratrinë,parkville
tg,vetëkrijuar
saqapi,gmg
kontigjentë,pamvarësi
papian,hanaumnzenberg
dekriminalizoi,arianizmi
bunkart,venete
migrena,sabotoj
ayscough,humors
përgjërimit,hengri
sjane,dopjetën
sankat,sigurimesh
radhtje,vazove
vërejme,mbathura
metafizika,kaçinarit
suedezëve,stervise
shkruanqe,termominerale
rrug,beldingsville
vigjiljen,ivb
fshetësira,fotokopje
hemoragjia,alcetas
theta,louisa
radiolidhje,livonia
yusufunkinin,shumëndryshime
subekuatoriale,moderatori
klasifikojmë,table
akrobatë,valenciano
shtrëngonte,nebiun
francesk,shqipëriatokë
qindë,gastronomike
hobhausitgjysma,phrygian
engjuj,internuarit
asem,demeter
ngjarjepërshkrues,falcie
kuron,gramatologjisë
nxehtesine,omniseksual
klter,bashksia
ndreq,kapësit
pekovi,instinktet
devapalas,slade
liebeaulti,krapa
kickstarter,vandale
çankayasë,nekrozës
shërbehej,njësuara
ajzbergut,jaffnas
jokonkrete,hagoromos
hoxhallarët,salte
gjashtës,ilhav
duma,kasollat
kapitaliste,fransoa
halvetie,zagrebu
hiperpnea,vetëfinancimit
mekartni,bratosil
pontarlier,zhdërvjelltësinë
popullorre,magnitudës
keqdiagnostifikimin,pst
ill,lpuani
balatonfred,elibra
penetrimi,shtanë
paktës,computime
urdhuron,naoko
poliruar,spermatozoid
ndize,nanter
iacreot,chisë
menadet,barbari
lauri,thaqini
llazet,clude
juridikobiznesore,jcstaff
kavaletit,nanxiangut
eneut,pistoleten
sëmunda,shiiti
junusin,babaliu
strahlen,mangalore
shpyllëzimeve,istoriyata
nofkës,ngulmin
gjallërojë,aksesorëve
gjobitur,simpatizuese
ilustrator,interpretojmë
educational,gifters
violonçelo,supporters
fundet,ripërtërishme
perpiqeni,mccance
jorajatike,horacit
cipat,korruptuara
vgele,tuifly
shchek,shtjelluar
arrhideusin,andarteve
opake,bitëve
gjithese,gagis
fathers,tenxheret
shpirta,provable
impianti,gauley
olimpi,verrat
messe,europianit
goldberg,pranverat
mnyre,gojedhenave
faut,khafreut
rupicapra,pelës
ashrm,butenandt
fearless,besra
fermn,diabetik
lluzhan,qx
bethnal,hieromonk
reflektimine,pleqe
drenova,serreçin
serxhit,khaldn
inxhe,jacks
humani,mustqet
trapezoidale,pahijshme
mesik,millosheviçjane
lagen,naklij
mikroklimë,interludet
rockabilly,folikulare
zhargonëve,histerinë
dëfrehesh,inaudi
maxx,rrjedhen
kopalin,supstratet
trembëdhjetëvjeçare,carcassonnesud
tubonin,ligjërojnë
tentimeve,external
gjahtarë,managementgarbage
aubrey,kumsalda
ekselit,grundskatter
vëzhgon,agrippa
amatorët,rijetëzimit
shitë,shtohetkështu
vullnetart,cloves
përshkallëzimi,perfshijnë
memisha,horstit
pirua,ganjas
direktoritë,specialeparashutiste
sathmarisch,elenës
baraspesh,javanicus
konsiderohët,intrauterine
nënlloji,hacendados
urlje,kapitit
lenconcert,ljunga
mburresh,memyra
ground,astrazeneca
heranikas,pis
eja,harpagornis
shansi,pavërtetësitë
kryeëngjëlli,thethi
shkabës,frazkalimin
orllov,mioflamenteve
ajangiz,challandes
argaios,konceptojmë
intarse,testament
jrankalorësi,sundohet
kundershtuese,dehurisë
vorrnajcëvarreza,pekjur
dopamin,garson
frikësuara,geddy
rinocerinti,rrapin
injektojnë,mukherjee
elkura,bashkëvendasit
agjensive,gyptiennes
timina,supozuam
rigjallërojë,saigon
mbarëbotën,riktheheshin
lafcadio,mauldin
bardhajve,pist
ecstasy,çarmatimit
kurorave,sambandari
lugio,virudhurajabhayankarchaturvertimangalam
ultësirat,përshëndeteshin
emërin,shkaktareve
narodnooslobodilaka,ridënohet
gluten,vërejtja
trakete,lëvoreje
eddin,dajlani
virgjinias,antioki
zërzavogut,qindao
shkatrrimit,shipskes
darick,uverture
tuyap,dashahareshvara
jesteri,josai
lannemezan,dosë
akrofobi,jaimes
statens,ndervendosura
pushtimadministrimin,glans
mësiperm,dolomiteve
vandalizmi,kassandra
karpagambalin,peresit
referojnë,nix
egjina,asistenten
jee,vakfet
carnivores,patokut
emetonin,hyvrinen
ballikombëtar,materialist
krizave,vetedija
dimitrijevi,gazetarie
naginin,shkaktonë
niken,duetesh
principeve,poetically
minierar,mosbesimit
mishmahig,antihumane
acta,paqëruara
ratishë,anketave
kurajonguximin,picanyn
raspe,hamdiun
annës,kontinuitetin
mallkosh,dueren
ergot,pilivesa
cengupermasat,reoccupied
ninçe,chetti
panchaganga,rikonstruktojë
aldosch,cilesohet
dlugosch,zëdhëndësit
aksidentet,bernardt
kakarriqi,gaian
konvertues,agronomë
imperializëm,shpeshzakonisht
karrigat,sukeseshëm
moksa,absorbuesit
asektin,largpamësi
rraketat,zhabarin
poriteri,bektashit
pishina,klintoni
profarma,saprofite
krisobulën,urtimor
divison,fiumaltodampugnani
clrimin,stavropegjiak
hathras,gadë
motorristave,corbin
kongenitive,sensibilizimit
norvegjishtes,girsh
shtefën,numidikë
alkeu,kohërash
toledane,chess
bda,lualaba
pushkatoi,mandara
bisguier,kaçinar
dijeshe,mokna
kunvar,landeve
rigrupoi,leukoplasti
triunfo,lcieve
tripeptdi,transnistria
erectus,romakolindore
anchamps,indoproto
nol,lyejmë
entiteteve,urea
uarda,steamos
kaçakësh,kerinci
dyserynck,dëgjuarit
nacionalistë,nacogdoches
bonilla,feudalësh
tejdrinë,rtkradio
baxter,smokey
berani,masazhierë
ekuestrianët,thesproti
komunistesh,kremra
vasara,ekstravagant
tiruvananthapuramit,xeherores
telefe,kabit
flene,vivin
tiparizonin,sedentarë
laclede,niseshte
prfundon,kognitiveskemave
talencieux,nonascii
trattoria,saintvalerysursomme
pianuredella,rrethuesve
ripërtërijë,çorovodës
cicerrimat,dopetën
prefektin,skiroit
bastri,lsh
qahil,shkuma
aladini,krriera
parahistoriakoha,xhaketës
palaiopanayi,smoll
sian,rublën
simulacioneve,paciente
foling,sensitetin
triblon,meridianin
rozhajës,verifikime
eficence,fetarokulturore
arkiteturore,semimaturantëve
kaçubën,chozhisvaram
eolik,shpikura
instrumentarë,superlegë
pho,mhin
shkatërroj,cke
kamerunas,selimiferati
nermini,paisjen
ruhmkorfit,kuqmegjithëse
kallad,gjysëmshekulli
ajvaz,guineveri
fantazimeve,dario
tajvanit,vmoro
stefania,pentagramit
invazionin,hekateu
hemmi,gjilpërave
desvres,giuntoli
kapitanatës,ornans
adaptonte,gjomarku
panchaloka,bllokonin
diamsanti,ishkuzhinier
rregult,hajredinit
zezaj,papamihali
mëkatare,cea
verona,skënderasi
nënkomitetet,gurorja
aurela,ligs
daly,rae
kurultai,çirakëve
pendohem,internazionale
herëpasherë,donoughoue
fisheke,religion
escola,teofrastit
barbera,njëqindvjetorin
shpaloseshin,jozika
shformuar,triglifat
namiashi,ushtaake
angeloskaliforni,scarpa
fernand,midatlantikut
grekaj,kërmijve
mësipërmë,komisionerësh
rest,kryebashkiaku
shumëfunksionale,sjdahl
eldridge,bandv
millokoqezëpara,gllumovës
licence,pasagjeri
ballinë,ultimatumesh
denzitometri,allçinë
acapella,loren
teokratike,shpërndarjet
shkretirat,mlssë
vetekzistues,fari
menakibushshafii,perkohesisht
rinovirusët,skriptin
spektatorësh,ligjeron
komnenas,adulte
makthin,quajtuna
çeranik,dampierre
premjeratnumurojmenje,segmented
shipkovicë,gramatikanë
hidrogjenhelium,sek
ujhanit,dashon
zander,këmbësorinë
hamendjeve,dokufest
gotfried,kranju
ratishit,allais
martijn,martohesha
karenin,buffering
organizimesh,khg
marieja,shuanin
ngafulet,hipnozë
belfast,akrofobitë
perputhje,reklamimi
kamjes,digj
kleqk,fibre
magdalene,hanibbal
koili,cures
copacopa,poliproteinën
engjëllushen,gurs
ladder,synuari
incizorë,biopsiet
urbanistikës,przegap
makromolekulare,mbajtun
trioksidi,marinarve
kumbojnë,vonët
vilarai,daglas
shikojmëradiodrama,chinchasuyu
therriste,torkosborz
yamanashi,announcers
proçedimi,migadya
përkime,pornë
latinoamericana,pipilotti
gjyshet,anuan
tjerai,enzon
freemont,prekal
atakama,rokud
bërtisnin,rumelise
mangula,gradëve
universalieve,pipëtin
apostulli,lohan
karpoit,torusin
fijezat,gurbardh
nallane,bojanë
balshes,valteri
përbindshit,nënmbretërisë
alaattin,dyrdek
xhenovën,llograritjeve
ekuatorialë,marinon
mantegnas,storiograf
llova,bukaramangës
elsejersey,hokuriku
protezis,shpikjesh
fehdit,cabejt
dinagat,edhdhuheli
hudin,tycho
kapërcejnë,arkitektur
kolektivisht,parishadi
ketevan,sest
kenisë,levantinëve
performuesit,lingayatizmit
rimekembje,prdhimet
papirusit,keqmartuara
turren,anëtarësohet
mgb,adoptojë
asruhuni,socializonin
shikova,celebrimit
antiitaliane,ndërkohëjoseph
aktivët,lionsgate
dimitrit,kudu
skizofrenie,microprocessors
qethje,dekoduar
jataganët,elements
buzorëzuara,qerthujt
dec,sekretore
federatëne,skuta
albanete,platipusi
vizitimit,serebia
nazir,eriseshin
pundarikakshan,greiçevci
clerk,oya
kalsoy,zotim
bulea,nderlidhen
slkishë,tasnjanësve
rumplestiltskin,nimda
antipopullore,golf
haeften,jinë
diftongjeve,seminyak
irlandezfëtyra,dmaso
ashgabat,neologjizua
mrida,përvetsimit
lëvizisjes,kolibe
gjeofizikës,padiktueshëm
identitete,çakmakëve
shiquar,brassens
zinxhirrin,atlete
lunacy,puiseux
dolikocefale,gti
babadimëri,nazione
shpaguhen,civilizmit
krashnicës,ambianense
papingo,fairplay
percjellur,yenicami
carabregu,lirikëve
dtat,krahëhapur
galicajve,corbusier
vannucci,assumptionit
zgjoddhë,uricky
kapakëve,rrudhin
fustani,sinozit
foosballit,kartagjenas
sylvain,sëmura
transfuzioneve,radoslav
candreva,peruvianët
faulla,ndjesh
hexadecimale,sigurimet
qeveriseshin,marksizëm
funboy,frasis
menyrën,nazire
dioksidid,hjartarson
mëkëmbësi,hinokitiol
tupa,simons
parcial,hendekudet
emathia,hollandezehollandeze
zagoria,mem
vrinë,isaia
gjenerale,aerologji
mbasbatës,ekstremiteteve
softverik,karikatorët
picus,çeçenia
tanker,oberlandesgericht
nasula,jorezident
administartën,përemrit
mudd,rootes
vsterbottens,procedurial
raftet,vazelinë
shpirtënit,mëhershmi
shëbehet,mukus
tajari,jetësua
prusiaperëndimore,kthjelluar
rojtarin,fabrikimit
calaissudest,kabardinobalkarisë
kershtlindjeve,sarakaçanë
bermundeve,soure
xoraxai,avesta
shëndaumit,kompenson
llojllojshmërisë,dekompozohen
rahinmundshin,palaco
gjenialiteti,keane
fasules,nitrit
fdaja,neandertal
pakomi,vyshkën
lejnë,leco
sandhi,gerbiq
zbehën,arbana
grafema,spokb
drcsë,identifkojnë
konaqet,zotikut
ganesën,ceraja
reformistët,harpën
neurokinin,houseplant
pririnidhi,detajohet
bochum,myshqevepër
padjallëzuar,thekë
rheinneckar,tregosh
shkretir,osiriake
spekulumi,qëndroja
likuidoheshin,gambian
komitës,veltvohe
idealizuara,dukshëmpasi
parkingje,gjuzi
rrëzim,joao
vertikaleskalitësit,tradhtaresh
shëndritshëm,abruco
nangëve,dallendyshen
tillëlufta,programor
hedhjet,hanefi
hepatoqelizore,uksil
lustër,baltat
brendshëmpolitik,skuqjes
capocannoniere,kazazin
mbizoteruar,tominit
gjysmëthatë,nostalgjia
arbeit,qipulli
brindisi,shpjegohej
lekundje,bashkëluftëtarja
mjeshtërave,aarhus
shravasta,mirëinformuar
thracian,dëshpëruan
leuillysouscoucy,fodors
shkallëttavanit,lakunë
krivaça,govindaraja
esto,jetta
strandja,kodesia
clotrimazol,aymon
panajotit,studençani
bashkëbiseduesve,koreanin
kishotit,ilustruan
kryesoj,mezapi
rgion,istalisht
treblinka,çatise
degradimit,hapësirëkohë
terigjenet,escalona
numërojnë,edukohej
rinvua,vendgjetjes
shlaes,sighting
rëndësive,shënjtoreje
isttë,fushekosovës
ignacit,rrëmbyes
ketamina,fizioterapi
jahti,xhibutit
usim,opper
montsrs,anulohej
kortikosteroidet,nifonin
kalitjes,pritu
mboll,anagram
osmanologu,glaukias
xhevahirit,klasiciste
buraikan,circumvallation
palicencuar,holiud
filipianëve,pështjellim
kabull,chinesisch
vokos,perdorueve
çapekut,harbit
fejr,përfunudan
inisiativën,ambulanc
marist,kadmium
staboll,prekej
shtypjeje,krijimesh
antear,shrungarahita
copëtua,shqetesimi
osbourne,mouvement
keratinin,validuara
hemostazë,kreskesin
zhytura,sanksionuara
shkurtazi,përhimtë
ramnos,kontartën
migrimesh,holsteingottorpit
architeturore,kreshnikësh
pierrebuffire,vizuelizimin
persepolit,shpalosin
bobsfungjeri,szkely
mehmetçik,textron
banimesh,plotësimi
giga,mersinihoughton
bre,hipjen
minikompjuterit,vjedullat
zhargonit,shtuf
skripteve,kuaternale
husë,transpozicioneve
kremton,budallallëk
sprenger,andriyanovna
perpjekur,rrëfenja
drutë,nazkas
insuficienca,suzumiya
adored,tirol
karolinen,schule
protone,riparaqesin
konjakut,valltarin
laterano,asistentavokat
sheshshkallë,stadtkonvikt
baris,pandehuri
teknollogjike,erëpërdredhës
ashanët,abantëve
ngjashëri,trikepside
felike,fireball
duodeni,romuli
panshoqata,çatdhetarizohet
madhështie,motivuan
zmajeviqit,umes
korigjime,beltoja
fundo,konveruar
përfaqësohej,njoura
mazllom,chez
shesim,gatuarit
prnu,ambrosianainter
hine,inekzistonte
langrangzhian,mbështëtjen
dorcas,kalifatet
terek,picin
antonis,nusemall
persosur,kremtim
kandavisë,vëllezërive
pallasin,gykatësi
allgjatë,lukovës
kongoli,tonëshkaktojnë
piggy,minitel
dendrologjia,vatres
ardenica,veriatlantik
shqisës,danilike
holokaustin,kuturisem
frëngjishtfolëse,dobërgorës
paqartësuara,iviii
çar,gomer
korese,heshta
mësimdhënjen,tatyana
epiroskontinent,divë
dv,mbjellje
muas,xhorxhisë
shkurtes,burokratizmit
efektshmërinë,xiiixii
vrucina,kehlmann
tola,magic
egzahrisë,addison
paraqitës,kalasam
charisteas,lenheiro
antiderivate,filosofa
mukozale,egjyptologji
nxënes,tërmkolli
ekskluzivitetit,barkat
punëtorie,podravka
thërrmijës,universitetn
nelën,mendueshmëria
drithra,remake
venda,reklamuesit
anther,mahmutbegollit
shpërbëhej,famshëmvirusët
shoshan,monoidale
babinagorë,përbindshave
vitapo,injorante
severnaja,zigotit
itno,evangjelit
mettrenich,polemizuese
chrost,paro
bletën,mahabharatas
aja,basiliskun
nodës,ditesh
konkurrenca,celeriac
fillorja,prehvet
thesprotëve,relievitndërsa
fizarmonikës,ekranizua
euritiun,undmiel
histerizmi,destruktiv
straits,szavou
udbs,drogomishti
lexington,impresionizmi
ksenofanit,delikuente
oria,nendingen
pileus,lushnjen
voltas,neroutsos
arens,piccolo
population,maboroshi
srsfield,angloamerikanë
kraharorin,kontaktuesi
midhat,mosagresionit
rreza,karabinieret
amilozës,perleshur
bajraminte,vështronin
rampantë,sinop
peshkepia,kundert
zierje,myslimanësh
shetitje,asgjesimit
sainttiennedevicq,teprindve
zaplluzha,caduceus
arkipelag,serbatore
bedo,reactor
sukotait,luoyang
menu,chunin
distibuimin,shurit
ledheza,alitë
electrolux,zorki
greqizëm,lopa
sailly,golbasto
nderlikuara,ulus
granate,eufemizma
juu,gjonbala
zrka,kaljarin
gërmon,asambleistëve
efendiun,shpohet
kubanez,fizikapër
feliformia,formela
nikave,brekushet
padinë,klutaçec
phyllosticta,haastit
lavaqueresse,rymë
shqyrtojnë,kërstofi
memdsdorf,arrasas
palodhëshme,brendshrne
kuchit,militantëve
entrecasteaux,përmbledhjes
paharuar,mahomet
sezonave,përgjithësoheshin
circumambulacioni,maxiles
zhduknin,provues
dollarëve,sapohapurit
provokonte,husenj
vetëveçuar,miglia
ecu,libohovën
kartotekisti,alfabetizmi
shkrepsëve,rndsishm
criminal,liken
jasn,dydimensional
biem,papajoanu
mesusit,brigate
paice,zedi
septimius,blindat
moralist,renuari
ministrja,acceptable
bojku,tradiconale
fshatarësë,turkoosmane
nishanlliu,fet
meixhi,përshtatës
formoje,tejçohej
ekzetuan,ngjajshem
vaden,vespasiani
korelin,sitkomit
zbrazjes,xhebraili
vibishanës,lejimin
frerin,gargarë
masakrën,limitues
cerebrospinal,parakolonialeve
cdc,brimmer
mimizan,ishpedagog
harfit,ecmo
kapilar,njëvjeqare
politarkes,devocionit
shmu,gjma
italine,ilirise
sigurime,rrezaton
glutamina,krosime
posterin,gradojë
dijës,celiakja
pacopëtuara,viterbos
ekscituese,bashkëzbuluar
tifozësh,nprishtinë
intern,akullta
pvrdoren,jashtëligjshëm
kopiliqin,uellsitdukesha
dimalin,hajriz
murgjërit,paskrupull
skeraj,pocërisë
martakert,hooper
mysjes,tetovegostivar
përligjur,fizkulturës
kuqalit,banoj
muziker,burgajeti
nëntipet,iman
brum,kimikes
protokartvelian,hostel
malazezeve,kardhiqiotëve
inspirimin,permajtjen
galaksia,meshkujsh
zvarrisni,spekulonin
prizmit,blomard
subspecieve,tand
thirunindravur,martesash
martohesh,rozayenbrie
nëndetësen,perballur
doha,inorganik
proporcioni,desktopët
ije,paraçlirimit
predikim,reinforcement
përcaktoj,dimraj
nautike,enander
kathedrale,craigie
vermicët,tilluma
agathia,lartpërmendurit
gentry,hitchcock
lloz,menaxhojë
mere,pjesëmarrjeje
gjyqësorin,glukokortikosteroideve
conte,tibialet
volejbollistët,enerrgjia
ellisit,gitaristi
rossocrociati,malville
intrigant,krishan
mating,kalkulua
historiania,ndërdisiplinor
elktronike,eficient
kosovëu,fajësoi
monod,type
xhehenemi,strofkën
zvprefekt,kojunxhu
nerodimës,delannoy
lokanatharit,klasicizmi
gjysëmfinalet,aurinjacien
epistrati,suomi
ngrohjestransferimit,tastaturave
tissot,arkivimin
belulit,zhytës
mikhailovich,dorota
erizzo,promet
modrzu,bojaxhisë
shtizat,skatepark
rreshpjës,populluan
arteri,katjusha
mo,shendrroi
fnaele,beogradas
crevena,krenxë
sumuvuori,nacionaldemokratike
zonjash,etazhë
njv,vukël
guiscard,përkrenare
ciriaco,schnell
shoqëris,nunally
dilkusha,totila
etonimet,zellshme
coutinho,relativish
deponimet,pku
ndjeshmërive,kollo
pasjellshëm,taninë
bangladheshit,demerit
honden,kronos
kapsllëku,nobutaka
eklipsit,frenimet
zaporozhian,prodhin
sankhya,parakrahun
nënvleftësojnë,salmiya
ceptura,përçmua
xhiroje,bashkëevolucion
revolucionarizon,derdheni
kotivarsan,pragara
bishkasit,shkretua
variableve,kimioterapisë
kanarëve,atlasit
ujqve,decir
udhëtoni,blistavo
kolonite,lëngoi
rruatja,konsullja
rifreskimi,budakovë
nilyfer,neshvill
shurdhrit,pieta
penguese,akuzimi
lijës,attavanti
gangnihessou,position
multibacillary,diskomfortit
shkatërrimii,kurapika
kuini,pylltari
vetbesim,kanalizimet
voglën,diu
bidatçi,ngujimin
zotërish,karmen
verpillire,ambrieuenbugey
rrëshqitësi,bret
memorizimin,rrezohet
ngjallte,lovëgudit
chengzhousë,stendali
pikturimen,dramski
bak,shumëfishohet
fatbardha,cervus
parashtesën,pjesëne
kozmogonike,udheheqes
merçenare,paime
erics,franglais
llagap,neonazistë
mjekimet,mafic
monoflektike,galaktikave
vjera,rimëkëmbja
folezimit,alemannic
dacëve,obtusifolia
stervitje,gjysëmgrup
shpjegua,vendaspor
pelushin,diprivan
gjtihë,hileqarë
bpv,ormanpojanit
euklid,restaurimet
cektinës,halleve
vëre,krezil
keshillimit,rraskapitja
tinganes,pitti
embël,palejuar
heideggerin,agnosticizmin
proqeveritarë,rashkë
merula,artikujë
duhesh,sgal
husk,golavarazh
verrit,përshtatshmet
gutierrez,vazhdojm
sqarthin,apianit
hipereliptike,vprave
abstragim,akullthyesit
toulouges,kanoçet
himejit,femijve
puritty,radikali
munella,ndërfaqes
devan,bejrut
kufjeve,banket
count,kasmosaurusi
çeçenë,shenepremtes
përgjegji,kennedyt
kalpki,vetmë
osiloskopi,kërrnjanit
kollpitja,njoftimeve
pakësoi,azteket
kohs,falltorit
roskovecit,dhënën
arrira,kaligraf
skocis,hajdinitë
njëorësh,egyptology
bonn,paavo
gunoc,shëmbëlltyrës
muku,ligatinë
smeriton,margjinat
rëndesën,gellarprinze
tirqe,proçedim
ushqye,trabeacionit
heteroseksualë,gracies
golovishti,fizibilitetit
prodhimtarine,hidrologë
vodica,regjenci
lampreys,buzmit
nëndegë,francazali
pritdheshiko,hypogynous
dhampir,methodist
azilin,shurdhimi
jurive,taraboshi
akrizi,presidentëve
gazetareve,qerpikë
prokrust,thessaloniki
guilford,beets
nenat,vllaznimit
vakçare,jud
lopari,lakmimit
lalë,palingenesi
neurcyberbrain,dëgjueshmërisë
talianka,degjosh
afreskësh,devijinin
shtjellimet,dritagjilan
jargonet,cosslevivien
determinon,shiba
dijenive,tifozat
judikaturën,universeve
tutanj,kontribuues
parlophone,permiantriasik
urtësitë,pseudoplanetare
letonisht,evrelinj
konceptualizimit,internetroking
shkurten,jetësh
spektakëlit,administrive
modesti,abstenuar
taksonominë,premisën
pjellën,pjesemaltozasakaroza
rakyat,skocezi
markovcih,capchur
firth,vëllezrit
venetiku,samsarës
degësh,kokrrakokrra
turc,ëi
ndërtimtaria,lajmëruan
kthesat,parenkimen
xhafos,risintetizuara
urgjendtisht,ngacmon
ingueshtishtja,shfrytëzova
jegunovca,shenjëta
nypit,ogival
jakp,jillani
enderr,chezario
gërlicë,verifikojnë
suryan,kasës
franshizës,monoftongë
flejne,milanon
gjiyhnjë,pollini
suzanë,tabanet
shehnasheen,cefaloninë
gjësendet,riemërtua
magnete,komandantësh
begteshi,puerta
trolejbusëve,përipecish
vullkanin,menus
govori,karboksil
quae,gjedheve
capelle,praeds
emblematike,qëndrorë
ajayi,schulte
amburgh,qafëtuli
blom,famëkeqët
hq,zanaj
seventeen,shigesan
arrti,turqë
faringjitit,shumëqelizore
huantar,armiqesia
dinner,spushon
flamsteed,dekplarizura
volteri,depression
antiviral,kobilicës
kobureje,praksitel
krisura,ceos
lanksch,trazoni
dëshpërua,gouarec
stabbing,disakaride
violen,fugaku
koncentrikë,sotpor
këshillëdhënës,kurioze
captieux,spektrometrinë
nejthen,propagande
thundra,ngucatët
polemikash,drmneti
informatapaketa,lesbizmi
kulturorehistorike,angjelko
dërvish,jogjeometrike
anasjelltaz,tyo
antipodin,zyrtarizimi
bregabunasit,legenin
asasinëve,bonetto
përdredhje,aktinideve
tymphi,mamit
husrevbegove,qendrime
yichen,peker
norberta,gracia
autokracia,pagjetureve
vegjëlit,lypovicë
bilard,teoricient
rijkov,piz
strkova,alosaurid
kangjele,plombireslesbains
meteoresh,golash
romanizuan,shtate
negociatës,bashkëpunova
gjeologjia,hifa
pulsit,pjesëtimit
nominoi,pengojn
dorry,stukuar
gjimanistikë,përtypja
lcdsë,parandalues
humanities,fiqve
ikërisht,seat
kisve,chamberlein
fejtona,armësve
versaveja,gjithëpushtetshmit
lotta,bihaqit
shumi,kënë
hormonal,agroindustrial
bennholdtthomsen,mazeitavicien
dynja,kruni
dhai,drejtorja
kryn,dashuni
biskotës,etnokulturës
achutaraya,sipëri
vërlenin,alakha
shurdhe,isstra
nithyakalayana,kryeartikull
dniestër,ishkrimtar
agjërimin,rezistimi
venje,popi
koncesionarin,tonike
menalau,zotra
aksionere,epiteliale
economico,parma
maxi,bonneval
baker,karrigeve
fenice,thomasius
përgjimi,hipogliceminë
intensifikonte,lentes
borakës,flotacion
ladislav,andreotit
saksejena,gëtingen
bayarena,përdredhjes
turgori,nicolai
kolonje,matsura
llandovery,degirmencioglu
rendësishëm,replikojnë
kufinj,hartografik
ambulator,neveriten
karteli,rënkojnë
delmacinë,apurimak
antoineclaude,beatles
unifikuan,rrepe
rëne,kubota
hirehadagalli,mazzone
erkenntnis,kapacitetulët
përmuajshmen,shshsht
zasa,valras
nderplanetare,ndërsjelle
pritese,surprizonte
burgosë,ochlockoney
neuvilledepoitou,haxhxhi
lamnajt,sensibilitetet
invertueshme,nxehen
krytomelani,zejnelatë
fekeçin,rrjetesh
shkruajturit,anarchy
perkin,abroguar
gregari,zbërthimet
algan,tentakulave
instructionis,ballsamosjes
pitagoriane,mendjehollë
cancionero,mumjet
andeve,tekefundit
enologist,dronë
nevruzi,konçensionare
tirthami,atijë
zjarrvënësit,diakronike
ariadaeus,pandavat
arseni,ishskllav
tricky,events
froidir,cyriacus
otellos,arkipelagë
çamërisht,supozitorëve
alizotit,mohim
nizylecomte,hasraxhëve
kuklla,standardizua
përgjysmua,anestezionit
modeatm,alanit
rezonancës,tupella
pranvern,agricole
toçe,raghuvamsa
pcm,fymëzim
shkembinjë,tigonët
portretizua,adaptuan
sllavoni,margëllëçi
pariparueshëm,marullo
meropës,kapardisur
vezësh,terbuan
pjesëtimin,putoran
hrouda,kufjesh
kancerogjene,mundësoj
yonghui,reaizuar
nënspeciet,brahimin
hudikkalaset,maatha
formaliteteve,pandionidae
modeling,njiheshim
bukurracës,ballokumet
argat,kalbet
sllavkun,octagon
timbrikë,odetic
santibez,stinorit
eskiehir,kada
nye,zeffirellit
ducs,kardiorespiraor
golema,laul
ozonin,lujati
suleimanit,tahsin
përpiluesit,mirësjelljen
gjarpron,olympiacos
admiru,brejtje
prokurimi,chauchala
paregjistruara,sikuliotëve
nohant,premaxillaes
diateza,antigonën
detroitit,arsyetoj
nëqoftë,mercenarëve
bucharest,stravinsky
imamul,neolitic
tchachanini,autiste
bardhezinjëve,emeteole
plazmatike,gjenotipit
eritrocitike,areport
butosit,menuet
njëqint,rritësit
vyrtembergut,vinjhan
parapëlqyen,prodhueshmëri
andrejevin,hummer
kako,varhamihiras
kungstrdgrden,ripunësua
thihjen,ndërorganizative
vlefshmet,dieudonn
hauteprovence,fulani
palestinezearabe,anullimi
zagorës,lushtë
yank,dudës
pashterrshëm,diamantëve
vrari,infidel
stables,basenbasset
seederi,nxitësve
adrenergjike,mirjanin
qu,thelloni
batt,ujëmbajtës
dries,bracketing
ngrohin,musachi
pineritë,parahistorisë
ishambasadorin,numërorë
hacha,përshëndetej
nobelit,kerkimeve
ligjeruesit,independencës
masakrohej,kragujevcit
telefonie,culler
nonaharvin,platinë
zeppelinët,melburni
shqiptarësulmuan,mannheimit
hkkinen,informojmë
balerinë,amalgamuese
formulontelëreni,cgi
çerkezë,ecmascript
zhonghang,urbikut
elastomeret,compagnia
saturday,alexanddhe
drurore,rendnin
spasse,nous
alfin,kaldera
diagnostikim,shiatiku
myhlan,vjetërsi
komprementuar,tongji
remedia,intensifikua
shoqëruesish,edistenologjia
periskop,timur
bta,muntz
pranishmish,fuqija
shpuespx,pagëzojnë
tumineci,mëri
gjitë,çun
hendersonit,spartak
foixville,mcafee
famshmeve,drinosit
betoniti,fundoseshin
laç,tubore
pafundësive,dhjaku
golgotës,recker
njoftoj,kundërti
puth,afërmendsh
ulçërën,chite
jexhuxhëve,lineut
përtejshëm,devaja
igrpja,nrsimha
valoni,denilson
shoqnia,kanalikulare
recedim,yajurveda
branshive,nizlit
këngëtareve,rejoined
gyaros,ragas
zotërimesh,shileri
asamblin,superbissima
friksohen,arnautski
merri,lankapuri
koracini,përgojimet
miroprurëse,shamaniste
autonomin,habitator
skirtarët,megjithketë
shenjonte,suarez
yasuni,kompjuterash
vokopola,plogështia
emëroren,keqinterpretimit
vidoe,javanense
eleonora,fundament
pseudorastësishëm,sazanit
mumajes,kineastin
ngritin,kallergis
pointillizmit,narinjo
douvresladlivrande,protektoratit
scythia,rilidhje
kreativitetin,kureshtarët
triptikun,perrott
kokrat,saurastra
këmbësoria,marciali
shëtisnin,hlc
kryengrjitjen,proveditori
potsdamit,agjërimit
konstantinos,stit
rchis,zhgenjyer
nxierë,irlandes
ekranizime,plaçkave
candrabhasma,ryshfetet
kronikale,frutifikimin
eroziv,barraza
pickër,soros
përsoste,antimicrobial
muskuloze,krali
plazë,ayreon
shtikë,fellinit
eocenën,vedanthachariarin
aferës,tëvane
samaroh,mbadje
laportës,zhunica
zemërmirë,ekberg
peshkopia,kalifa
autorizimi,tendencës
mjellmat,sechshauser
aleleve,automatet
hidroizolimi,belham
zëvendësrektore,muzicientë
nisabur,xhamin
celtis,agronomisë
europaeum,theophilus
bacile,virologjik
ardhmeve,muzibërsit
treguesi,oshilim
naltësithep,simeonoviç
nenadoviq,cti
metropolis,prfungs
dilninstudentet,formulojë
limfatik,angliqueambroise
kantata,sizmikës
aayiram,idhujve
agroteknike,verifikueshme
mindfulness,bebresh
karteles,pelt
pararoja,nikabi
servereve,poetes
intolerancat,grafche
tavili,liaoning
irenë,heraklionit
gjysmëpërçuese,mikrobiologji
prycon,burejde
besarabiane,brahmendra
hodgson,brigida
qemerëve,iftarit
motivonin,albumesh
portage,nepotizmi
pranikar,takave
ofendon,xhematit
parodontit,autokrate
mtacminda,manifestos
kshtjella,tërmetin
medeni,shkundi
sallatat,cornymachromnil
borrell,care
standardë,qeshi
moknave,tabletës
mohojmë,finjutsu
sakrilegji,rapa
qutb,guitarist
fens,objektevesubjekteve
isdem,karakterprinteri
hubbard,koduesin
veleshnja,paralajmërimi
orogjenezën,usu
gandelu,veriperëndimjuglindje
liberalizim,mëlyshi
jomyslimane,goblenet
rencit,shengjjini
belmopan,ukon
shtepisë,arkitektonikisht
matisse,kërlekë
larmninë,osllomesë
periodikëve,katërxhë
skithëve,kkrsdhe
pamshme,iphigenie
allimit,bluarje
pëprballën,kibernetikën
annius,destinimi
elektrotehnisk,faulimi
semaforë,reaizime
pohojmë,coordination
cern,mahnitjen
intelek,pavullnetshme
henrinhenri,gradoi
lakime,përmalinë
rimon,betahistinës
oval,permbajtjes
xhonturqët,ladysmith
lunetat,mishlinës
dialektikë,ayuso
bereqetet,albetit
imbrikse,bashangjitë
colony,poligonal
ngitaj,mentim
konfiskohej,dorelien
jup,thakurit
vozore,nrelit
polinomit,gjosha
chappter,kongolit
arpaden,giannini
fajtorët,saratoga
klloçkë,tjegullash
lidereve,dërsnikut
kovë,vulgata
babadimrin,gjylit
flossk,shendet
dyndeshin,skanderbegu
sfiduan,shultes
gazetarësh,shumëetnik
trichomoniasis,sitoplazma
raiva,drejtperdrejte
shpalljeve,jazhincë
jra,imtadvanced
alexandrinë,perseriten
puntoreve,miushit
endoskopinë,ipeshkvijve
malpighi,chisnau
mëlçinja,shiler
schulerud,kluturore
samantha,këng
erzeni,tërkalaçe
buxhovit,moskurorëzimi
kendal,jogjermane
bëjnëintervista,cevi
tsunetomo,shenjtëoren
collserola,dekoderi
përmendun,kundërshtohet
andorase,leninistët
lamaj,conventry
vijshin,shlyheshe
xhelozinë,girossi
gaudy,digjial
mash,partialis
afronin,klorure
sesostrie,hierarkik
nimfes,bushnell
konstelacionin,repetam
transmetonin,atii
konfucianizmit,linguistik
ksamil,ermengol
jotrillime,kunatit
beatbox,nenshkrim
yogishvara,konsumojmë
bonifatius,pauza
ostrogotëve,erif
shistoze,riemëroi
partiturat,kongjenitale
jugosllaveturke,shishëve
measurement,karbunarpara
senza,urdhëresave
shtegtimi,hisarit
tris,mynyrë
pandryshëm,izuru
çmonte,derka
fëminor,chambal
adolphus,anivaritachari
dhurimeve,saharozë
kanipakamit,grammaticus
ensanche,partez
schober,tks
shuarjen,nicaeno
mililitra,përvetsimin
raketorë,luaraqotë
zjgedhjet,damka
shendelliut,kuarcit
patogjenit,tupungatito
kolaboracionizmi,projektor
mesdhetarë,kristalta
austrijska,lapidarin
mesazhesh,gozhda
rozapha,ozark
federalë,fitimtarëve
kallamatës,filtruar
podrimaj,hënore
shtëpiat,fshierjes
brail,tpl
kundërpeshë,moravce
crocetti,majdanozivegeta
shtegtuar,virescens
lidhjës,impenjativ
kolbcksbronit,gjashtëditore
oresësh,botta
pyllii,shqiptarizëm
jubail,fushorkodrinor
mentorimin,neondërtesa
sunfish,shtagat
njëirologjisë,taracën
bonifacio,shqetësojnë
janinen,hitetit
spërdredhur,bazëthemelore
sanzang,rasimit
shyhretit,bariz
hidhëruan,reklamimit
suteanin,tregas
ship,nun
briskut,admet
criit,atrofisë
vardarianë,salamanders
fëmijnisë,charyn
grumbulluese,degjeneruan
zhvendosurve,teki
acidoze,shtatëmbdhjetë
bohemundi,rustikë
certifikatave,konsistojë
perospero,akh
kopek,grupmoshës
trunks,patinazh
ndjeshëmërisë,gjenerukë
autogola,ratio
zvpresident,homoseksualeve
rregjistrat,reçices
turpërimi,naftetari
dallask,rabana
ngjyrosë,hage
qënit,papërgjegjësi
luks,stano
demoralizuese,christodulos
miometrin,nrondes
tmerruan,shkopinjëve
bukhtishu,demetrios
cocsar,simnica
intelbased,aristolochiaceae
glay,vreshtaribëverëtarinë
tracer,letraroartistike
sounds,kurumdurrës
ankonë,zns
teoremen,grykëderdhjen
trasteveres,bogart
krimbvrima,automatic
ujësjellsin,nutrition
siris,ultapreferon
brambergut,ideogrameve
lga,papacise
japrash,shumakeri
crnojeviq,nyonnais
betejes,konstantinopoli
kentaurid,siguresën
vllashticë,romakëzuar
political,dorëhiqet
ojqje,norra
troftën,françez
utrecht,kavjet
lennonimagine,arila
korcësoparitgore,rrejtë
ertms,kthej
peel,prefekte
radit,stolisin
romancieret,posh
historikekulturore,rrënjosjen
lehrgedicht,mashtronte
ennjten,nandangarh
koncetrik,gjevorit
pedagogësh,shkencate
heliosit,bolognan
bevins,melisa
tjerëtstudime,mbartet
depresivë,kontraversibil
qelët,luajtjes
pongo,aldo
silahshor,teutonike
përforcuesit,arketipeve
freiin,sabine
mkr,mariane
nderura,bourgeois
kinoprojektor,polibin
klasikisti,edukohet
benzodiazepinës,letërkëmbimit
mulino,fotoreporter
tabiineve,uraninite
deterxhenteve,ayers
bajlozi,siscia
mixhallarëve,dekantimi
jdryka,tabu
annunciaziones,invers
kryqa,mazo
malëare,osmotik
sarada,boysun
kda,passengerrosenbergu
kërca,serreq
përzë,birësim
jançisht,procesittë
dotë,politikoterritorial
autokamp,shkallnur
morgianën,lehtësonin
kontribu,inatosën
sommer,voinjakut
biscayan,nënsahariane
baxhia,fyejë
gangsterizmit,ndërshtetëror
napolona,lindurve
cdu,hërkoc
antigjentrupave,vranitski
zilisë,lakuriqe
ullishtari,fagesi
rrezatojnë,bukuroshja
pambuk,hovshëm
tragjedis,vokalizuar
jopolare,mundësoje
verit,randomizuar
agallijaj,shqyejnë
autentifikimit,mosdënimin
hajrushi,siçilia
palayamit,shtjelluara
frymëzova,pictus
ndërlikueshmërinë,bridget
biciklet,grampozitive
teigu,ivanoviq
mismo,sanpaolo
datagrid,furtunave
danceartist,nacionalitet
rrjedhjeje,steblevës
burokraci,kundërsulmonin
bdl,xhaket
kurtn,vetëvlerësim
udheqjes,theodorin
facelift,dhjetevjecar
jamhadit,debimi
yeter,filamente
univerzale,acideprandaj
zikzake,smënoi
interesohemi,çiljeta
banyani,retalentin
keshtjellesqë,urnat
suportim,tarit
stellush,svar
gurguricë,divorcohej
suficitit,liberit
kristianizimin,transcendenca
nënvizonin,mënzre
poliset,disponueshmëm
mahajan,rezatime
lloçani,mediator
treillers,përvujtëri
kadriuetj,kengesh
lestrejnxh,rosina
shkodrana,anunciata
jeromonak,çongqing
përgjithsme,fukugo
simvastatinës,lejoni
evakuoheshin,boceli
koorporta,systemsit
babyvexhita,diversit
agenouest,austroturke
kazanskij,gurudvara
asparuh,asafi
fëmijeve,analfabetët
armepushim,ultinë
pashpresa,bosnevi
diodorusit,prishtinësgrupi
dermatologëve,inner
polimere,servings
ikësh,dhemebve
seth,mapuches
gaaras,referohem
ngorongoro,elkajsit
pyesni,jitsuroku
kaviratna,oftamologji
dvdtë,kabllon
kutu,dikasteri
akadeze,bishtobardhi
clip,tyrasti
burgasit,entel
kodza,ishklubi
graffiti,jubilare
qemalivlorë,xhirojë
qenje,kakarot
edomasve,karlovy
debatuan,protodorike
urohet,islamic
grnges,rekrutuara
neoplatonase,rivlerësuan
harduerëve,shëngjergji
dalep,vallecano
teknologe,përkrenarja
ekspertimeve,vajtues
rozafatit,ktheva
fazaclo,pandat
ramenya,qaset
përiudhës,dacre
pjesetaret,pilurjotet
kadilerët,ciflig
përqëndrim,gjeostacionar
valenciane,nandishvara
jonët,romlanve
hiperion,arvantinoit
spitalesalla,furphy
kukullash,pushtoj
starova,tributin
jazeera,vernakularët
alavs,përgjithëshëm
dranja,kandrës
përdryshe,gojëdhëne
anthim,ekstradimit
fafja,cliron
solidus,urmanov
mendunan,kërcejtë
estridsen,pasanike
pushes,nënkulturën
anëtarin,altaj
shkjezit,polemioi
boshin,njëkohsisht
orbit,vargjesh
diagnostikuese,triliona
enas,gllogjanit
aysee,matyszak
baballak,hahr
ikonoklastëve,shtazarak
ujëtokësorët,sabadell
mospjesëmarrje,vjedull
shqyei,buhocel
errruhu,ossolas
rossville,lulesa
prigord,përçmon
stagun,macropaedia
mulasarvastivada,brning
evitimi,morfofonemat
konohagakure,zëvëndësimi
paarsyeshëm,abdulvehabi
venga,kristinën
vrastovëpara,përfaqësuan
hapesiren,kukëstopojanshishtavec
lplsis,athua
bingen,anëtarëshe
saktësimin,diakronik
kosmaqit,agua
karamele,frangash
cfarosje,enxhinerike
hetuesisë,pjesemarrjen
hershmet,epidermën
mangalores,bashkpunimit
minosse,oryctolagus
invariane,prodan
kosciuszko,tnde
dhenien,zotërve
bollandt,hokejve
njëanshmeduke,tentacionin
gita,pjazza
harrimin,mishanj
pagëzonin,kopimit
parashtyp,gjerasimi
grekut,radikalizohen
kundërsulmuan,nationalenfrontorganisation
mahmutbegun,pirunët
bthunenord,psikoanalist
hajt,veterinari
sainttiennedevaloux,manojl
otsootso,basisti
rosado,jeromurgun
customs,pabalancuar
bashkoni,tosun
hioguanines,saintgenixsurguiers
autoktoninë,humayun
taulanti,klcsey
paqës,njëdhëmb
chapelleenvalgaudmar,bacary
ngrehura,trix
vds,vinlandë
tonalargimi,galaktozën
industrialistëve,sqimë
fair,lustrim
ephedia,orlanssaintmarcargonne
makbule,mulroney
bastorës,vizitoje
thembër,nagesvari
fejaz,shërbit
bilaterale,valltonë
shibenik,lanit
petralifas,anibar
guroreve,crivellit
thjerrëzës,ukmt
divisione,montserrati
përdoruesëve,përparë
vendpagesë,navy
tegtare,privilegjit
aresimtar,junger
sklodovska,lleshit
koleksionimin,mendieta
ribozomë,supportusaid
agradelhi,termodinamikes
tasteri,hylobates
elegiacore,aristocrats
ktrzyn,euroleagus
gjedhe,lindman
haremin,varrimeve
arllatit,lenjani
lirina,tivoli
encylopedia,skeleteve
sçomorës,accoona
atlant,abdikua
araike,ngjeshmërisë
menjanimin,padishah
mustedanagiç,nital
gjithësecilit,researchquence
femëre,biarritz
entre,këngëtarkompozitor
mikroarkitekturae,udhëheqësë
savër,ndonjërës
riniseshin,cështjes
bouti,chatham
kanallaqkjo,hetohen
ishkëngëtarja,kalana
ngujuese,yakushi
problemsepse,skrilleks
kamatës,pasaktësisë
misterike,lakuriqësh
tçatajve,dragovoljac
ndalesës,gjurmeve
membranore,kostandinopoje
kapiteti,zgjuarsia
pritjeje,burterin
paplagosur,mably
parodik,avansuar
matematikogjeometrik,inagurimi
cungje,kiliani
shkriheshin,batalonittij
datagridspinnercolumn,zlatko
patriotizma,lippincott
bolonjezët,kanadaj
otariinae,dilema
marrëshë,sussexit
yanez,minimalja
ftohëtit,jetua
shikla,kapërcyeshme
cundy,psdp
korrektues,fobi
fryte,rrine
abaza,hayden
trool,kopshtarisë
shqipetrashëgimi,dietave
realizuese,buddhave
komponentja,vazhduam
detective,orochmaru
carlsson,orogold
fallxhore,skandaloze
ial,vetaktualizimit
jonahbarjonah,budave
sufiksin,eksportohet
simpatizantë,mesmee
listbox,alkoolikisht
ferizajas,dhimmas
httpscitizenschannel,pulna
kopotet,dollma
shpatore,kampionja
dnvp,grief
pastias,nëntemë
shkëmbe,poliçkë
eksportuese,martojnë
dominike,salmoni
tërbunit,latinishteje
akullnaja,propontidë
nebihu,artikuluese
qensh,turczyski
xxvi,svetigradit
infermieror,bckstrm
qoftes,majku
herlitz,bnaorë
urbanistikes,arshavir
blogu,hidesaburo
mundësojne,domajve
backboards,djepat
montfortenchalosse,hivzi
motoo,posavluar
xhokaxhi,gaxhja
versineve,drguanu
gjeoidit,nosaltres
atsushi,epilog
hipotez,lagarde
arrësi,bokuchava
kryredaktor,bukhara
nainggolan,koretishtë
rrahjes,biçakciu
satmukhit,trasten
gjithpërfshirësi,saintvallierdethiey
kmoru,vje
unidentified,golfing
kundërreforma,emetoi
pivovarna,mikrobi
ankandeve,ndaje
polemikes,shijojmë
fermentueshëm,jahtesh
afateve,sukarnosi
keery,gadiashullin
saintcr,raffael
kryesorbass,poshtua
eugenio,therapeutics
ikomiteut,ekulibrit
nisej,ensemble
vjeçares,brock
kli,dorezohet
bardyllis,shqiptarokanadeze
umajjad,phylogeography
mësuesesit,mertikajt
dekodera,zyrtarizohen
shenzhen,nasdaq
voglushi,jerliu
marllon,gangrenës
vojsava,gln
bastisi,mishlesë
marshallëve,spriggs
derguan,ecurin
terapantha,kultivonin
biblotekë,makromolekulave
muavija,stilimin
ilahinë,kazaja
banojmë,performojë
vaishnavite,protagonistonte
goditjesh,obeliskë
vaskat,supernovas
rrudhës,ekzekutues
goya,muranat
surf,pueblos
albanien,nacionalismi
kyq,umaraogiri
bimbash,vitali
prehër,çelaj
tagje,sulfuret
eksplorime,shpronësua
zubën,gozhduan
tomer,koralit
ullinjë,nias
mirahori,troi
gainsbourg,xulu
shehj,svsj
mullisht,olivieri
sundohen,dërdëllisur
redaktoni,transkriptimet
kompatibilitet,masakruarve
meo,trishira
dallgën,shvejkut
pakrehur,sardë
cursus,seizan
zenelajve,senas
komplotistësh,rexford
dymbëdhjetëfish,konzorciumi
romanike,ripublikua
gllamës,eklipseve
galinhas,personazhëve
vaksinimeve,çonka
bevel,çmontimi
eckmann,mris
menduam,gucin
kordilere,bashkëmoshatarin
hesionën,lanisht
hostët,pagabueshme
starball,dritash
stonde,paketi
feministes,sleaford
aerator,rrënimet
rivlerësimit,oxhalan
dregëzave,skolioze
madre,procestoka
ndërsyer,erphesfurt
veshet,hoxhallarëve
kyqyr,sociolinguistike
shpatarak,ampules
kopertinash,marubin
mjeshtëruar,skandalizohet
nautilusi,francksenstiftung
pagjakësi,ndjeki
palimpshet,profumo
meazzës,komplekes
mcdonalds,gjeografin
lojëtare,enriko
metropolia,ambigramat
groenlanda,enkripuar
dëshirimit,medresa
spanjishta,locle
transmetueshmërisë,leaddisi
shpatijëve,laibnici
vedvyas,obasë
skylab,telekomunikues
shgun,otterbein
minesotës,elektrokardiogramë
koincidenca,durchschleusung
kaninët,skëndërbeu
irancontra,motivëve
olimpin,kryeziut
tërbaçi,bastard
blissett,komentatori
perroi,monroe
vllamasit,fizikanesh
obitën,eldar
nimani,betejava
versajit,glick
shumbhan,pertef
ole,besimtarve
mesuesja,marrëveshjejes
paqena,ihmk
gjelbert,universtitetin
auron,castin
pataliputra,plaçkiteshin
chirtoac,tiffany
përkulje,ndihemoi
himën,maurici
nuni,neurobiologjik
ssp,kostantinopojës
spostuar,kembengulje
velenje,kondensimit
mendësinë,artisik
llukarë,rsktë
statistikant,këqyrte
hëtian,tiranësbankës
strminoasa,dritëmbajtësyll
shiruko,përligji
telefonatat,aneksuara
coj,lincolnit
micani,vestibolos
maqedonaseadrianopojë,kaftalli
coddit,pogaçja
googlemail,cunanan
telaviv,agnesën
hinacourt,çmu
mundohu,maraq
jolliet,bergstrom
rigjenerimi,emporias
buonaccorsi,sasine
safin,satyagraha
transferta,recanted
mirej,frytdhënëse
ovarian,bonobos
satake,njerëzvepeshqi
hipnotizon,lamitë
kuzhiniere,annia
mocme,nomadizmi
aste,lac
urnë,lexuese
tëvanë,skuadën
kantine,arësyet
unorestiade,erjoni
shenjtores,lalluji
vesën,vlefshmen
botror,nasip
dhjetat,dobrogora
njëzetedy,emëroj
uddaulahu,ashlani
komponeteve,poeteve
zdunjë,sirenix
pritesë,abdunaserit
holivudit,inuyashas
dytët,rutinor
brerja,grad
eynard,bykova
dritore,aneve
saintmars,kulturole
nordhavn,mbizotëruan
cliffords,operoi
shumëkombësh,leonardos
sonetin,fatbardhës
savan,histogramët
mbretëreshe,postribë
imambajëlldija,centronic
ngatërrohej,aurangzebin
kafshojë,pelas
hhs,timori
ditariste,njëkahëshe
quimby,komentimet
depërtueshmëri,mishnaic
pdsh,thracy
kriijua,specievehabitateve
estates,sakcinski
gojëzave,anatoli
mirëmbajë,shrivport
cialt,literare
hieroglifike,civilization
gottlieb,lambeth
biggs,mavijosur
vogelheuser,blacking
dimrash,anotacioneve
pasterizimit,eksagjerimet
fjalorthë,teknoligjinë
rrezoje,prezantim
herculis,gabby
modyford,sudairi
republikani,deponohen
amyt,pondikati
parapolitikës,ruda
sigtuna,perioperativemos
mirëpresin,gjamia
vaikundavallin,shpjete
kalorifike,hippogriff
mrozinski,gernicourt
jolës,buhoci
shunga,pelqyera
musallari,filippino
arkitekturorë,robini
gjunj,albuquerque
valenci,girton
zbraste,momentetin
tasmaninë,dizhonit
sufli,grevave
foyers,valixhes
garipova,dresë
gan,lartin
meguti,dutrnit
chanticleer,khentkaus
haddick,achaeans
sheshazi,përndjek
philipsmca,tangjentesh
vaprim,biseksionin
brahës,gill
augeu,parzmorja
communiste,latifondeve
pusteci,kompromentuar
kosovëa,adhd
dysnomia,aquaviva
aline,dëshironim
tubuan,maraire
tradhtive,fqinjet
elad,treblovës
shtypurit,desantuar
hosenfeld,alarmuan
xhupollëve,gruemirës
xhudoka,kërçov
nup,pacientesh
reduktohej,ripërtëritje
laila,foljor
klimes,traumë
protoplazmë,ndërgjegjjes
milant,ordhen
presidential,halile
takrijojme,vardiset
punsuar,goti
dekonrimi,sloan
paregjistruar,shaljanë
financuesit,vendohej
shtenjeje,seo
sajnga,transferet
kompresorit,evangelimann
endacake,botue
serifeve,yerevan
depozituese,shkelmojnë
lëvrimi,chinacultureorg
horacio,muse
paspecializuar,ndyrësirës
nozay,empatisë
ekon,saintambroix
padegjuar,përfaqesueses
niversitesi,crvene
xxiii,ndëshkoi
rezerati,fransonit
konferencierve,emrinë
gradientit,zëriintonacioni
lokacionigjinia,agjërime
gennevilliersnord,hetit
velekinca,militantët
kështjellarëve,barat
rrokjezuar,sayeret
bienpor,murakami
geraldinën,hiphoprap
homerin,klane
kukudhët,arbëror
truprojave,bedenat
bitash,ivy
ripërdorim,cianobakteret
lampsacusi,kromin
tëmbla,rengrenk
kazekagu,romantiket
kafshoi,aplikantet
zingjir,grindelvaldit
franks,tutelën
modernizuesit,severi
kamber,likujdimin
falenderoi,caro
kuptoheshin,checkin
elhikmetularudijjeh,sofokliuit
nagornikarabah,jamboli
butuesi,brunnerit
nubies,vallëtare
agjensit,lazarsfeld
jerichos,skypianët
rabini,shishnin
derickut,gapf
saadiut,madhësish
about,rutina
pulsionet,hoqa
gotvaldovë,veshëzën
askolanët,poprap
stefanos,kallipolis
papërsëritshmëri,atmes
dulahalil,autoritarizmi
jharka,dushmanit
seriozha,fillimish
timarliut,monophyletic
analitizmit,rrefenjash
arvanishte,perdorej
përfaqësi,superfluidshmëri
crisis,çrregullojnë
vitni,kërshtenë
reçate,mbingarkesës
krushq,nooristan
auxilechteau,komutojë
korneje,gopinath
aktrojë,regjitrue
moya,manasit
tigresha,mosi
grumbullohet,robinin
mçef,tsen
kundërsulmet,distinktiv
gebelein,patozi
grava,infiamato
roadrunners,kyqja
lagjeveve,euphemismos
panji,borska
nentorit,foragjeret
dubravën,interesimet
fcc,gamespy
berami,turkistanin
gaspare,potholetejkalohen
paulini,ngadalësimin
iisse,shkelëse
kullosave,boyd
krimml,pradakshana
mentorimi,educacin
gatuan,brechtit
belgranon,kolkata
nicotiana,udbes
bolex,kalbëzimi
kooperativist,orikisë
univesitare,kryqëzorët
sapunprodhuese,cilësojnë
mbitokësore,mbarueshëm
brahmsit,dhërmiotëve
saora,marziale
tutorizimin,hemiboreale
okupuara,makinerin
sanader,qenesisht
eseistit,barut
rremullak,planifkime
koddiyapuramit,sajio
bhandar,spahillakut
xhelat,bashkëmendimtarët
ethermijes,iedhe
teddy,miyako
nominuari,rikavikës
jashtëme,bbcs
syt,vllehu
sherbin,selmanit
arratisen,oshlani
pabese,properëndimor
vrerin,gamlestaden
karasakli,furxhiu
përparsite,bajazit
alimi,jorgji
hisingens,edp
etanoli,kalibrave
pergolizzi,jetone
ciphertexti,shkëndijën
urbi,daunëve
fedra,ster
justus,lomonosov
pozicionale,colloidal
burleskës,balza
sodomisë,radiologjisë
pirgje,soundlarndan
khantengri,raksha
geffen,filtrojnë
qeparo,akrnë
stilist,pasojën
lonsdaleit,torini
rinoxcerontit,parr
divodasi,erëzat
laokoonti,hrozn
lh,istrisë
përafruara,kërkuat
ullinjve,elkubra
arvania,thera
jakovën,ridhe
optical,trompe
lorenconi,brajoviq
endoskopia,xhepçishti
milë,eksperincë
universaliste,rrjetesdhe
coverdale,debora
americana,archdeaconry
parete,bëje
dolos,vizaton
drenovë,pështjelljes
halperinkaddari,axolotl
paphlagoni,durresprishtine
hackoi,rrezikua
divas,koloritit
instalimet,rishikohen
kamarja,genocidi
revoltua,regresionin
trigonometrisë,tnt
gladiatore,sinodal
tonoplaste,kuçoves
ushtarëvet,dramatizuar
kubeore,qytetitë
superbrands,potok
junnar,xhybe
dunadrva,bondari
pamiirembajtur,gigas
najdorf,blirëve
donda,vititet
anëmban,simbl
tretes,dorziat
ptsdos,rrogëtarin
kyqe,burgjia
phonon,austrolapitekus
richardveteranë,ulum
filore,tragjikisht
albaneje,aland
rufusi,rekomandojmë
braian,krateri
qëndriminpolitikën,mikrobial
electrophysics,lëvizen
fn,kyritë
tiruchirappalli,steroidesh
myezinzade,kancelarite
shkugzës,karikaturash
kreshtën,marrëfrymje
afreskët,irmeli
sevimeden,serbishten
seepz,paluhatshëm
linquist,herioglif
ashrama,shumbërthamësh
bradikinines,sulmoj
guadalupes,thatësirat
mundus,paklasifikuara
hinka,reales
pedralbes,lolito
pasigurie,hjeke
elmadain,depërtues
ndrohet,fortifikatat
ropica,atlantës
dispozitë,paleobotanike
llapë,vranësira
refluksi,hampit
celin,avital
dinozaurin,situ
mosson,dhimbëje
precizuar,arjetës
tmerrshemshkatarrues,tavolinëkthese
harten,pulpitet
bioekologjisë,manat
deficit,mmvit
jezuiti,jackit
garofani,vesara
spanjishtfolëse,phylogenetic
incizime,midtjylland
mikanitin,leftfield
piroklor,serpentinite
stolisje,pecani
arellano,ndërqelizore
frëding,fitik
brasko,rinoceroteve
naqvin,zuskë
tezet,brigadn
yozlatrld,abonim
papandreou,shtyerja
konturin,janëindustria
traikuta,bradford
bibës,lybekut
rabbi,ngjituar
rrugëkalimet,leverkuseni
lotriderm,tejshkruar
plogështon,bimësise
fiume,yajna
raikous,crayin
tunere,taranpanthi
kasinos,serdali
httpfilozofiku,katunditdhe
hyacinthe,llojisepse
vaziyetler,uglarë
trombembolis,kujdesem
recidivët,stetige
specifikojn,finding
monturiol,shtrepi
trenboembolia,trampolina
janis,cilve
mbollën,femratkurse
parakalimit,stërlina
dialogët,ami
avestane,jinabhavana
jopamanyungan,këmbalecit
sonoko,atlase
markoviqit,trimçeve
lesbian,aeolis
rifreskuar,llapushën
vironin,siegfried
arkë,vëzhgimeregjistrime
zmbrapset,helme
konstatuara,sixto
amvisëri,nayeli
debutime,krtaz
kastriotinskënderbeun,shtangies
tragjikomike,gjakpastër
gosturani,fluidin
ndarjës,bihorit
parealizuar,fokusimin
investigimit,godfid
studioni,çmendura
cefalopodë,tetida
pontdelarche,epistulash
nox,dadoja
platonizmi,etër
faturuar,pabesueshmja
mercuer,trakinaset
ëmbëltorëve,tivat
meshhed,boksierët
akhenatoni,idhujtë
rekuiem,hajda
kalifat,djale
trashegohen,intelektualin
bodaninskiy,rehabilitoi
tejpërtej,egzaltimin
bungalo,marussia
blackbox,ledhet
mburojave,nikaia
omn,kubit
pozios,xhandarmarisë
rinoan,hunsrck
tlingit,tarent
shrugs,dhërmicëpara
varma,aneksoj
konfederatën,bosnjehercegovinë
bolu,taksonomike
kurdishtja,shoots
driton,jableh
inteligjentë,kerellaj
strategjine,armiqesh
careerlojtarit,strae
emriid,gaforret
maltisht,xhemën
striptis,pistili
trakën,selxhuklija
landschaftsverband,demoted
akullnajore,nënkategorisë
fahd,mëshon
drthërat,leskova
fugitives,ushtrohen
tastiere,cilësish
tranferuar,boromir
komplementit,papiermch
sirmiumit,djerrë
barazimeve,nxisni
ulpianë,aleute
labiovelaret,nxerrë
oct,nynshamn
korba,gais
thomsoni,uellsli
cmendur,adalimumab
parashtresë,devatas
propozonin,mozambik
vllazni,llahinka
hipervigjilencë,vllaut
minimumizuar,miniti
kombinimeve,isakun
pasazhinduke,fëmre
kërcyen,ekzaminoi
fosfat,orgonautëve
ariobjektet,toleroi
rrogën,medhhebin
bunarishtja,margaretës
skedashekulli,evangjeliste
temirkhanov,rrëshirë
elualidi,falciparum
vernakulare,kuronte
dodgson,kërkuam
hsh,globalizëm
korata,guerilasit
fejue,archer
dlpfc,vëndbanim
famshmi,serfi
doktoroj,panjohurën
vendroje,evlame
jezuitë,tetëvjecare
zhardhoku,najloni
suksesshmi,sarën
rifiton,balers
ishperandorisë,ujshejt
korrespondencat,dymbëdhjete
fjalimet,lypsar
alkimistëve,kishësqendra
hennegau,mujovi
surfing,emanuele
klonimit,interstate
kolor,sephardi
res,ndikjon
copulimi,alabastër
ezoterik,vërtetohej
kompetencës,mantua
armant,sbashk
ngushëllojnë,rrymor
podcastet,akrobatikut
intarset,konan
xhunga,paduruar
papërfaqësuar,shova
bezdiset,fantëve
multiatomike,tmerrohet
pozicionohen,sënduk
gallata,panushi
jometalet,regjimentet
jakovlev,kalistit
çkurdisia,cay
maren,zagar
çelo,zbulimt
vlërë,joyster
eksportues,pengesash
relativizmin,laurenzenvorstadt
marmara,doees
shengjergjit,surp
companion,dimalit
neglizhohen,rekrutohen
aetoliane,xhamash
pafundëm,rrëqebuj
divyadesamët,perkusionist
nefud,kantonet
eritrocitopoeza,xm
atenë,frankfort
autariatëve,pirenaica
sabato,brëndshmë
limdal,shkarkesës
kauka,rekreativëve
shoqërise,bhe
sedra,fontville
duckallari,brg
tennysonit,phylum
birt,epikuri
penile,kryseia
protektoriatin,azaylerideau
gjithckaje,ipeshkëvit
mafisë,everyday
pila,johadëve
jerevanit,tigreshë
renome,aixenothe
songtaizu,shnderrojne
sistematikës,enkriptuarë
stick,konvencioneve
skotit,indigjenët
garëshit,kamberit
zympes,mbytja
kragujevc,rigurgitojë
aukland,poa
malokvenga,tëre
agjëronte,alnassr
mfishe,mestizos
skmpon,fizikantin
kontrolla,piripasha
schiffertor,eretum
atomevemolekulavejoneve,realizueshmërisë
tipizoi,dyndjes
pikëshikime,kolonizues
nori,triumvirate
arganellon,konsolë
saënsin,sipërmarrjesh
kozuki,haarmann
mospërputhjen,ipsum
seicili,shumëkëndëshe
rusishtsuedisht,tokazi
debitorëve,bolonjë
arterioskleroza,vidarbha
protiopap,plutarkut
hakmor,apendiksit
realizura,lahesh
italianogjermanë,fërkimin
quartermaine,nglatur
appiah,hfezit
alininkai,adresonin
monoton,kablloje
pohojë,lagunën
anijendërtimtarisë,homeostats
krijese,kërpudhangrënës
flanery,berlaimont
vietnamezë,marrura
helmstedtharbkeliqeni,baxhija
pollog,sgebrecht
kontrolloi,reprezantacionin
bont,hereke
sine,retikular
mendelejev,qafoku
pjësët,çeçenoingushe
zhej,rionit
shëben,gorostiza
rrijetë,nast
koncia,lexi
shkodranin,algebraischen
bunjakun,breukëve
cerberin,belemit
vlez,snchezi
cokllarëve,mburr
lectures,përmbyste
ashvini,llogarisim
arsenlit,midenë
scabbers,kroshat
simetrikë,seminaresh
ribotimeve,personifikohet
gjindesh,zallishtë
acsa,ngadalsim
databaze,joindoeuropiane
jasharikumanova,tridhëmbësh
tiganit,kapitalet
vdis,schumannët
grenal,hirschfeld
zaventem,ikovit
pjekin,cvetkoviqi
perspektiv,gjerdhe
pirografia,mveshnin
pjestat,lapsishtit
mixhën,mishiri
siddhda,andromedës
saintmartindevalamas,janssen
orientoi,siddhanta
përberja,diaomë
stanjacionit,ujana
sistematizojmë,novabërdas
gjithaq,minuetto
shkruajtura,kositë
dasharatha,vjosana
formësua,pastinaka
caernarfon,cil
mbikqyrje,sintonizoheshin
gusi,pkkja
miaouli,masakri
bashkume,pushojne
path,anshme
proponimin,vallettas
senicani,sulu
sohrabit,parametrit
suficit,shtepit
direktivat,pirgos
ksenia,ndërkombtarisht
supernoves,harappan
ackroyd,ttl
lourdes,chingelpeti
alpinum,cetea
verri,liriani
shelerit,hethal
patrullimit,informaive
dorezës,aftësimi
andronikos,dashan
abortojnë,pasqyrimi
sohrabi,darmstadtiumi
prezës,kostancë
lëshimet,kerneli
fsv,timpanuar
disponohen,shkallares
karahoda,trofosferës
maadi,posaardhuri
terrigjeve,përmbytja
gap,sovijanit
emocioni,kërrusës
fresnes,zhdukin
vairodhaka,grafikëve
nelliel,autozomal
arnautit,abderin
obliqën,superkompjuter
miverna,biofizikës
epikë,ngacmueshmërinë
çamohori,torpedoes
ridërgohen,epp
industrialiste,gladiola
njoma,buanaroti
perëndonte,manhaim
snegiryov,sabriut
teperiudhes,zëvëndësdrejtor
kbola,biçokut
darke,karrocës
khandas,tarifore
llapsana,indulgjencat
tagansky,jirokichi
gjeto,shqipnija
gramnegativë,destigmatizimin
olgeta,okultit
transportoje,pueblo
ethes,siddhas
deshifrojnë,xhomolungma
pistolas,nominalin
mobilizua,pirenejve
mazhoritare,konceptive
battersea,londiniumit
bashkejetojne,ghardaia
historish,besimesh
montclos,aral
shërohem,kurojnë
këngëtaremuzikante,oqeanideve
iihs,dytëjet
esser,kmdlnj
tiktok,tymonte
zeti,ismajlibulli
allos,asherin
sasoni,sjenjat
lockheed,mitja
draftin,blankenship
rumunëve,villarrealit
kyçën,terapie
leithin,leenhoff
langarëve,arkanzasi
amijenit,aromanian
estonezevë,tigranocerta
xhejn,vedhagiri
dalësequhet,begatisë
aurangazeb,zemraket
llazareviqin,gjithëpërfshirëseve
relaksohenbrinjët,papërputhura
milky,atroponime
falenderonin,ngatërrojmë
mollas,shabllonët
cxecxe,surprizuan
fondib,argëtoi
goriçani,cecafa
ujqish,tejskajshme
minoritetit,mustelid
ziaur,përvjetori
neufmanil,krahasohej
belverdere,prezervativë
absl,agjëroji
hiziri,kasacioni
exknig,voorhoeve
konsiton,barma
kryqtarit,vilfridi
jetësuar,karamelizuar
fiskale,brugnera
kuttb,afijjan
njeherazi,qëllimesh
qështjen,benaresgorakhpur
kujdesshem,vedic
redaktoret,diinora
rijuar,itzehoe
matriarkal,proceduriale
recituesit,hoddle
animacione,mijaki
palabardhi,nemanjiqëve
çifligaroborgjez,mchecourt
parsevalit,çprisni
kurorëshkelëse,orangit
ndriqimi,diecimila
crest,tatimpaguesit
njëftoi,septmeslesvallons
mcintosh,dachaës
limfoma,okrës
kedara,dyzinë
ropic,gangama
frikësoheni,sprains
antenën,regbisë
ngulime,përëndimit
moralë,dusk
financohen,bubullima
chelles,zaverdë
ahengxhinjtë,lighters
praksës,casar
ciucani,kushtëzohej
prekazin,pajisjesh
alcesta,shportën
fishmen,shishen
pequannock,soronesë
shumave,linings
valentinian,ripushtoi
sfilate,zhvilluesi
derivuar,giovio
përmiresohej,gerais
baroneshën,muçobega
kufcës,inkuadruan
arkitrarët,plazmodi
prorumunët,perzeun
cielo,eamin
qendrojnë,prendes
accor,kuiz
rrjepur,rejhn
portretizoj,glee
kundërsa,mundungus
henrik,rockbandin
basket,humanizmin
vigon,gratin
helmuara,dd
kacavjerrje,homelander
portelli,praeger
hematoma,zayed
archbishop,populizmi
shtetittiranë,egjiptiti
çiklizmin,masandej
përbënn,shenjtoreje
modifikua,shërojë
koniderojnë,nayest
tupinamb,alqassar
makthit,debrett
constable,parapar
rikrijojnë,skicës
fundosja,quellungit
tubo,kërkimesh
antisemitizmit,kentaurët
myshqeve,përgjigjurit
edf,vrtet
lshs,pasthirrmave
radijas,magjaret
socialdemokratët,zadesë
kofi,adelajda
rezistorin,priftërinë
ananasin,ekleziastike
melenicë,biondi
kublës,klitemnestrës
gjithçkangrënëse,shir
sinusale,bec
kearney,perceptoj
kaupunki,brani
tfr,jolaut
strehuese,fjalie
vergata,georgievit
prekazi,ngarkimshkarkimin
ribotuam,mortit
vendësh,fatihu
smonice,jakobini
hausatët,milleniumit
shejt,acquaformosa
miners,antipedagogjia
ambliogjenike,bullizëm
sheteve,berezovka
usulifikhut,matarazzo
hixhaz,stralis
kasamoto,kokkalis
mukhamandapa,papën
etjturizmi,humaniora
institucionalë,offei
ivano,vepmtarinë
pllazmadiumeve,levave
pisqollat,simbolizonin
muzikesme,punive
trekënshit,vazhdonë
sekuencës,cytokinin
ginta,serifevepër
kalidasas,urdher
lireta,ndron
mundohuni,zemëruan
neckaralb,kokos
channelopathy,përmasor
veper,transanatolian
purifikimin,piktureske
bataljonin,përplasemi
llus,vicdessos
gomarët,rilevimeve
gjoza,rcani
perkufizim,mirëmbajtjeje
vigraham,eliminator
kulina,meron
stateoftheart,dambe
nioben,rrezojne
saintjulienenbeauchne,pkshja
pizzi,vab
teologjitë,medvegjen
sporogoni,evropianeuropean
hanri,jas
sutilin,stimulantë
ixhinier,sakakah
konigskloster,përvetësonin
suos,lyra
gjashtëshifryctyruor,sulstarova
duchin,edituar
ulurish,gardalina
efektshmi,pericope
cocoon,mercantilism
ujevjera,vladimirescu
tyreai,riklasifikim
preservation,fortress
montepask,edesë
ajmarit,civilo
derivohet,shpretkë
argjendarësh,busulla
plasë,operation
agresor,favorizohej
shoen,readerin
tirukoyilur,lusë
sakuras,turchi
intrapulmonar,ikeja
rankoviqin,rroku
murmurit,shargani
mikroorganizem,traditen
monofletikë,jashtëpërdorimit
pirranj,pishinashitore
virtuele,shefqetin
ngrohtëverore,nayagi
dashnore,romai
togerit,transkriptohet
pilotimit,parashikuesi
koku,mindoros
iceburg,spektatori
sektet,qendruesmerin
pathius,pjeshkës
kllezën,luftanijet
tc,restriktive
sëmure,atropatene
cadren,fertilitet
grijnë,coucylaville
kiaginsët,katekistt
mençurie,mikhalkov
poup,dryshme
bajne,trojaneve
llampe,savinës
filtrimin,deric
postskeletore,beauty
dekoratës,politeknikun
rivendosen,dahmen
etjtë,cerrnillë
modha,jolku
bison,anomalike
planifikohen,thithjen
shterimit,anulojnë
humanistin,deshirojnë
epidemik,bakterie
dherveysaintdenys,kraharorët
muzik,votbesim
pyllëzimi,bizarre
uakka,shtririja
kalimtaret,condon
ndermarrja,sarpedonin
beseueshëm,komunizimit
influenzë,raimit
fattah,kundërveproi
ksen,bronkial
flegrave,grindën
thoshnë,costici
oksidim,deklarimi
zgjënjyese,ipet
ngarkojnë,shpëtoje
ujaniku,kuantitative
bhagavata,stokholmbromma
paritur,dëshiroja
jupiler,çasshme
suliotëve,spekulohet
emitimit,handlingthread
drejtësor,prezentimin
nibeti,jahte
shëlbohet,hezitoi
kastner,memorizohet
gramatikisht,gjymtime
dmksë,aradhja
lbs,shushmëria
antropogjen,kolapsi
prouse,kryemjeshtri
drenoc,keqardhjes
mardhënja,mikroelektronike
jajpurit,shogunale
darusman,pasuronte
regjistroheshin,niyazovit
atabegu,eksportohen
tmerrshmen,pubescent
ligjshmërisë,squfurin
esharinjve,startime
abdomenus,kontraktimet
lea,kusi
devotshmeria,kopra
përfytyrohej,qasida
evokimin,kendl
orientohen,konfermon
kanabis,akupunktura
përdhunuan,fibrine
fotodrama,fanoliane
epitalamusi,massën
ndergjegejsimi,tirq
vetebesim,parthasarathyt
picarit,bedich
nija,elfsborg
sarhanli,robotik
nesturi,ameriken
ijad,suportuar
çinit,traboin
anijenluftarake,papërgjegjshëm
përbreg,ogurit
danu,religious
koncensionaret,tiago
dhjakët,kandinskis
anandamayi,mbasandej
karavella,bastisjeje
gjysëmhëne,udhëzimi
eksiztencë,urracës
sirik,importoi
aristokratik,paradokson
bourbonlancy,ndejtur
meditojnë,kanapit
transkriptat,klonet
revolucionario,katedralet
sepredoni,hyderabadit
dancigut,hamamxhiku
dietologët,leyla
dideve,elbakyan
patagosur,soufriere
migjithëate,guretsudest
jacox,tna
ortek,ulla
harapane,timor
mbledhjea,lanzan
aksesuar,mesfushorëve
fips,piccinni
fundeve,sveas
bujarë,bunica
asanga,infraorder
onkologëve,provohej
përballeni,tehet
kërcnimeve,rëndoi
jugoslavenska,jonima
gjetem,pareto
afarist,medvedev
stinor,shkruarve
nënllojit,ajsbergu
hind,riforcimi
perrethposacerisht,quadcore
vetëpërforcohet,kpd
humbaban,vullkaninnjë
germimeve,pot
kolodion,tekstshkruesit
efebiu,aujourdhui
zgjeronin,oficereve
sherbete,poshnjen
sims,aristides
shpëngulen,karburantin
emnue,shqiptarëamerikanë
indekseve,dunit
mandrai,pikëllohen
ibaraki,lerna
pamganga,realizma
vegje,nagini
nefeltari,bovillë
lishi,dopieta
shirlene,gjeorgjisht
pliocen,emigruara
qeparoit,reedi
pjerrësirë,saintleulafort
mbikalimit,hlns
literaturen,takksila
kundërvihej,honnappa
azd,tenjir
gjysmësferës,duoden
guerrila,ethernetit
pellazgjotis,pandyan
avery,divani
travels,utsavami
interpretuesen,gazetaresh
fanii,kliqinë
suitave,himnii
sovi,joqarkulluese
galaktikore,geiselerschiessungen
lëkurëpunuesve,distikë
kukuzeli,gatti
zhurmshëm,zemrave
repatet,espace
rejda,flamurtarivlorë
tnë,asirianët
rivlersimi,dubrul
vetëshumezohen,johebre
bashkohorë,andejmi
detyren,qetës
dodbiba,stratege
ngulitura,japaridze
elidiana,abelian
kireneasit,evkafi
imametë,hylocereus
karamanlis,kungohemi
noelle,riai
endohedral,hjumin
shameti,hideo
shkretim,albinform
tragjikomedi,miladinov
ckmb,jasxhijas
gjarpni,flopy
arkontale,guang
yljrvi,nazmija
pakistanezë,missourikansastexas
krijova,margarinë
memorystream,demografinë
shikomizue,cdz
kulurale,spartacus
meteorëve,producente
eizaemon,homofonike
tastaures,counterrevolutionaries
turda,prizma
dalura,kërçinitdeshat
hipertiroidizmi,suksesivisht
kullur,sileni
prezenton,shvarci
puritanë,houseguest
qeveriaekzekutiv,carlantonio
tradicioni,neufbrisach
nofullave,piemont
shkëmbeheshin,proangloamerikanërusë
pogda,dialektolog
kikar,triestja
farzand,panditësh
trioja,produk
dolukhanovës,pikionis
rregjistrimin,kaznikut
licensonte,venezuelasve
jic,datagrams
jashtebelgjika,stalingradit
dek,afrotheria
ueber,iluzioneve
tarifës,dashiell
largoji,kunijën
sojerit,mige
tarait,rapsodie
demobilizimit,feural
numruar,ramiziunë
msvedde,diskoteka
gurëvedhe,interpret
bajroniane,shpertheu
bilecik,tlkalev
depozitim,qeverisëpër
paraqituramë,zohiqiang
reganes,minerali
mosorganizimit,ishbankier
tribunal,shpërqendërohet
shumëpalëshe,melodike
mondigny,kamala
numeroheshin,manjeli
bodies,execution
karagjorgji,karkula
easyshtë,refere
ulqerës,ripërtëritjen
marecin,çabejt
fotolitografinë,mahnites
urfiu,karakterisitike
bashkautorët,perkrahin
troponinën,marxistët
protectionem,imperfeksionet
ideomatike,transicionit
egaleo,gdhendnin
bronzalumin,himint
bajkal,sundgau
begollifaruk,gusar
azerbaxhani,margarita
mantumba,patër
ebulvafa,tgeu
anibalit,bashtovë
kyçjen,simpatizohet
galaksinë,interesonin
emrohej,velimir
nuredin,pseja
mundësve,leshtë
enquire,arberis
udhëheqet,leskoviqarët
gjykatësi,siçilian
fizikogjeografik,dëmtoheshin
koreshi,sanksionit
gjenialë,farketarët
xhemietbashkimi,veleshanëve
penjzore,stimulimin
murthinarayanas,sadler
enskilda,perrone
planifikoni,reverdy
odes,sulltaninat
suvatuara,kandavëve
duru,arbënor
shijuese,turbostarët
kanelyra,mehtab
paskalitur,karvani
nenshtroi,superheronjtë
cerrca,qneë
savonaventura,iptari
ulcerat,gjyliave
sti,revoltimin
pakkun,kotvalpuri
sifon,derek
quis,nasasaocxc
haiyan,hallka
flexione,kamerlengos
rrjetesqe,andrijevica
kautilyas,cooh
sepcial,castell
sllavizmit,vaditur
kërshterë,rejçëll
mikritje,sloveni
piknik,reilly
kransekake,kuarke
volvos,srebrenik
mykat,sejfulla
eat,lippedetmold
iventari,reshuranë
uellsën,paçertifikuara
kimokine,ushtarakopolicor
tërbuara,prelit
astonin,kontrollimeve
kodikëve,yangbin
njonjë,gërshetuan
xeherore,lashtesise
singar,tammany
hapurat,aknet
jësia,thome
polypodiace,bourbonve
varfri,glazes
akinezia,meteorologjik
makromolekul,vundit
upon,papers
ofroheshin,dia
maloneit,hartime
ermanno,shtratifikuar
bryges,rossos
armatosen,tërheqjesu
dedajt,mercenarët
kasumi,adit
reprodukimit,pafuqia
graciela,hofit
ripërtëri,bgpsë
nxehëset,sistinas
vebanim,orthodoks
direktivave,anekdotike
margit,fundksionale
propagandistikë,asafuddaula
kocentruar,hadise
nac,seas
ziut,godisin
zanetto,teknicienësh
bidache,mjegulloshin
pozicionuarit,kotturpuramin
shikharës,primatësh
stopanica,monoturbine
hysein,planqore
pjalmin,sesioneve
arderi,nacionalnih
soho,përfaqësueses
borisi,kardinalët
oqeanografët,janne
mikotike,barkushë
çjemi,hossein
selver,observantur
iberi,mundoheshin
lukasi,ylber
nesme,pantofla
bisapantha,feeders
mapillary,fantazitë
carols,karanikolikës
siluanit,rivendell
kunguj,konverguan
ikonës,ndërkombëtarizmat
bregdisnin,leibstandarte
ripagëzuan,papërgatitura
pompeusit,piu
aeoni,nëntekstit
gurukulë,albagen
illuminate,mbretiti
tutorimit,bashkojini
gennesaret,grupëve
oligodendrocitet,ndrecaj
kachiyappa,ecet
paorganizuar,lc
bletari,apremont
kërcejë,thes
bunshicin,kotorrit
gurvernatori,kërcnohej
lëndojë,thapranone
plessierhuleu,perkunder
devijoj,manivela
dinarik,reportazh
peshëhumbje,shpehje
preferenciale,jayapa
inglfr,girne
kujtesat,dhemeter
koridorit,allamand
shtazeve,ndigjue
zuckerbergutgrupi,karlenko
ekordinatave,përçmuese
sufës,kontrollorit
patrullonin,upanishadë
quechua,funk
mehirit,merenptahu
vjellin,përmbyt
kroatet,zanatet
tapizes,pavlera
bollëzave,garhit
nxemjes,njerizimit
andverpenit,mahnitë
minoi,këpucës
replika,delmenhorst
tkurrje,profana
hudhejfeja,pikëpor
cpnenii,ivajë
distancojnë,nispaneshvaras
jamball,tranzicional
alternativemënyra,shpirtinpo
glutaminë,abat
mintër,lgb
spectre,bottlenose
cedar,intenzivisht
agjencie,stërgjyshin
krushqve,nënkateve
sishu,horta
dhëndërrë,fusharrëzi
dëgjoheshin,vendëshe
setup,temaj
sakurahime,busan
ekstensiv,parriz
iskemike,trixave
midisi,emblemave
paralajmërimeve,maksimin
yabanc,translational
bizantologët,numëruesi
partneren,takson
cheadle,prerëse
fath,ndejte
vehemente,kryekëmborëve
mtdna,zaman
përjetoni,hukaung
jolla,cikl
djalëadoleshencë,franzsisches
luajtjen,prakaramëve
respektueshëm,vrapo
aviatorëve,mazhorancë
paramasaayika,eksportimin
culi,zarbon
playground,gaelikes
siluetit,floberi
mbeshtetjen,preshi
hematokrit,fultzit
gjenealogjike,gadgets
irenus,taulantëve
choir,leerdam
altamont,koeu
vildvin,përgjate
jurie,rios
iua,renditini
konstruktor,obliguar
bujqsi,ektopike
rrezatohen,rrokullisën
intitutit,dominika
iom,kulnimant
madhndikuan,antaliku
hakamin,marstesës
frymorëve,zxhemal
gjysmat,banpo
ciliar,libretisti
zatoichi,demonstruese
ribavirin,kërë
grude,kinematografise
shkelzeni,sundonë
jacisë,serasqeri
izbicë,mbani
çohemi,jole
hilda,përtrirjen
mësonjëtores,jovanoviq
ionian,osram
frekventi,berishameta
medenicën,milka
vler,signali
kasganxhit,hufschmidtit
angloamerikane,ohridski
kofarmarke,marsa
korruptive,nysj
detektuese,perëndeshave
pirit,macerimi
doctrina,deserte
myung,cib
peleus,egnata
fondamentalizmin,boksitet
demokratceski,analizosh
exequias,duçja
sustanibility,kurthneuter
pajonëve,taj
pullumbi,gheg
blackbyrd,broadus
topolino,korpit
kungën,kibla
riprovohen,kreditorë
hellraiser,kulluesë
oerd,egripalankës
shpaguar,përndjekjen
mustit,shanishaja
lutës,azhuruara
mbështjellura,lorantffy
nitride,stanovnishtva
ramaa,gurthemeli
nderpriten,aaai
itakve,jancis
viki,cmos
perqendrohen,sugjerua
mendule,sasteb
bltter,bt
argjantë,përgjithëshem
opozitarerevolucionare,gutenbergut
rumanishte,agj
konfiskua,magnyenvexin
andreut,gebel
desorbed,yiit
orkideja,lavave
zvarriste,durojne
henë,shivalingë
ngjeshetë,vartur
hamortët,martinelli
performuarit,mushilit
frymëzuarar,buzz
vranëkur,jometalik
victorious,achille
balldahinit,përuleshe
monsune,rivaleve
krysisht,django
parrs,apologjetikës
regjistruesit,brihatsamhita
mafiozë,percmues
kalata,angolase
bestytnive,nënshtetasit
shhumë,ecuria
maheshit,pambështetur
eposeve,essays
lelyveld,duajeni
depozitën,elekrtromekanik
konkludim,prashniker
carrire,sinuoze
ndëryjore,konstantja
koçan,magurës
antipopullor,interresante
vëndas,givet
drenazhit,jenko
colurna,brailas
pamundësohet,qiriazit
kaise,kapitolin
ramari,daler
paolos,barijt
prore,robëve
kharab,caroli
trves,kordinator
recitimesh,mirkpritur
fisica,sivacharyas
amri,sellem
gjërësisë,nektarngrënës
kuhr,londos
zotëroi,tropikët
bazur,xhinse
këkesa,shtëpin
farmacive,naruton
selby,lageshtira
materjalet,stamler
dailaver,margarethe
lansohej,trial
gibon,qenët
trasmetuar,ngacmuesve
plackisnin,çaparin
morganit,murgjër
georgette,çlirët
precision,akixhijan
rockuzinë,sharritë
hoferi,ribii
euungulata,atnore
ingranazhet,gildës
spartave,femërorë
lioneye,saadhaq
qeske,kounin
hic,grimcor
qilizme,kosevo
gjiun,arlene
lekdushas,zapovednik
tetralogjisë,bengalez
denominimi,altgriechisch
mikroprocesoreve,respers
etjet,kafshatën
komparativ,produktor
mundohëshin,flchen
zooplanktonet,thalassery
npermasor,amortizatorëve
biznësit,domethënjën
vëllerzër,hene
sqetull,grykes
ngadhënjimtar,pellembore
nuzhetull,banten
konservimitrestaurimit,momarem
papajtueshmëria,severans
freak,puliyur
përskaj,popullsisëe
spidermanit,nurul
hajnes,rreshtur
poseidonia,programer
naton,rovigo
berger,grainca
standardev,propavarësisë
orientues,gossip
eksperimentues,guiyeoni
vulfenia,purges
kakomesë,nicholls
shoz,egzaminoj
thymjes,suzhete
alqi,neighbours
profesionalistët,kënddrejt
kofartaramniya,lustrues
kohba,kopjuesi
panoniane,potato
ruminantiamorfa,autoeliminim
aischylos,rakovica
cënueshme,patolog
murga,kdr
golemin,beijo
istrëve,shackled
tokëhënë,kryegolashënuesi
ota,variolës
sarpagumpha,signature
varapuzhas,kamorra
hidrotermale,patosit
shotn,transnistrisë
gjermanistikë,oiejdea
karrierave,artikulimi
intensifikohen,llullit
gjedh,noma
shtrënguara,yekaterinburg
helmetoksine,kushtit
shqiptarodalmate,ruaju
saintgrve,shpartallohen
heduigut,ballplatz
bring,icloud
ltd,estrous
inertë,haifild
akeasit,rizvanolli
akuto,kryqëzoheshin
sumar,koshadhet
vraponte,heshtjën
profetizoi,legjistraturën
bajonetash,rrepkat
luftohej,kumllatjanë
tanuki,batka
kadastralë,peshorja
papërshkrueshme,rrallimeve
khakkhara,pjetra
deklaruara,pelgrinëve
namaze,outbred
çeçen,fas
antropologjia,sistemojë
sllogane,gillespie
justshtë,alder
laterite,rrethpërshkruese
megera,kyrrkos
përsonazheve,stefaniakës
botevgradit,postulatit
zooplanktoneve,spërkatin
panchakarma,sup
gameshark,prhapjen
seminareve,privacie
zileve,gjysmëautonome
zhbëheshin,dukatesh
eleven,çaje
leveli,firmoi
kumaria,preservd
sumter,udhtojnë
dok,farka
monserati,shtrigen
gamaglobulins,lundrime
dolene,dharamshala
metodologjisë,kurtishit
loard,republikanizmin
muskovisë,utopisë
ribashkimeve,strong
asëkohe,ançestral
vatën,dietrichs
kumpana,tragjikë
sil,lloshit
emiterbazë,laoha
tejemmum,pagëzoni
blegetoria,eratostenit
kapitalizëm,lechia
artsakh,skematika
zegali,flamininus
zbuluese,kirurgun
ncov,drithër
diferencave,metabolizohet
shabajve,addis
erythres,cristeros
orochin,fotografet
vigilantia,vollkonskaja
qerojme,kleomak
vendbashkimin,mburrës
rosalind,helenoromake
lidhmëri,xve
vrimëtoed,vëmëndjes
mariah,polipeptidikee
minaheqës,çdonjë
pinelli,survivor
statuteve,khandesh
branimir,qelbësi
tutovei,mitsui
toksinën,melody
kortesi,nuncios
strategjish,pamundësua
nemtsa,nusa
kontest,plehun
rsa,brezhnjevi
gezonte,gattin
ndegjimi,deklarim
tramvaji,pasurat
larit,kulluarit
sejmin,mitingje
promocionale,portalët
toulonit,ballafaqimesh
sherbye,handshake
konsakrojë,frenoj
zbatimesh,shkencetar
fantashkencëse,hiat
riemannlebesgue,ajeh
njërëz,matthaei
peshkopatave,akredituara
villandrando,paraprijë
cacin,pic
falimentimin,patologjinë
vestës,magisterartium
devollite,palpacioni
greif,pneumatike
gcopaleen,spmi
nxisim,akaisë
ceremonish,nxitnin
promotor,cikalleshi
connie,bllokore
avokim,benefice
bhakti,përbotshëm
sanju,hodgesdhe
teodosiopolisit,zavendësuar
fallacin,luterane
konsultimet,potisje
saintandr,paraburgimi
vërrisë,tregëtie
kësj,pafilluar
zhgënjyerat,femnor
shib,interesova
mbinatyror,onimamedia
rraboshta,manovronin
moralez,ethnike
elnuri,benedetto
hatra,karieres
cileson,gjuajtës
humphreys,desertacionin
zaptuar,ushtrua
alemdari,kyjitai
shkugza,savannah
pasadena,kitetit
nht,shavllovit
guida,sprea
anomionit,lusi
mbivendosës,morenas
referi,domainin
kshetrapal,jjse
basile,kemolimfës
dobin,zubinpotokun
sielgel,lageos
bahaduri,temosi
kastrin,rradhiteshin
mbikqyreshin,komunisteve
mills,regjeneratorë
zvguvernator,thënat
tergohet,bareshën
textin,movieton
gjirafë,ligo
softuare,andreia
domethënje,ngrën
bulldozimin,uverturë
stuckart,croixsurourcq
atëpiazheja,antiopozitare
aragn,manssudouest
mirëfillte,lupeni
kuratorët,paudhësisë
redhje,bap
luton,amiloza
kornelis,mëniku
davidoff,çaçak
divjakës,mesazherët
lambros,chassiers
diagnostikime,kuptueshmëria
strofe,ekuatorit
mikroproçesorit,nebuloze
interferimeve,sterolmetabolik
toumba,uizli
bërzeshtës,gojan
lufthansa,dykatësh
emerging,hartëzim
improvizues,quick
glavnjaçë,broly
hamarsjon,kosmidhis
zhvendosin,polivinil
andreevich,transneptuniane
hamiltoni,izarko
lekdushit,batim
multimodale,hezitimin
institucionalizojë,diskreditohet
doko,lliria
flavonide,banoresh
presidet,abcsë
adrianopojën,irthlingborough
calcitrans,manën
këpurdhat,përfundoja
kachak,chandanadasa
rusticae,dardanny
kërçovare,tregimetnovelat
kolhidës,sconto
kopështeve,prizrendit
shkakërrohet,prokurorial
sangiovannese,duval
audiovizuale,alarmet
costituzione,ilibrary
antigua,cezarese
qasëse,algjerise
gënjeshtre,përnjëhershëm
metamorfozave,dmt
kuart,teropodi
verdhit,trendë
licorne,jol
çfarosjes,margjinalitetit
kagura,solanaceae
fundosi,disiplinn
paragrafët,parker
paraekzistuese,dhimani
klavikulat,garash
krojet,adrianopesë
ngrysje,kararnam
shëtisim,keetham
ortografia,lopes
sunnan,depozitues
zhja,pedros
hardhinë,sovetov
thëllimi,lundërtar
elektrokimia,ndërqeveritare
konstruktoj,bashkëngjitni
gropuar,takiyasha
dermatologica,oksimoroni
lëgurave,lanta
paralelizoi,ishqarkut
pantheonit,traumës
urdhërues,mbjellave
oragazuan,kundërshtareve
gjezi,amritsarin
supernatural,gyllenhaal
personalizohet,meleqi
përhapuri,armaturës
narracionit,dëborat
rubytalk,bhaktit
nimfat,tanushën
vedda,antoninëve
çedheve,tranziti
komikët,mëes
sthalin,bujkrobërit
discrepency,ujdisë
brgs,dougong
preokupuar,abaskhiron
barah,feri
allçisë,korroticen
prometeusit,gjysmëalpine
shiroken,çoheshin
pizan,buroi
holograminë,jygosllave
mchel,shkurtimin
obligate,neglizhencëne
bestytni,ragnhildur
papublikuara,ramayanës
trekatër,komandimin
xiamen,japanese
potoku,tipash
blete,brutin
trdhëtinë,yeezus
bekerel,farmakologjike
ndërthurjen,dobrosh
frache,turbon
monarkin,eindhoven
poezin,androgeun
gjeomodeleve,qefinin
sulley,shurangama
frustruar,nënkalim
fillimmajin,lindorit
rnin,shërbeni
shëndosha,shëronin
bishz,vargë
xmax,muja
ekzagjeruara,chilpancingo
anali,rrënime
acropoliti,getsj
franceskane,divinas
nënorbital,kurikullë
turan,hurmat
mbarështrimit,ndërrohej
orhanin,parashkollorë
aman,kopet
spedizion,jahorinën
cenota,maçoku
iliaz,vajtimet
organikë,stantoni
kushtimit,endoplazmatike
kuchma,sustat
aksionar,longa
paperëndi,ishkryeministër
diellorë,lobelia
protogjuhët,snatches
aperturës,rruajturit
isafor,druine
esthar,machchi
bnc,dushanbe
permutacionet,cultic
mollopolc,stephansdom
koreografuar,paradontale
aplikojmë,percaktimin
carfano,bullgaroserbe
episkopatën,delphian
utrinski,tyredhe
vetëpunësuar,endokrin
yened,mediaregjistruar
zëritvalët,oggetti
hixhretit,cire
ndërbregdetar,ulnar
simfonie,vl
ivanchov,xhevahirin
sodhalit,mersin
karikator,simplistic
georgijevski,hados
parcialesipas,spader
gjinine,ksak
largohesh,meruani
hollimit,turbogjenerator
bave,obiren
empedoklesin,ngjare
souvenir,ishkorriere
pershtaten,strabizmi
sovietikë,olsi
borinages,tokena
graçan,drashovicës
enclave,hafesi
prishjeve,abyss
vasoviq,mbjelljet
pocerine,qev
zheg,firstordefault
deshtuan,masakres
peleliu,universitit
unscr,hasesh
kurtaracam,borxhlinjve
konsullatë,muzeologut
vanadzor,tonusin
petrobey,jejunum
aeronautikën,bekuara
chamarët,fioravanti
luviane,qërshorë
pafundem,principiel
recte,arqipeshkëv
vicit,udhëtohet
fryrja,camerlengo
dialektologjik,përcjelljet
kievan,zurri
regenesis,natakastri
gurguri,makabër
mizat,dekalrimi
bombej,rnesoi
epirogjenike,rrudhave
navarreze,datojë
hadrian,udhëkryqet
luadhet,alaric
suksesëshmeme,skedaepoka
afinitetet,dorotheun
anabolizmi,përshkrujati
kapil,kuber
estrusi,ansamblet
bricjapit,ecg
dënohen,dhënjes
nderkombtar,nukleozide
sotna,lopatë
brdguma,jonila
përzgj,plloce
malatesta,rakoshit
nekrofil,indigean
uralense,elektromanjetike
mehtap,parashenja
redaktimet,familjarizimit
kloe,sutjeskë
philosophie,lexuesëve
superrevizion,brengun
gjyltekin,tartarëve
përditshmërie,superego
icani,damarore
asnjëhere,belgë
siddhatra,aures
hatamoto,direktive
rendre,acaciusit
kia,hashem
amian,fortësi
gestational,nënshkruhen
serilin,acidifikimi
qortuar,tromboplastina
rrethien,plantacionit
vassallo,nejdet
gjakovapress,madigan
norvegjisht,cranz
zurgome,brahmana
mikroskopët,autorduction
mikëpritja,kallamishteve
mëngëve,vlorëtepelenëersekë
pakompletuar,degradojë
diamonds,matelles
kluasonazhit,përballue
nutricionisti,aferë
bhagvat,santuzza
tokimasit,emara
rehabilitation,citime
romakoegjiptian,octavio
ztopekut,rrokshme
damin,partlji
sakatër,suvasë
kurdisej,ofiçinë
hollandisht,gento
tirthankarëve,kufizllar
vaucouleurs,shpyllëzimi
ndërpërfshirja,jotrupor
vahide,bahamës
meurtre,linguistët
arpagjiktve,pragmatik
prestigjozë,braves
gjazë,bias
bullgaro,levitating
bioakumulues,uplands
smartphones,aimpon
instalohen,gjithni
memellandi,millë
angullimë,barasingha
përgadisë,mbikripur
pansllavistëve,rrëqebujve
ly,liburnian
dejlanin,bujqësie
sveuilite,medievalist
dronin,njoftojë
amerikapor,mannheim
rezistushmëria,songlen
thenthurai,dholanit
rektorin,kavalierëve
karanji,rrije
njhej,visaule
drançolli,gjelbërai
brilopatë,historianshkrues
dhuruesi,hebreike
nikolov,savk
paprekshmëve,peticione
mbipeshes,barisan
shatrughna,qarkullojne
oslos,tradiat
kkkptja,itinerarium
perktheja,judita
gjitjmonë,fiksion
papërputhshme,veliut
manaxhere,ortakun
gurrat,smtpja
fryhet,tijxhulia
cecil,pasosur
oksigjeninetj,evenimentin
robotikën,kashyapa
amper,himit
mëdhae,delarte
ardhi,organizatorja
annaser,çeçeni
yubashiri,fakultetative
shtien,agresivitetit
yjësie,essentials
përgati,cosplayerve
shpartalluara,mbrojtësen
yagyazjarri,përshëndetjes
kopërzë,apathia
vistasti,utopik
gadishujve,mësimoredidaktike
shumëzuesit,vahitit
trumpit,dharr
pandav,blinajës
yearbook,jamshedpur
zbatoheshin,antiparti
kalavun,hajmit
luftojmë,jugendstil
introspektiv,flia
siluani,papazov
mprs,qellimet
graupius,danezonorvegjeze
dahomeit,brajsit
pafaan,qarrishtë
aterrimit,frangjishte
shamatë,kryegjyshatën
foziologjike,shkencorehulumtuese
pakufishëm,duetet
sentencë,argenta
jordiskt,onit
hipnoze,lavdërimi
akuzoj,lanoset
ngjallej,interpretivistët
bërtet,barqet
assar,agjëroi
veeraraghava,madhësin
refuges,thuringiane
realizoni,transformatorit
lulelakra,aebbu
evenimentesh,mleqanëve
lasseterit,bërzhita
pesëfytyrësh,humbisni
bekteshianeharabatiteqe,vazhdueshmërin
përzemërisht,boulle
ngrehinë,artikulacionit
rogovës,nitali
kureshtare,kostis
felis,burinca
sabelo,pandryshuara
cate,hhlja
aulona,carloman
saales,serkin
kopozituara,kym
mekaniku,ballist
astronome,vulla
malokëve,tramtv
zaganjori,vetëpërshkruhet
inkursioneve,uraturit
refiku,vendasë
pidha,instrumentimit
koronaviruset,vdekë
djutsu,bardhocit
monarchs,desnikcaja
torte,montjuc
mamunigalit,lleshanaku
ulaanbaatar,ngrëniepirjeve
sezonën,agjëron
edor,syriac
rashitin,tasmania
jjk,jokthimi
konakët,propozova
terpentinë,fulhamin
procesorëtcpu,cpm
novello,tigoni
lnovo,gamiljes
gto,um
stimuj,relativetit
materializimit,xhegins
hohenshtaufen,tiruvannamalait
mbitensionit,fishekut
qengjin,kassegger
snou,peuerbach
hundëgjati,besnikërin
bushpepa,lekura
tejemuni,patriarkatin
maho,palearktik
fshikëzues,priamo
arditi,asociacioni
rcanovus,alsati
mbeste,interglass
ajzenhauer,hoguortsin
pinit,abetari
postrribës,paraardhësen
uebfaqes,qullasuyu
goldfein,harampapa
sqr,terciari
sfingash,poetoviumin
selvia,perunë
vleresimit,barba
mahala,sirianë
fotoelementit,delegoi
kurës,aguri
kryeëngjëllit,heppel
pjekim,floros
ulëtarë,mikrosekondë
meristems,domene
toilesaintcyrice,hidroliza
bulo,regjionalogjeografike
limnjan,arkadave
jakun,plisave
sendërtonte,formule
acker,mëndafsh
mbikqyrja,dievturi
peta,licata
trompelil,qëndrës
horosanit,hoxhallarë
kokerrzat,quatur
idetifikohet,vrtetohen
sensitiviteti,rrotullojeni
llukar,cachia
lavëtare,ndjera
intonuar,varfëruara
kolekës,garanës
armiqësuar,napolitanëve
nemirseta,skanon
sulopulo,kolerës
nënprogramin,britmë
dregëza,samsad
amortizimi,bluebeard
butan,mvv
shndrit,shfajësuar
kulturohen,tregos
stupas,pasazhi
egzistuese,mahler
rasimin,leman
rdhuspladsen,jashtm
dirigjon,oraret
mercer,mjera
usdton,surprizës
republikine,rimën
meditimeve,kaloresi
cofondator,lysenkoismit
trichet,rriskulit
montolivo,tregolshin
vadim,finland
tiber,bujarinmençurin
vejm,lajthitje
vrysochori,oleary
vanina,impaktin
gandrr,petëzimit
tajfuni,racizëm
orllan,upazila
inxhinjerisë,lebanon
rreptit,dëbuara
branden,shul
kthehente,mbemrat
ndikueshme,thirty
haluçinogjene,zmustafa
shkëncave,keqësonin
njëaktëshe,naaa
prishtinëpejë,kushtëzimin
gjëndjet,ultimatumi
ndajgjethëza,mantovës
dhënjës,danielsin
ince,stërvitor
taqi,soft
zhavori,nentokësor
fshehë,atash
torno,letat
saulx,dmytro
testojë,lncl
takaj,cloister
manji,sbashkut
teresine,nartikullin
palaeoantropologjike,droje
heraldike,dige
narbonensis,prespë
antipsikotikëve,thekshme
tritipëshe,vijuesit
nandisvaradvipa,rrëshqas
saintsulpice,kitei
shtrigërisë,fshehjes
baak,renesancës
varfërohet,jalë
fatë,vaisakhës
kineast,lirime
milladin,meksike
cargo,pafytyrë
ojfsë,buddhist
shqipëtarenë,kormak
larguara,pandehte
deoband,etnolokulturës
poullsi,paionasit
baguette,shakthar
përkeqesoheshin,llojllojshëm
pëstaj,demagogjija
tradhtonte,përfitua
atalantës,haclarit
iekut,meskanos
kultur,milly
auros,mijëvjeçarë
përsonalitet,çilni
folin,uxo
kukuljeviqsakcinski,antinjerëzore
kourtesanët,sarandëbutrint
kritikun,pasquale
hudhen,ballvora
repeateth,shfaqe
pretorias,zovko
britanikebmo,toplistave
grackave,soy
demëm,ukbe
sienicës,fshehtasi
përgjegjet,opioidet
vladivostokpërdorimi,tuckersoft
bovidae,portretizonte
sprtari,apostazisë
atletikes,cermat
mujka,deklarohet
kosiderohej,rckert
cahun,padushëm
vepruarit,ajëror
ngjyresa,çapek
nuvas,parëmarja
bubavec,kavalleve
aritz,advokuar
abrahamike,shtrëngua
perfshihej,humerus
dallëndyshes,kristë
ushqyesit,medenë
kunststyl,esencialist
nastasia,prroni
fransuazetereze,ulëritëse
ushqejë,shkretëtinore
rigjallërimi,ausë
behistun,vazhduari
kosin,olivetti
hafnarfjordur,agravohen
stoicizmit,planaries
reshtur,polimeret
asefi,kizarus
tymoset,postmaoiste
suborganizatave,soma
funksionari,kërxhaliu
taksonomisë,surfues
sukravarami,becks
pallankës,avionet
parrachos,pfeifer
postulon,joperfekte
sip,doberman
routh,outdoor
rhames,aneurysms
osthilfekredits,dirigjoi
nilosaharan,sllovakëve
flamengos,kristianizimit
clinching,vritën
divodasin,ngjeshja
gelqerore,shkallëzuara
norvegjezeve,fantashkencë
reverb,docentit
brandon,pesëqind
picchi,ndrojtjes
gjysmëfeminizmit,jarzbski
tanush,bosnies
tagore,dyzues
shëndetësinë,grafe
arbaresh,gauteng
fatosi,albanesischen
kreditimit,vetëgjymtimi
bzmarku,gastein
istresnord,kryengritësin
seicilin,etudes
ciganë,prokuplën
apelonin,bakari
peruja,mëton
seniorët,politiken
perune,qiftit
atije,kryejmë
quice,britanikun
jrvi,ugni
sayurit,veliajve
mirëmbajtësit,materien
conty,proçesion
ndajshtimi,turkoarabe
ishtutorit,panhypersebast
amfitrioni,vëtetë
planprogramet,slaby
vandalizojnë,shkritores
lekëve,regjistin
njerkë,motorrave
papenbrook,pagnani
bismutit,stevens
hagakure,ujiten
alternuara,andet
seksizmin,xhepçishtit
lamtumirës,busulli
marseilleles,familjë
lucquy,gjorm
komedine,usurpatorit
jelloustounit,suportojnë
qarrat,nënsistemin
japraku,vizibilitetit
banorësipas,këqijtë
quando,përsëritës
fortësisht,osnabruek
dsu,lojale
androuet,konvertim
skypecasting,mobitel
silas,kembyen
kolanë,liberakakis
selecci,adelmo
volgës,logarsite
frikësoninpor,semjavin
thatagjysem,anketimet
aktualemodifikimi,moavasve
dezerterë,todore
nazofaringit,stockholders
penduarit,rien
pandehur,gotti
arabine,qytetret
fupfederata,dunavesi
kreshen,nilis
anglica,shpiu
pesëmbëdhjetëvjeçare,tancred
badrës,përgjaëtë
vrrellës,normativ
sygjeronin,kusimansi
haririt,zgjethjen
famëshme,aberforthi
drineve,enjtes
coblat,stanës
mushkërore,martohem
jashtzakonisht,ngjitej
rovers,avenger
perspektivash,përshëndetëm
nënsekte,shiryus
alaina,vitaminoterapi
keri,ogiçi
kalodner,riformulon
lipcani,satirizohet
idaho,benson
pillars,patinazhi
elettrica,vitaminash
dorëzoj,shtamspecifike
talli,ndrmjet
tagrave,degëzimi
triumfeve,bengale
kharabës,ruajeni
knutsford,canetenroussillon
antibërthamor,spanjolleamerikane
pogragja,joniku
sopocka,përmbyllen
heinz,tyrbedarëve
ndërkolonëse,gjetajve
scotish,ramaputta
depinay,lariatet
prosveta,floydit
shansave,fajshëm
bfushave,doreste
potencë,hauge
lëtër,radhojë
bunes,kavallit
kioninës,abscese
talese,aidan
derebej,pinoncelli
bermondtavalov,avancimet
distillates,vorpal
pjepër,chemiosmotic
hiaa,degrd
arsyetoni,kohezive
kopjohet,luajtu
murti,donit
selenit,lafford
rrëshajave,dallueshem
ploçës,përforcuese
sportnë,dranden
ugreiit,inhalohen
portokallia,matematikonatyrore
spiunazh,hermaphroditusështë
pushtetmbajtësit,kontracepsiondhe
takatsuki,harallambi
vriteshinndërsa,biano
petaloci,negoroji
skarpa,castillala
qepenat,shkruantë
organizohuni,katrahura
ftes,zoologësh
bazilianë,galiçniku
karakolle,mullij
intermodulare,pozharsky
çabejgjirokastër,durrsakët
passat,ishkonsullin
konceptua,arqipeshkvisë
munxifsa,aerobike
grain,gurandre
psyche,kakomenë
shikhmuradov,dholavira
enterokrinina,shqiper
konkubina,interfajsin
lunës,vicens
esenë,shëtit
nihiliste,togo
reduktoj,strumentale
blogjeve,monologë
simul,strategë
bleeds,scipiotët
shkresor,minieren
ahobilavallit,marcellinus
liçencat,maltepe
xhiroskop,hyzmetin
dadaizmit,grimcimin
djembe,tatohen
salvuen,greenock
translitimi,ndaleshin
fel,defensor
aligierit,mediçeas
diamantbollen,lëvruara
napoleoniane,buccari
sinkiangun,counterpointin
telajo,monterrey
shërbestarëve,pfaff
cantorit,arsyetim
obelisku,poliniku
mcclaren,fundamentaliste
enemy,fundaket
trajtojme,leung
tuej,dinakë
acquafresca,cliff
vjedullës,ndrysme
poçimi,balancon
hedda,resmja
usher,shkarkon
thenurat,lagrazhiani
elektrodat,qenitmantel
nightingale,shencë
ciqja,mollëzës
dharti,koheziv
oud,atia
helmetës,terrisit
predhe,lubrifikues
mugoshet,demiri
kizhnices,torpë
inçizim,krijmtari
garonne,sudja
had,asimilohej
përqafojë,karabagut
sebastin,zemërgjera
qasen,keqpërdorim
harmilapi,vajosi
kapitenr,godunin
papët,ligueil
përtypës,mezan
shojzës,rekagërmizaj
lunxhër,carpio
licenciado,prokonsulit
amorite,epigraphica
putini,seksologut
jarmila,greenville
ulçeroz,bukharin
epitetesh,lartësine
arqitekturës,çinon
molosn,praux
proksima,ndërfaqës
pëllumbitduke,veçorinë
himjar,vështrojmë
vladimirs,hurst
novoviq,rragjiut
sverdlovskit,bonomi
çhaparkhatave,suomussalmelle
eldrsë,informationssysteme
cisteinës,fulfacionit
hapsires,nofullat
teumesë,antihermiona
burst,kaurenarau
grekofolës,këshava
sinjalzhurme,kredia
profilaksia,nënkonsull
murriza,pitaja
mbreterie,kielty
killam,kushtimor
laogonin,vaga
vesnik,prakomuna
shumëzuesve,eliphas
ozbornin,chabutra
mena,ibu
chhatri,cameria
beogradase,aparaturat
brailit,samskaramin
punësuesi,sektoret
nomenklaturës,ratak
jetësueset,nobeli
lesho,riemrohet
pakësohet,sardanapalus
deejay,ruzareve
jazonit,semotikën
misht,penea
pavle,shastri
gestaltit,zhvatur
protoplazmës,eksitohet
kolektivizimi,polikloruara
npr,crash
shulat,interscholastic
muktin,hizbullah
grykëderdhjeve,sloat
gjyqëtari,gjarpërblertit
porfirije,adelberg
arsimonin,çarlton
garragham,troelstra
shfrytëzimet,kulukçibash
pskov,tijsi
thelbesor,kundëry
kozmopolitan,medvode
sixhade,boshllëku
distalisht,casimir
reformojë,drejtorise
cristbal,galdei
coliseum,rinovimeve
pharrell,ndaluarit
treasikut,mbivendosjes
militantë,zejnullah
gjymtimit,zejtarëve
drutvo,uzurpuara
ishfutbollitë,eh
anaksimandrit,tifozja
diskreditimin,shndërroj
çau,peshkopata
glec,mehmetiviolinë
zebrat,alushi
mbaresat,pulson
hassinger,bonhoeffer
ojsimpsonamerican,grabovice
çatlolu,nxierr
telliya,muzakes
përjetuam,knvb
sigma,kallaji
makedonia,homologjik
galt,xheginc
ropt,bëhu
skuadriljeve,patofiziologjike
bozarth,dallojm
muadh,yankelevich
bil,daini
genbu,vieteve
përmbushen,relievike
jorgua,radiotelevizive
manteslaville,strabonit
pushkin,kacafytje
skicograf,sinjalistikën
lidhta,bashpunimi
ancus,motovunit
mistelbach,parakrahë
bashkëproteazës,madeleine
eledhhe,fekalet
doktrinen,ishprokurori
elsafra,ilirishtes
hagrid,bastoret
god,rregulltarëve
ngremë,isen
clientpush,adfndb
ayacucho,vendvarrimi
vizititojnë,qiellzës
bombarding,tabla
pear,strelishte
darovitur,lishani
bllagaj,lojtartrajner
lundbeck,soustons
azama,mallë
arsimuara,vrejtur
tracker,lumpor
opcionet,pornografik
çiklizojnë,henan
vld,përkdhelej
rheinmain,hajdatoni
tuttlingenitdhe,zhurmo
pejorativisht,vendnamazeve
kremit,pillin
kumdër,meksikën
dunn,kepiun
routhit,ndeshte
uja,preferiti
urt,lincesuar
sezgin,asnjërës
cannibals,charloten
zakondshme,interceptues
britain,komentarin
bugy,kitch
dina,shaqe
cherbourg,perzierje
tamales,rejë
lilos,njëqelizor
nukleikepolisakaridet,kreditojnë
dalloi,ndihmese
cilesojne,guverna
dens,rekuperohej
haz,ndrydhjet
zamparenikut,parlayan
laennec,dengfeng
dashuronin,vjeljen
zeliz,vertetesine
podgolisenit,shkallëzime
permeabiliteti,bajkaj
ludovika,sëpatën
braktisej,multicore
betsi,bahmani
dantidurgas,detalit
shfrytëzuesitdhe,bashkvepron
elalusi,justinit
kamini,pantalone
mbrojten,praktikohej
tennavanthurai,intenziv
gazetereske,kostarin
transsiberike,erdha
ëstrogjen,deputeteve
kriptogarfike,denizli
documentët,konfidenciale
gitis,mundësonin
adoptuese,syrejës
vyrtemberg,orkiden
barbarit,rusticana
dissing,policis
përfytyronin,peptideve
tegeli,attribute
inxhinierin,shtetaret
kontrolloni,filipp
versonin,famileje
diskriminuar,alkazari
orchestrion,kinograf
jouhikko,besianës
yoshitsune,chamaedrys
proprie,paulinpreka
ptoleme,osecanja
genç,vajradhara
prague,mcgee
mirëpresim,explain
qirkoviq,ndihmëtare
baicë,ursing
varianta,kënaqshmen
nënprefektit,kenelet
softëverëvedhe,hieroglifet
siro,engyodontium
kredit,lpi
ftohtëvaske,ujëdhesa
shtatëzënësisë,përkonte
konfederatë,kombinatin
arone,nofkat
kraharori,babamusta
kinchaku,ramzesi
manitoba,upts
toptanasve,thurai
magneziti,minashvili
bhoota,efektivenë
anesive,traktoriashtu
projesh,nav
pasok,kolonjar
heath,stejsit
përmisoj,mania
globina,momen
formalizuar,hissing
limfocitike,leukadën
petëzuar,arbabi
puthur,lajmërojnë
xhevahire,bczg
zaki,paangazhuara
bougienit,kentaki
përgjigjem,sandu
aerospatiale,apap
cetartiodaktila,sannyasinëve
mendjeje,boulinoi
rainmaker,dorëzova
përkuese,veneciës
goshincasit,insistonin
aspirate,blatimet
moretti,mbjellura
varroste,caetano
çative,renouveau
hemodinamikës,gativazhdimisht
rena,pemyslid
leshoje,vegsh
tcm,olimpit
shekspiriane,pamaturit
neminatha,vauxvillaine
duartrokitën,chalons
pejërozhajë,jacquesfrançois
bombeit,rrënojnë
mallakastriotë,ngrini
pulsing,trullin
saintjeandemuzols,myers
conciergerie,aeroput
mentimin,valeska
soumaila,lidhun
togzit,jurats
gadag,aspd
prirej,kimonit
guldën,eileen
alekej,panteri
nxhetësia,ketit
kafegri,trakya
modeluan,çamofshatrave
isidro,earthquakes
lengut,ilkantilena
kurorëzimet,moorhead
thc,kishëzes
junnari,tkurret
asprokklison,rizan
harmonie,traipura
pozitrone,karakterisike
silveira,sorachi
akordim,gunsen
hiperinflacioni,persekutuarve
hamedina,paktet
taurizanos,instalacionin
shetise,zosterae
cifit,kallmetit
ecjes,stotramin
oenb,portofoleve
banjul,mesnatëkur
putrës,zbatonin
peragam,dudushi
corbett,gërnete
singëllin,intrumentis
lakkundit,katërkëndëshit
afruari,pëparmë
shpëtuesi,bishtpelëza
përdoruese,cisternën
tzephleki,kaçori
kaganik,patëllxhani
qëndisja,spontaneitetin
tërshanës,konbinuar
livanos,dubluese
laro,vërshimin
antagonisteve,poeziafjalët
veledin,copës
basoalto,adapatuar
franqez,jahtit
vizille,prefekturësndahen
landon,herbignac
kule,dhunuesve
supervullkani,guzzoni
kuranizmit,shipmates
ndërrmarje,davudin
schaumburg,manifestimin
kuniform,himler
derrkuci,klina
shinobu,kejfe
anja,financoheshin
nericia,devotshmërinë
ofiqin,ostracizëm
smartphonet,grabanicaj
kibucin,dorina
adcja,njeriumerimangë
shpjegoni,igelfeld
ngris,dollhouse
lutuni,llogoret
kompoziciondirigjimit,besëlidhjes
vault,nantë
barbuda,slite
rregjistrin,viktimizuara
jurispodences,mejremen
xmlverzioni,aristarhis
sigël,popullorçe
zernosekut,joautonomist
araboturk,hercegovine
foshnjen,ngjita
konceptualizimin,topojani
katalogimit,dalluan
dygjuhëshe,turnovo
mataras,perzës
mediqit,identifukuar
timersave,zvogëlonte
hebrenjëve,lituanishtes
bombax,galaksish
sakrificash,jodin
vett,argëtonin
shënjojë,ornitologjinë
koeman,kaotik
cuddalore,mbeshtjella
australis,lukrecia
kongresmenë,marmi
lajthitni,sinjalizuese
troupe,qajtë
telenovelas,prosodike
lluç,përpjetat
ambulanta,intercontinental
kurorëzimin,seferin
domale,zeman
unleashed,çdonjërës
khazanchi,minosin
henriquen,pjesëmarrset
falkalit,epoc
jujava,anomalia
japfa,bashkpunoi
khler,stilizime
mitralierëve,akej
ekzarkatit,botanistit
perëndon,monofonike
mbiquajt,jangambari
infektsionit,superieure
haefner,amortizator
kikaj,sannidhi
ebulhasen,efiçiencës
deifobos,pavënë
shtrihesh,pastiçere
llokuma,busbee
trag,druan
piata,pranueshmërisë
industrine,pikolitrat
kapelabërësi,stilnovist
nikotinës,seedorfi
tukson,përdhunonte
befasishëm,spanin
urdhëresës,nënndarjje
dalmilirijapdf,frenë
dukshmëria,verbanit
balade,cavanda
rot,darbi
shaneal,sistematikë
grardmer,bsd
hedhnin,diplomike
ibo,sin
stephan,babave
ajkën,dadës
biografe,rezervistët
abulafia,humoristet
dodge,driverloader
horizontit,schoenberg
guruve,mbuluan
transmentoi,dëmtimesh
asistentët,hiperboliket
kozmoligjia,shëmtueme
ftohtetemperatura,kahramanmarashit
suadite,thurman
dërguarve,fortissimi
feminist,negredo
autarijati,bylmetit
tula,fullbring
pylori,ear
shkaktue,shtatëditor
energjis,aji
këputjen,triangulare
karakterizuese,stilohen
havollit,elektronikës
iohannes,apoteozë
lartesinë,rmenskon
hekonai,chesnay
konsolidonin,eliminoj
jamas,serbo
pajete,herezisë
sagë,eilish
diabetes,livio
bq,tregtoheshin
masakrojnë,depozitës
kevalagiri,standardizon
boehm,selcuk
bahren,comon
farabi,psikikën
mitrushi,krorez
goeva,thjerrë
bosrës,oshiloskopëve
personifikuara,ballkanasit
kraholine,skafit
partnere,aalavatta
aminur,druvari
pakësimit,rapsh
penmartha,zierja
madonave,vetëkuptimit
sinkronemakina,shaivitët
prushaj,optimumin
independentistët,cerragë
gjan,novias
mahanadi,simbolizohet
shkozash,guruguru
torturohet,thurën
zgjohej,svirrca
tafari,buajve
ekadesit,cline
stilistika,trefosfati
coriglianos,tshering
yoshitada,montherm
vietkongët,hajatet
rrepës,kultivimeve
xehërore,perdormancat
papastërt,satovi
mbështjellte,tuomanen
takeda,ammin
sherbime,samyugha
kamxhikun,trakesënë
arktitektet,lajinit
banalitetit,keshavës
dimetrit,derinë
hipernim,kështënja
tupellëve,komunikatë
genocideve,fotoreporterët
skaliti,legjionarëve
trengjyrëshin,frau
voetbal,shotgun
agregon,darsia
penh,telepatike
plenare,brodec
milotlester,refreneve
botave,artizanateve
dhjatën,perpunuar
tregëtin,shpikej
idioma,mecca
ladogën,vjellura
earls,bler
merrimack,narcizistë
bunkeri,lazzaretto
eminent,eksponuar
srskilda,dëftesave
ngadale,tp
malaziase,ikonograf
jezerci,bënu
shumënderuari,peppe
ngacmuesi,dranazhimit
përvojen,mka
kryeqytete,bouroughs
randol,loughborough
mod,kondord
doracaku,madero
tevarami,shumëkthjellta
koçoloi,shtegtarit
uskabin,importe
oranë,penxhere
birsa,gomat
kirognomia,bashkatdhetari
pagëzojmë,rocky
harrunur,leanin
informbirosë,ltla
bujqerit,rizospastis
tsuchiya,jaunpurit
sheremetaj,mansion
fenol,transportim
origjinat,humvees
standardizuan,cacaj
rrihnin,gyan
eolian,mjekrës
bazalts,dentistet
palidhura,vellane
maisonneuve,filiga
ekliptik,dorsata
entitetin,parafines
interreksi,revolutions
prenç,trillimi
lyman,melqa
hupë,polieteni
sfilojë,raritet
fanpageve,schedule
demploi,matrike
borbn,ipesonë
kriton,gallatës
constantius,oric
zherkën,arësimit
dodi,dimitar
vlershme,kanonit
kapërcej,salikes
llull,yavana
holandisht,lartëperçuesit
bohen,kapelekashtë
mamma,filantropistëve
nëntëbranched,pizza
shperblim,pokeri
qemeresh,prjeardhje
aubazine,helmuan
freiheit,lirikët
majekrahu,djegien
përmbizanorja,çlokalizimit
zotërinjtë,lanner
efe,volumet
çrregulluara,talk
embedded,inri
dollitë,utechin
kronistit,mendjemprehtësia
drejtpërdrejtshmëri,receptorë
synthetic,gjallauji
budika,chauffayer
hanibalit,ashik
kputjen,garcias
kopranëve,çmontua
voltur,svarosë
mahapurani,upanishadëve
sallelesalpes,shohish
massena,pasquronin
baltës,dmarc
apelativin,shpërfilljen
konfiguracion,products
erosit,zaptijet
simultane,sokratis
protagonistas,pasazhin
zgjuan,përgjigjie
kompilatorët,ghjuhën
umevit,idrisit
dakari,nakota
katodikë,tayna
assistants,direk
hititologu,lugusirmë
finaciare,kinematorafik
coloradas,bajtë
dhje,fns
ufc,ngjizja
algoritmit,eldorado
lazarevi,sparmou
kasit,skicimi
asllanpashalliut,vecohet
cduja,grabitjes
çikës,tkurrur
gabrorë,përmendurat
bonnier,firstborn
atherton,produktivitet
guvernatorgjeneral,mijak
incizivus,mikrobit
seraingut,kahjeve
azimovi,spërmenden
progresistë,perdoruesin
puthjeve,kulminacionet
uebfaqeje,xërxëmalishevë
eprom,priftërit
shkathtesi,barbaret
adelman,decembrio
efiçiencë,drejtëzat
pilovogoii,pankinë
bazamentit,irva
keds,dnipros
milionsha,mikhailov
kufipërcaktues,bonnici
përcmojë,massey
gjyqtarësh,champdenierssaintdenis
biogjeografik,claire
ziliana,bianche
vaksinë,shogunatin
rradhin,haxhiosmanoviq
arjani,pestëve
quba,alevrol
tagelement,accepted
straffi,vjenën
rrëfyesi,lobet
mësipërmnivelilojes,etnosi
kannur,dymujore
dekretuan,shikojne
xhandarmerise,konstruktive
eunukëve,ietf
medelesh,shkumesi
kastijin,tiruchanur
nektarin,amshueshëm
individualitet,mbështjellin
muleri,gjithëperfshirëse
soneti,vaidya
imigruar,skubit
vërsulemi,zgjo
antiromake,koktej
fizarmonikë,pjatës
vangel,bitumsi
perimisium,uigan
zott,poggibonsit
tablete,paratifo
epitete,arvanishtes
cerfs,menshevikët
dokut,muhafezllëkun
avullojnë,vallah
komandohej,pentagon
rocles,sisters
vetëvleresim,kashtra
treger,lulzimit
mbijetesen,padrone
bolshevizëm,stilografin
apsida,çerdhes
rroten,condillac
peshkataresh,guittone
cekosllovaki,antananarivo
akmsë,rekrutoi
teodoro,naturnes
langdons,rygg
korinthit,ditëknellja
motunrayo,tollumbace
ika,clarence
afp,carnival
gjatëjelekun,blloka
satiristi,propolisi
marenglen,kallen
grishën,rregullishtpor
mrikes,injorova
nënkuptoj,nysret
ovando,fosforilim
nxënxsi,propertius
konsulatorit,aqaba
lepantos,hundëgjate
venecies,aftësimit
zhele,nozicku
primatomorfa,nërkatund
amësisë,sapoardhura
groenlandën,brut
krites,gërsheti
craxit,shënuesve
eudaimonia,xhoi
shtrëngatës,alberoserotike
asociacionin,joliberal
vazov,himnuan
bhadaini,socioekonomikisht
vllaznin,chiyos
shurikenjutsu,haemus
phyllis,korrurat
homazhet,rezolutave
ofiqarisë,telefonate
imunizimin,antikishës
drizar,kannan
chibas,hilderbrandit
fluorit,akër
cynoscephalus,budarupas
disponua,aragonezëve
laud,draov
velçës,kafta
bendet,bilioneri
kalisi,sengn
adssa,disadekadash
ngai,bask
lopoldsigisbert,efram
cour,reuel
brankoviqit,garua
nukndeshen,delegohet
sanfordi,kryeura
vleresime,hjeltenheroi
perveq,guralabastër
mbaresa,kapilarëve
bashkepunimin,kastratët
sukseseshem,gazmorë
yukihito,toleruese
stadijën,kulminan
inflamacionit,lyndon
vrobullat,përmbushej
tiberit,poltik
tripalëshe,burbank
balls,perpeqet
tamburëve,ailin
bujareshume,lucit
prandajngjashëm,papushtueshme
deshnin,cet
avatarëve,haklajt
koncentrimit,mobilizmit
sammarinës,parashkollar
romansierit,pession
paionët,psamtik
belvedere,palm
peretin,irmct
chtillonsurmarne,rodezit
thirrore,hirakodontidae
metallverken,dalsland
allgemein,trvoux
stukoja,ccai
hivaids,cilindrates
devale,pagueshin
intensifikuan,tijuca
kllounit,përamasat
pyeong,mazya
hobsit,konvulsionet
shuster,lazm
alomari,lëvizjeven
aguacatal,nikejtë
aureli,ethemi
triest,pashkruara
dialesh,shelegu
armas,kasaphanës
atreut,çukën
hrvatsko,lukianit
industiral,xhainë
mizoria,reaction
rossa,melodik
normotermisë,konakri
danuta,gjonika
identifikueshëm,gjurgjevik
seltike,bedelenpara
zubejri,anetha
vndet,mekanizem
gjorë,altona
përsonalitetet,celesi
specifikave,trimnia
kompresioni,allusions
danzigprusia,gerionit
perfolur,britaneze
radifëdervish,burokratik
deisa,jarani
evaluation,teproceseve
makiavelian,bukumirsko
counterpoint,jorma
mediterraneo,butësisë
virno,melatonin
pushkatimet,kroatishten
lourouxbconnais,kamenica
predikuesi,gjithëpërfshirje
deduksioneve,antipsihotikë
oic,trakea
maherit,arriten
palladën,shtetrorë
saakashvili,grdonyagrdpuszta
ckisherimeve,geographic
palansuara,dhelpave
gestapoja,hojëz
editoj,manderinave
hyskë,alassaf
tableta,precesionit
rikombinuar,nuseje
filipos,bajagi
problemn,gjëndryshon
shtatmadhorisë,masaloviqi
ciklone,indentifikimit
mesfushën,gogla
maqellarapocestikllobçishtiburimikçrçishti,kishs
sposton,granulocitet
armenase,perfeksionimin
ekasalas,isakari
kuarket,harmonizuara
shtojcave,çikën
reacher,fiminielsen
artstike,kopernik
packard,motivohej
komentit,sakhalinkomsomolsk
ashcan,mysafirësh
garabet,përthithjen
virion,ilustruesve
narcisiste,uxhën
shëndrrohet,botanica
oae,villeneuvelsavignon
kompunuar,tui
servir,neofashiste
deifobin,liut
boykotin,pozicionimin
akuzuesi,bucerdea
hendrix,sardane
stadijë,chemno
radhitë,frenkos
kinematekën,peisazheve
përhimt,spinozas
korrektuese,aureolë
enciclopedia,teshtitja
shenjestres,shfaqesh
ojftë,lirikoerotike
karretera,kolonizuara
drapëri,urëkalimin
devasthanamët,gnb
lesek,amatormë
athos,hipertireoza
searchch,grifarti
pellazgjik,deoksiribozës
balancimin,nervozizmi
llogjikes,grabockë
konstantina,getcha
ngushëllon,kurillë
synet,konstatonin
hytbja,përdhosjes
alinci,burrëri
palmirës,brunszvik
banorin,kartolinave
kondensohet,kenseit
çandagutta,sahatçia
olympic,rockfeler
përhirtë,kryekrenëve
chnagon,nrac
konjak,andautonia
vinlandën,parteshi
menaxherë,përmaza
cesa,operetat
simpatizonte,signac
tufëz,rrafshinën
allajbeu,rrjeshta
storie,atovi
nenkuptuar,okulistikë
hein,ndertues
diademën,reduktoi
pakësojë,sintisajzerëve
patreguara,majki
baudelaire,himariotet
jodongut,rënditura
vetkontribut,mbritën
profarmak,fterrës
përzje,updatetohet
vreshtave,parathëniet
baq,shumllojshme
dasmorët,bonanno
serit,konsultave
ndërkombetar,ekzaminohet
desy,represionet
skenikë,armatura
itachis,horra
njeriunato,blakaj
hohensyburg,prëcedimin
pafajësie,fotografisepse
trunguve,turqishte
ndalueshme,gjylen
mbrapshta,psikolinguistët
onat,maskoti
bravat,futbollisike
josinkronik,formues
tejme,protohistoria
kayserispor,patundura
ritsa,hysenagolli
lezetshme,pandemitë
seged,potos
pistole,tatim
kryetrimave,babylonian
kalafato,kuzhinierët
rabia,kolofona
shpejtësisa,locked
morfati,individualizohen
neglizhohet,paejsazhit
fortifikua,borovoje
bashkërendon,perkosisht
vizualizohet,ndërthurrje
mbërrijmë,radikulare
dhurues,proceson
famshmin,gëdheljiës
sakrifikimit,zotërues
kubiti,nënkuptime
bahubalit,fergana
gobernador,fiqtë
vajtonte,hoverla
ponton,katerinës
strategun,kënkëtarin
militos,athenagoras
tepermi,dyjare
urnave,gruppo
ministira,përkushtoheshin
arkaizemet,dorsete
endnin,ukaz
luhasë,islander
dshmor,umihana
turqin,kontabiliteti
vidhi,hezituar
faz,bazy
rstoaca,presh
konzervative,artikeln
esoterizmi,kagiru
kartagon,bandi
korteksit,detoksifikimi
fala,servireni
municipium,çiklistë
kontrastohen,cps
fëmijërore,dridhura
videolojerat,lexhojëm
terrorizmi,mulleres
levroux,ultramafike
këngëtorja,autentifikimi
gjuro,tetëvjeqarja
vëpër,monogramin
shtrydhura,brexin
shikoheshim,hrakteristikë
nefit,kukli
bakau,carët
plvs,rafinimit
faljani,rivarola
infrazërin,kundërsulmue
btrr,alvanos
aldrovandi,ezequiel
fenelon,kuzhinave
teplice,prolgbt
përtypjen,teresise
sanshoku,postdoktorale
bredhës,pintave
kimuras,saktsi
principal,pldsë
raketë,leb
parcelash,borika
stackut,tvt
baja,dirigjimin
sheraton,saptparni
rindrtua,komnenëve
spiral,dushkaja
aerobat,shtjellojnë
karamazov,oeffingen
pienta,nazifashistët
pandeliut,tërheqësja
pique,ftoheshin
shumllojshmeria,pistons
dominko,ehzade
tenofovirit,sociolinguist
redaktonte,finishin
badshahi,mbledheshin
transfuzionit,naruhitos
aprovojë,anarkike
darina,caruana
anserinae,arianizëm
ngasësh,gaxhon
bisedim,antisuyu
villoruebo,protokolimi
akreditimi,schorre
portretesh,degaska
lokomotiv,gjobim
kundërveprim,argelssurmer
rolandit,ahiru
italianit,pakulluar
dizzy,zalldardhë
poshtëruar,fingini
ebul,termoplastik
muhafizit,objective
cipash,buharaja
mbroja,beaurepaire
quintanillaperez,mardhënieve
somme,mynsingen
kengetaret,antipsikotikët
nebi,joshnin
loli,teletakra
turkhan,gjeografime
oleksandriya,mbushullon
bernardit,biçikletave
onomastika,pandeh
ndërgjegjsimin,sibilaia
demarkacionit,alahmad
revizionua,marcialit
vzquez,math
ishsekretari,tërshëraetj
vlashuk,uisë
kësulë,horusit
mujt,laticës
drejtuesja,narasimhaguptan
nasrudin,meastlin
sharmin,përdëllyesit
grandes,incidencat
karvanesh,corvino
mobilizoi,rrënohej
modernist,oksiacide
arsytimin,brettell
shtatit,knull
njëmuaj,croissingvecchi
myftinisë,sëmundshmërisë
niqirtsuituq,uratën
rizgjedhja,egzagjerua
falangist,kaktusi
korrës,shfrenimin
acaemenide,gosë
beskidet,shtojcës
svapaneshvarit,prekolombiane
shendetesor,postbudiste
scot,orientalis
gashianët,deklasoi
lulëkuqet,përshi
rregullshmëri,aksun
patrupëzuara,pundarikakshani
lubonjën,rrajmond
përzie,epstein
orgdynamic,traqiot
umihane,mesapishte
joagresive,xhiruesi
përlotet,kullot
jessenpetersen,rimini
letrarit,muzikali
ekliptike,roga
xhebel,morfemuar
liberalekonservative,detyrash
implementuan,mbiprodhim
elbasanin,kërveshit
smartkartelës,rikthesh
nisjet,overmans
ekscitimi,biznismen
ruled,valencore
zarfa,qetësoni
elektroshoket,kërpaçi
busia,nderhyrje
smire,lamia
fabrikantët,sirdani
autobuzë,autoblindë
qëndismat,fizionomike
korrësve,function
manuelini,gabit
tribhurabhairavi,totilën
pesërremëshe,veohet
pvr,batutat
paleontologica,romancieren
elektromagnetet,siv
zonjave,golaj
dërkore,gjentik
gjakov,iliroshqiptarë
cerdon,flliqt
aplikacionesh,qendraun
qejnatë,bengalbihar
duqi,leeroy
viridis,shablloni
troilin,saygn
citoplasme,trillet
uebsajtit,gortina
neutrini,shurdhmemec
rudinë,fuqizon
leksema,motës
krushën,simotra
kandidatja,ndërluftues
nëkrahasim,akademija
habana,palos
pikturojnë,among
theatiner,simbiotin
çuditëshme,umoljani
karaktersitika,emacs
iconoclasmit,metodiks
aritmi,oxladechamberlain
akuini,gjëkund
absolvente,gjykoheshin
nonoxynol,ramzës
onosaka,pastërma
pengjesh,gor
elmeani,kontrabanduan
dytënf,saaa
burushaski,dka
toninhos,flautës
antivirusi,retikulumin
implentimin,gastër
foix,besimtaret
garona,militarë
diplomam,bakteresh
annette,tërfojës
induktorë,lirishtes
sampradayan,shëndëtësor
ljubiçiç,dic
drames,pllakore
penelatave,esnafet
autenticitet,qeshurpasqyrë
studiuarave,aoli
bartholomeu,hendriks
rrezultate,djathtët
shpejtpoashtu,samos
produktion,shkelësin
driloni,rremnji
shkumës,partitokraci
peruanë,mengsit
llamas,balkans
këmbësorisëregiment,çakmakë
mjaftonin,malesi
blektori,klishetë
bashkëregjisor,magnavox
ezofagogastroduodenoskopinë,ringrisin
pelari,karkarodontosaurid
malziun,biofizika
zong,samoans
brahmayoni,destinacionet
gediminas,hamadan
dinakërive,sulaimaniya
aforizma,bosnjen
eoka,perfundojne
japonezeje,zanatçi
fushëstudnës,rigide
prmendur,njëti
lissa,telakja
kostantin,vushtrriaviciana
figurshëm,uiversitetin
hudënisht,bamirësin
komnadantit,adresoi
flamurtaribarcelona,metafizikë
tutulani,kasapët
diplomacie,filliminin
pianistja,europenne
shëndetëshme,bernulit
ndikoni,procesverbalet
erjeta,kunadhes
lgbtq,çomo
sabrije,distrofi
turbulluriva,megara
galan,parandalua
trarëve,armin
sirio,algorithmin
sigjecë,geir
sundo,barkanah
opozitar,tonikoklonike
mblodhen,asparagus
baronin,sudi
brazdaret,alkhuarizmi
kontrolleve,vjedhjeve
bloodychuck,penetronin
kairos,kuptojnese
pentium,reformoj
korteksin,ndryshohej
qosjes,bashkëprodhimi
bahri,metju
psicom,qmojne
zbuluesin,kaçub
inches,pompone
phosphatase,torma
qemere,torrens
vizitueshëm,impenjative
didaktikeekologjike,multifaktoriale
shpon,turks
hijshëm,buddhas
koniçanit,gornji
ëndrruar,konsultorja
giampaolo,realizimet
kzn,korrë
snohomish,yldrm
kovalevsky,çulit
tyrbeja,dyrekmi
narashimha,shpresoi
bluhej,ilireballkanike
aleko,vlerësuari
okupatoret,ccipio
mihaljevi,asimilueseanamalsit
pasurise,gjirafave
boleyn,katastrofe
kryeqendren,schlchternit
zëvëndësuesi,palahniuk
dhunëshem,finaliste
slr,udon
ortodoksbizantin,shumaher
sancaki,bogue
johorkopshtin,herbivorë
bernarda,tesavvufinmistikën
gkçe,rrogozhine
vindication,genjit
apsirti,klingande
amatoria,longs
tourdion,medicieve
gjëresisë,tamravaraha
natyroreshkëmbore,somerville
sumerisë,zvshef
bjjsë,placedo
harem,burrashpo
haeundae,pahibridizuar
aplikcationet,cristofori
ulcerën,migruese
mitsudomoe,venur
hamendësojnë,finansiarisht
standardizimit,mindamao
tegsbroni,aderimin
protect,mezogle
organo,atay
prodhimesh,ecësh
kutit,evroaziatikë
sponsorizimi,shtekton
ekzaminon,audincourt
anullohet,korrozionit
mahavamsa,bijghir
sensiviteti,jorktoun
cesena,ramanagar
muzikave,lëkundenato
plamet,lenihanio
konservatorliberal,parcela
hemodillacionit,sigurohemi
parashikuan,arybba
assembly,berga
passage,cirkumambuacioni
pinç,dhënavedizajni
shpenzues,përbindëshin
dehli,tronditit
gradicë,herkuli
centrale,klauzolës
gjeografie,herezive
zyratrisht,hita
lsdja,shkinaku
ruapehun,mavropullin
lartjeton,shtriva
vjeçarët,eriksberg
trimëresha,inflacioniste
hanoveri,meet
ldkja,shivan
drekoi,krundeve
murgëror,altidore
thaka,keqdashëse
arqipeshkev,sacre
puthen,montignylengrain
gardnerit,turiqec
njihët,urinimin
vepë,qefalia
rutil,çfaqim
mijëvjecarit,shtrojnë
zotëruesin,njepasnjeshme
televisionin,hoffmansthalit
koronë,nonstop
ngrënshme,zogjinës
pekarët,makedonoodrinskoto
heungmin,serbizimi
recesionit,burgosjen
intersesant,zëvëndëskapiten
konsiderueshmë,hyrjeve
nderhyne,inga
cervantsit,kearns
kinemash,sicilianos
charlysurmarne,kaithaba
munchausen,pseudozhurmë
kycur,komunikative
pamfletet,anaksimenit
mathematica,kozmosit
krauthemeri,chtenoislesforges
gjeocentrizmit,defaktorizimi
zgjuarsi,atributit
divorcimit,kokoren
omidyar,megarë
veriorepërdoret,ballkanë
ettegabun,presidiumi
blegtorisidomos,egghead
ilamen,shfuqizohet
melankolia,tempores
tangtaizong,applikimi
ortografik,qsut
acetonin,rigjallërohej
avashëm,kërmill
taganskaya,çirilica
rajiv,torajas
transhumanizmit,zyri
sira,pellerin
legionaries,pristhtinë
xhemaatu,andersson
heliografia,sankaracharyas
matsuyuki,aracoeli
fao,ghuhën
lavërtarinë,suari
peostetike,savona
candesas,bukmirë
shtimifshirja,mëmëdheut
nicolau,sensualitetit
çungu,larnishëm
reni,kucharski
kaki,rashidun
laomedonit,fant
step,varam
thethin,horëvranisht
ujembledhes,madhorao
frymojnë,ducey
protestonte,djionat
lajmëtarët,përdymuajshme
irakianët,chopisi
mahir,sistemim
lumbres,antihebreje
pjesëtarit,ngjeshtë
mendimtare,gbullaku
bsnë,qesti
pantina,albanological
anatomostrukturore,stuhise
huruieti,sudetenland
nentë,prishtinen
superushqim,gjake
kontaminimit,mbarësinë
kolesteroli,gjakon
enigmatikosentimentale,henbollistë
karrierizmi,aspida
sulmepersonale,lokomotive
voidvacon,paprit
dënuara,squeeze
cdonjeri,malcuara
gonatën,xhamien
pionieret,kopjues
referuese,mbyllnin
oshëtinte,kineastët
sumbolon,senzorë
jotolerant,tanap
paradimi,scotia
fakultativë,ykai
floreana,ritransmision
duale,verifikoj
behare,gridlr
koshpshti,krahesim
isane,centromera
baguo,xmen
khakli,shkurtues
mëtime,ministrite
kamjen,epistimologjikore
çermenikas,jamça
sezeonin,koraleve
ushqej,indiano
përqendruat,kanarit
protozoarëve,thotnte
epet,mj
penguin,infiltrojnë
euridika,kummer
gamer,xhepave
alternatif,pranavmritam
command,erresires
rizës,ndërlikime
leshani,kazemi
ligri,mueren
scan,saintmicheldaurance
subarean,eteri
bateson,rathave
diputacio,zajmit
fluminense,magnetosferës
shfryrë,hsupa
konvergjon,sçarim
gjermanit,ptk
paraprire,grekoromak
kerr,gershman
qindrat,shqyrtuara
keqtrajtua,makovci
zuroff,laptopët
rozoybellevalle,materializmi
prfshijn,thjerratsillen
jackut,shëm
turtur,tanga
operatorë,hambar
menune,poshtu
saktën,aquitania
dadayev,permjtjen
mishngrënësi,saintlaurentdeneste
nane,eksploatuar
kontinuitetit,beckhamin
gorishti,gënjehet
happiness,shquarshyqyri
caeiro,skalitjen
imunodeficiencat,obligimin
mbane,abrogimin
animes,zotëruesve
kohebarcelona,telegraf
murugan,florën
zevedheut,rënd
muzgut,trupitsi
duffey,tetëfaqësh
vezet,përparuaredhe
kuratore,marlboro
mançoda,lasa
veqshqipal,ovina
pantinë,carthaginian
mundoheni,koliqihistoria
jasmina,përmëndimin
lahutarit,lezhianet
labum,hotspër
kretakun,përkuar
teleskopë,zis
koelle,purist
micheline,preshtë
elaburit,adrianopoja
gjaknxehtë,kirkjubreyn
visigote,ematokritit
kuss,stambulliot
sqapin,plotfuqive
provojmë,përvajshme
harryplax,përul
horkruksët,orgesos
gezim,nanteuilnotredame
insektve,kabupaten
kuranor,flopi
kalamai,ngacmuar
mbijetëojë,rreshte
mbushtria,xhamajka
francit,rrezikshmëri
pretencën,bunuelit
pabesi,mihajlloviç
pireva,delikatesë
gjeologut,dischi
heraldikat,labour
regjoni,korçullë
bok,ngutjen
eprori,chipit
carneiros,ndërfutje
pilotja,qytetetshtete
disfta,pltano
bujqeve,njëqendër
jonizuese,uadet
salminen,gynoeceum
readymades,citogjenetike
xinxifilla,burgupor
sabanc,babindollit
olleri,yves
konviktore,pomalidomide
rrudhosur,alrahman
minorancës,internat
bergyzar,brocton
ubejdullahu,perudhë
halitaj,vrocllavit
borobneti,snp
ahoret,pamëkat
triasikut,sufizmi
quercus,muzeume
czarist,korrigjimet
konviktin,tepet
chpp,pergjeglesinë
zeolites,elnaimi
struken,jyotirlingas
slovenski,allregion
berberizuar,pelqyer
topiasve,skar
puatie,përgjithësohej
dekriptohen,xanthopterin
kolegeve,çikliste
atribuonte,protocakran
dispozite,izohietike
egjeutadriatikut,stërmëdhenj
gërqeroret,poltava
rangon,balzakun
përfaqësohu,zaaa
kooperativat,sipërfaqsore
jovertebrorë,moralizues
perimetral,kundërshtimeve
rrallëkush,kirito
herst,shenjtërinë
unçsh,reprezentativ
rakshasha,dalan
operetash,diftongë
refaelit,madalena
barrientos,arbërishtes
libriëngjëlli,helenistë
gërmadhe,korenti
netve,pietros
kullojnë,vijona
azerët,celulozen
dominim,provinçja
afak,diftongjet
psikoanaliza,faktohen
dalmacikroaci,brambilla
lehtësimeve,korrexhimiento
taifit,clermont
dashamirësi,trombëve
çelen,vektaria
mbaruari,shpënzoi
gjatës,lazerave
mikena,elisaveta
zapopil,australiana
mushak,sonatë
rbia,panevropian
larësish,veshtërsi
cragnotti,ub
antarala,maob
jonatyrale,perqind
rrafshinë,ankronizmat
lodrën,fëtyrën
mjekërrziun,fontana
vajtime,mekolli
staticienti,courbevoie
siene,popullizmi
syroaramaean,finalizonte
dobovjan,inspektoratin
petrës,deitsch
spahinjve,transfomohet
thirrnin,mekhnes
kryegjyqtari,zamparini
kki,bazilikë
monogamia,natsumen
pooezia,buddle
kominitetit,curling
buzmin,miqesohet
mordo,pursuit
reformes,radikaleqë
banane,candyman
matis,monografish
kolektivizon,legjitimitetit
theopolis,karlstadit
tatimfitimi,srimala
imigrantëve,jofunksional
krogzemis,spinozist
shivalingës,ppnea
përiudhën,fratta
mclareni,pasurua
counterattacks,gërgoc
ështeë,zuccotto
aikan,përgjumje
mohanit,madan
projeksionet,amaya
pranin,imponohem
funksionoje,adrenarche
rubidiumi,liberalizimi
namirah,sullivant
sistollë,shigjetarësh
turbanin,rubai
urdherat,publikonte
tkurrëse,banjen
ioan,agopit
mazhiq,larson
çausheskut,rimoldi
bottle,corcieux
njëkohë,elterë
perforuara,mësysh
portofolit,nënfaltore
mjegullnaj,halimenj
plantacioneve,cnuk
gjende,jy
kuqrremtë,katërmbëdhjeta
tropikalemonsunike,baitah
njerzimi,birëson
plebishit,biogjene
divodasa,vedantha
mbërritëm,calaisnordouest
dobro,visartar
smlands,fiksuara
ichib,moksha
kënaquara,stresorët
prostitute,falakrion
osasunës,bznunit
nunit,skutave
verboi,antarktikën
ndenjjeje,eparkëve
shpeshtimi,jaisalmer
schalmei,zierjes
jançishtit,gregare
persekutuan,odenussa
durrsakut,shtazeët
bishonen,mbështetësja
braga,concepcin
pesëshekullore,kontaminuara
albanisches,livinsud
fakultetn,mukana
çorapegjata,sherringu
moulin,lapardha
trockut,shabanu
sabrinës,zbehje
dizajnues,gaforres
biçikletën,perifraza
secel,dottore
lituanezëve,laburistët
shumekombeshe,ldd
gandhinagar,egërsimi
radee,ragga
ovidio,bege
hindishten,kungatën
beçit,rikrijimit
paraardhesin,devijimiet
kunatat,pështymja
famëshmit,pejani
rita,dinarike
saraçëve,trsitas
pojan,ptolemy
bakëralumin,papërcaktueshmërisë
firni,askurrkund
vetëaktualizimi,dioda
navaratri,kryeministrtit
linea,shoqeve
komunikimiet,tirken
ebro,bulgakovi
nderonte,aqua
emisarit,snellit
rahorakhti,pasurojne
filiale,invnbare
liskomuna,kontradiktë
asiae,startup
pësove,dekurajojnë
emëroregjinoredhanorekallëzoreinstrumentale,rrëndësinë
geste,teliasonera
erythrocebus,herminist
perfitim,specializuarë
defën,hagioi
vegjetale,megalos
ëahtë,ishkompleksin
hajdët,osasuna
hesperokioninae,kanarie
ngrine,vetëqeverisura
shafiut,hjrtur
soziale,linjano
hetue,butkada
konsultat,burokracisë
rregullthyesi,tragjikes
perkrahje,armiqësie
domiciano,demostrate
kelber,llogoreve
barkushes,mortem
gosnold,buqetë
leysin,paralajmëruara
patologjive,ndertojne
antonie,solonit
tumash,obsidale
stipagrostis,shkurtimit
donis,eclipses
flakrohet,votuarve
tridentin,peristeri
puccini,kadisburim
psarshënim,dermatolog
marsiyah,frenoheshin
zeqati,gaud
silbermann,pavetëdije
retinen,përkohshmet
lokalizuesit,prezin
fotokolazheve,shqetsuar
kercenimi,pagëzoheshin
hipsometrisë,papastërti
saladin,ndërtmarje
virgjëreshave,pothuajsepashembullt
cioffit,paranojës
komentimi,instruksionet
shak,redaktimeve
fetarëve,juventin
ligamentin,albstudent
butonat,bandipur
vietminhët,iladijen
padmavati,sipërmepara
teproni,sagri
alta,valit
konstandinopolit,bashkkohore
bihram,nalt
plieng,kurapikës
indonezianemalaje,xhufkës
sajdoni,pësuara
franceztoskan,banditike
ruvo,linkota
tankesh,tehun
zjodhi,bajraqeve
stavrit,konçul
kadrit,kashivisvanatha
shoqërizimit,tou
kontrabandistët,lartëpërmendur
transetit,blogerë
ardanio,skedaafresku
marksiste,ambjentale
elektrikepozitive,zhulat
halobacteriaceae,represionit
biberon,dpac
sopranoja,manisha
haremë,radiovakes
arkaxhiu,kck
jala,aekut
jevrej,eneu
perfaqesua,dynomutt
ostros,rethëve
arabishtes,krahpërkrah
vargamalit,pyeteshin
akumulimin,azula
filen,laredo
badivuku,klajd
remarry,yuntai
zhysen,dëbuese
përgjërohet,tyke
skandagupta,serializimin
patriarkun,privimin
toenanë,baçelor
landa,fushëza
tramvajeve,bankete
severusin,zerqan
komplikacionet,balluket
pozheran,admiraliat
bouglon,geheimes
vadakalai,kuvertën
gorgona,mjekësorpajisje
regjije,analogjinë
raportoheshin,kreyol
ishmësuesi,monferratos
silivaului,kapitolian
rosana,magnatum
koheravedhe,rascionale
campagna,ctrlesc
judaik,fermentuesit
jëma,agia
jenuz,fuçipunuesit
joteknike,fundoret
njohen,jnos
qitshin,ecen
trumpeting,venturer
tropik,zhviilimit
çorapkukullat,pavllo
interrnua,kronikanë
fizionomik,medjanit
kiij,adashja
hudavendingar,pashprese
lumberg,mburren
beaunelarolande,ekëtyre
nënnivele,mënjanuara
perfundim,eksportitimport
nubien,skuadë
pllakatës,superavionëve
krijoja,unv
makresh,kursehen
anerobe,perle
reuse,situationist
dhjetëmujore,panxharin
përparmë,bratesti
parramatta,karambol
hipotropinë,ëndërren
neutralizuar,çertifikues
agepsta,hyneshës
shtretërit,dharmaraja
dorzoheshin,ortodoxe
cënon,gjithëshqiptare
vellimin,demoluar
kadky,aspirinë
firmosjen,gotfrid
paniksohet,kodres
miske,faqezezë
pazakonte,shënjestruesit
djaj,figurinë
bërshin,videokasetë
pidge,gjuhesore
dialeri,mamelodi
konfiskoi,eberhard
istref,aktakuzat
manis,mutezilitët
individeve,pragëlindur
statujash,intrusa
tymera,jakupe
pllakoste,ricciarelin
lovrit,galicajt
detektuar,husseini
kundërthëniet,tejkaloje
cuiseaux,perfeksionojë
dobreti,kuadret
syrgjenosjen,gtersloh
cerciz,shijeve
sociologjikodemografik,pizarron
sayyed,dekantimit
marvauxvieux,herezinë
përgjakjen,lutfijen
radht,llogaritin
ganley,sasa
komonuellthin,kulthum
letter,sikursen
tilas,ekonomikee
individualen,shkenmebin
gardes,detektiv
relay,gruaburr
mardhënjve,polifem
implementua,kenedi
shti,kokeshpues
identifikoheshin,junius
asgjëkundi,sciences
shoot,derven
zenebishëve,zhyt
pilulë,dhuruam
fiche,ishdrejtor
espoo,tendghamcha
endrre,oyo
mëshoji,alitën
rrencë,drop
sosipatri,zgjojnte
manjatfilantropisti,jerusalemin
quirinus,lartesise
shlpsë,strajcës
mjekesise,anadolli
bujas,denominaço
përfshiehshin,sor
nominalisht,croces
katërshekullore,apatisti
ridizenjuar,rmunishi
britannia,submit
geaune,mërëshesht
disaprovojë,poroze
stanislavin,urquhart
pabarazisë,amaro
lejueshme,ilira
zgjate,spiralës
reshjevet,bernardin
marrëveshjë,zhenskog
sobeski,dakshinayanas
aristarku,financime
helenocentrizmin,sejdinëve
alhakim,hongshan
mbulojës,operativi
bordello,hindush
cracovia,neronin
bakkhut,protoindoevropianëve
planetromeo,frekuences
përgjithshmes,libreza
hapësh,exmes
lamnidae,hukam
stagnelin,httpsissuu
pellazgë,francisca
hixhret,doganieri
theksojme,ophthalmos
pagjumesia,berea
feliformët,bego
zivii,shndërimeve
akusas,kurama
diskutueshm,arabeizraelite
flokeve,pakënaqësitë
podgorie,eksternalitetet
shimani,eygurande
nouvionlecomte,vatrën
pseudopode,perandorai
parqitet,mlarhjdens
trioksina,hypo
syrohittite,vridhhadityas
gjyshinjugi,diapazonit
tonët,karonit
kroçerës,zentralfriedhof
gorice,laktike
shumët,përshtatshmit
pararendësi,mbrendësin
imagjino,ossh
guenonet,përvetësojnë
kastilesë,kardiolog
argusit,milikiq
botkuptim,kurna
libelle,helemeppo
chaityas,sahatçiu
sugranes,leksikografik
furrit,koshin
kobit,biel
vlërsimin,calit
riofendimit,perzien
diktimit,universtare
sandgu,albuminës
trefishta,shkjezi
tote,luda
gjërësi,panxhi
demetrio,zejes
glykoproteina,bennato
quasicrystalline,veljkovicet
punëtoreve,ulmët
pertusis,arsyetimet
gleison,lillo
culaj,rhettajo
dumre,zhgunji
driblimeve,harojmë
jtabaku,lartësive
llashkadrenoc,musilman
naachiyar,neurologjisë
toulousit,ashpërësi
neutronit,gjilanas
supervizorit,orsinon
vendondodhja,monkadës
eua,vetdijshëm
daljeve,karpate
mburrje,malang
ngatërro,sters
dajen,frankforti
zigomatike,vështron
xhirimesh,frangu
paplotësuara,taih
vllasi,rrap
korrigjonte,rrallëhësia
artgrafistë,shtatëzanë
namaskara,kompletuan
galicishtja,obligimit
ichiji,pinguinëve
uadja,strike
antagonistin,marrosur
pëer,destilim
dalmoth,matsuri
analysys,valencesurbase
inspironte,lettre
graubnden,orafit
aldaulas,hk
shtatzënive,zhubodenes
korregjojë,superstradës
tendosen,abdisën
kunderveproje,stergtland
sajt,perseun
verstappen,ëslitë
lasso,xhinping
histoire,ivanovnës
gjorçe,huamarrësit
gjeomjedisit,brirthë
shqiptarofil,nizameushtare
pazotë,gardianët
poligamizëm,vizatues
adsl,mbreterite
muderriz,alpino
everything,eshteib
përpëlitëse,pluskimin
stilot,ndash
tirukachi,antiokusit
sirm,nopce
vulash,kuptueshmëri
laurionë,bizantis
fsharp,monotremes
anestetikkimisht,dendritike
sharing,prokridës
syed,çeshmes
varnava,përngjau
landesbank,konkluzione
pestalozzi,ondontocetëve
bollik,hartina
slovak,bhattaraka
komandove,amoniaku
manfredsë,priftëria
perondisë,elelmentevve
gjelpër,shetit
familjën,breaststroke
iapit,sabarimala
guyane,rifillim
sidoqoftne,anoreksike
jugov,stabit
skeduar,jehon
osilojnë,saintblaise
supersistem,brejtësve
enesh,nafi
surezit,permutacioneve
arbanensis,katalunisë
vaudi,vullkanikeve
projit,mihalin
hayri,shkëbimin
jayyusi,mësimëdhënsit
mëposhme,ballardinin
vrada,shperndan
biruca,crataegus
fullduplex,pentomino
vicars,rejhana
operënoratorium,errollyn
amerikaneve,thënja
makrana,mosarritja
iffland,lejuarë
paradigma,remnik
zherar,sternipa
ovid,hidrolizon
pershijne,shtytesi
prifest,shpirtrash
figueroa,gjeneroj
ketoglutaratit,vajtojca
belgjikën,crahan
mirashi,alim
grushtetë,embranchements
kalkanti,tripletat
strictus,beanija
risgjimin,selefi
monarchiste,gjuzaj
mejket,salsedo
fonsisë,finacimin
diadema,fshatareje
amoghavarshas,yamen
gjinishit,inovimin
shkrin,ngroh
kontraktor,dramatic
cimbrianit,gymnasium
blas,dhcprequest
mirashin,ammurapi
deepavali,esmod
alternoi,nenshatin
rrëmbime,aravak
variablës,harafi
pulti,braccit
melekët,papërmbajtshëm
frikësuese,goosh
aretha,govindachandra
ludmilla,arrini
reklamojnë,qytetitsizejtarëttregtarët
nagornokarabkahut,serviceoriented
kopshtarët,buja
nishihara,nervozë
antenës,moneybookers
poprad,horch
arthashastran,palambar
luhatjadridhja,bujarise
ër,haidos
kapëshin,vajrayana
parotitit,vetëanalizat
sunduesja,risinktojnë
urugai,srivallabha
furtunë,çuditemi
toskmartalloz,papaflesa
labërishtes,agoraja
erurinave,ejaculatory
latifondet,caius
strukturuan,peerenabler
capeto,marson
ishfutbollistin,bahabel
seisai,telomere
purnami,tenistin
konkordit,fushëgropë
padobishem,filigrame
entropisë,steaua
profesionalizim,përmirsuara
gjilanlit,mullai
fogo,frustracionimpuls
odeta,sulçe
hippolyte,eurogrupi
majid,martine
qytetëruara,dhamanët
kapudan,fatmirësisë
lëvores,hemoglobin
pëllëmbës,nutronet
avance,ishqeverisë
dein,mbytura
gjihta,racione
patliputra,arpunues
maqedonishte,shqypni
cornea,korporatë
zrichut,stanislao
qershorin,cantemir
llaci,derbit
nënpunësve,arrëza
argjilit,norilsk
avulle,përkitnin
qytetërore,haltamti
kilodalton,palofshatkjo
buytaert,prapaskenën
quatër,interese
sfungjerin,allons
formulues,ekorajonet
helenëve,krbma
admiron,dycilindërsh
termesh,hierarkie
toskëria,yussupov
zgjodhëm,creedy
instalim,transverse
familije,simfoninë
hammarstrm,troyut
drunken,kontrpunkti
theodosianit,asiri
orekhovskaya,goteni
karriket,veçuarit
ngordhshmeri,takoyaki
shkuarjes,kompromentohet
prostaglandin,lazenj
nënprovincë,grumbullohej
hakra,ganimeti
vorea,lusitaniane
shënkollas,neickelius
kameleoni,kursye
peonëve,termobërthamore
varrosnin,mezgjahut
buusë,mortarët
interfonin,ndeje
khalasar,silikoni
staffan,oblastin
mbrojtjn,sicas
kuintëve,tuta
perhapeshin,tejeros
shtrëngimit,kakariçit
prehapet,simiç
kompatibile,prirësi
pidera,raguzanët
guidave,camshaft
shantojës,paleolitikun
khizr,bujtinat
pioneers,arbitri
harmoko,ferimagentike
divus,sumën
vetëshkatërruese,tërthoreve
titullimet,inkuizicionin
dializë,shallvaret
superfuqitë,germallat
pelqeheshin,ekspedites
presidit,hive
muderis,tanjug
khari,lic
hyllin,gazpacho
kozara,xhesika
destroyer,shikuesi
gjepura,chaka
scherzo,doroci
singularitete,condamine
mbështeteshinnë,provincia
facilitete,buonarrotit
zall,premjera
arktrim,tevallamares
hari,nomiminmin
esnafit,polimerizimit
çeremi,parakolpave
elefteropolis,pallatesh
nebhepetre,drivin
protestuesve,pasimi
moggin,morino
hurma,albanofobi
robbias,coccumbërthamë
efektshmërisë,magjepsjes
aramide,hushmail
trasmetua,courb
mbështjellsi,çuman
shpallejprincipatë,bashkëshoqërimi
tanja,thaqi
shqetesuar,neuman
meulensteen,mung
sasumata,hy
impresioni,tolerueshëm
orestin,keqpërdorur
muzikash,çkado
termitet,pënsion
kreditorëve,antoniao
esharinjtë,gjnd
sundsvall,protestimin
taal,dhjatës
oborrtarit,kimoni
njërëzia,teresës
hass,kallamac
brest,liruem
komercionalitetit,numërt
dennison,infanteristë
mje,primarë
dopjesë,krihë
vehicles,mesud
fraja,quarter
melmesat,popullarizohej
helshanshëmri,fluxbb
kositin,negtaiv
vdic,evolve
vetvetore,xhambazi
rum,italoturke
vjehrrit,jamani
terezin,pavarsn
brittney,snleani
bejaze,sadat
hallën,boteroreata
avdijaj,thellëkumbuese
kripera,kongfu
bhagirathas,mdchen
bashkëshortor,birgitte
hsavk,kanmon
përdored,chigiana
luccheses,gëlqerorëflish
kufrit,shqipetareve
neurokirurge,aksidentohet
korrespondojne,logisë
gullies,dahmersë
tritannus,hallucinogenic
mehdiun,laraska
hekzagonale,përtashme
borba,fotometria
sigilografia,aken
etnolinguistike,salalah
elkajs,kozake
notiovietnamezon,gdei
përdhunue,mahant
doukas,kumanove
lërohet,oldenburger
qeverisent,përplotësuan
kimura,titon
dodonën,mikëpritjes
juristi,xhorxhio
trotuarit,rrëzëllitëse
dyfekut,rikonfirmon
dorzimit,dioklea
ndijnë,reichsleiter
dogmatizmi,shtjefnit
tejkalohetnëse,revival
malesie,vexhites
nikollajevic,regazzoni
fdesjardins,heterofonike
vratsa,heredian
sociologjinë,gesu
cisalpine,fermeri
posthipnoza,bakanl
peleut,shavarinës
haplotip,karikatorit
bench,rugovasve
malu,sullet
konfliketet,shtetesh
apsidës,zëmadh
baghramyan,mun
barabartrë,holokausti
tagging,efrin
balllkanike,paeoplae
fhshatit,simbolist
lkshm,ono
biotech,kubicës
testamente,treoje
supersimetisë,shëtitësit
vergos,pki
shëmripistë,rezlind
autobiographical,interchange
mezetë,eppes
falsafa,metanastis
umts,errësimit
thellohen,mbat
tulin,freskon
kercimet,popullarizuan
zbradhët,ketone
simba,parimie
panorc,destilimit
lurdës,burgundeve
karbonarës,maraini
gjermanoshqiptare,parmalat
gjeneroze,ardhmerine
komurasaki,hypermedia
traumatologji,bourgneufenretz
shkundë,stergjysherit
seriozet,combourg
shtetar,hanëmi
kathartik,paditurisë
uspensky,exfordshire
labin,dikotomisë
haresë,makocit
ijekavisht,soket
bspkës,përpikëmrie
popovica,domit
obarrit,integrueshme
pepsi,fdpthe
kualfikuar,mbikëqyrjeje
ngjasin,karianda
termodinamikën,skeptike
platinkompleksi,infinitezimales
topllu,bolzano
tëmësimit,deodatus
braktisinin,pasjes
asgjësojë,bresana
frymezim,sejhan
barbados,brashovit
zhvillues,pikërishtë
sikiangun,zanatin
kibernetikë,sapoemëruar
fuqishë,bardaios
kallashnikovi,isovitelex
thatësire,ppa
përshtetet,cooking
hekali,flokarta
arrnjet,orani
brim,prishtnë
elaksa,varjuara
margarit,shutash
strikers,sklivi
etnolinguistik,varëset
gvle,granular
gulçimi,maries
kremikovtzi,rimës
kimmeria,gjurgjevikut
memalik,qelebiu
eseve,behrendt
mashtotsi,neige
hims,korene
hixhras,vendgrumbullim
tshpise,koch
monitorit,rezolucioni
harrimi,gepidët
vushtrrinë,insinuuar
iseni,eritrocidet
mëvetshëm,euleri
eiximenisi,vatergetë
avadhi,hanmefendi
çad,pss
pasioneve,përkrahësi
ëve,operatorve
porcaro,oj
neuschel,hebra
pesëdhjetave,anestezinë
admiruar,emërtues
negociuese,fortesene
poitoucharentes,njëshit
hermupolis,amal
darvinian,trajnerja
shpërngulurve,basse
eaeusë,kendua
lynch,vetecensura
kosë,krimeja
oxygenic,ekskluzivitetin
hasikishte,mbyturit
prat,oroçimarus
taziat,mesoi
hamburger,sergius
dragutini,hekking
sylaj,derset
aleksey,fitimtare
compaor,pianistin
oakes,shoyo
rekatal,gumti
hays,gian
injecion,varkëtarësh
bellum,ëngjëll
violonçel,sajkëmisha
pasunore,livemuzikës
tënë,dobrovoda
eubacteria,ramesianës
anthonys,ibraim
constana,marketingun
tramvaje,vajta
samueli,volkart
fonolog,michaels
xiixiiixiv,leucid
dallrsg,kopsave
fundu,audiokasetave
dëgjese,puristike
carpentrassud,mentas
korrelacione,orgelet
rrafsnalta,elmuluki
beringut,grykësi
shkelës,narragansett
atlticos,karikaturës
carovska,miniralet
duko,oskol
heliocentrik,vordersterreich
batman,prejardhura
meridionale,pergatitur
naibët,vecellio
xhejselmir,cirkoniumit
kroacimal,palmat
gjeostacionardhe,frajburgut
ajutaut,bocetin
rrejshme,brink
ailton,maragathambigai
celulardhe,thyenim
sapovendosur,socializohet
taksonom,tevazhdonte
doana,sheilës
cështja,zierjen
information,tage
rrethime,sferash
bokë,jacet
shqiperikenget,mumford
diokle,surçinë
navierstokes,kompresim
laista,shkartohen
lëmit,benediktinëve
spiune,spektral
njërz,skllëvet
rinocerontet,radulov
ferrer,papunueshme
gjysemsezonin,ahmedin
udhëqjen,cmend
nomad,baqli
nesselrode,çurre
akhisar,sundimtaren
lundrojne,torturimin
gjysmëfinaleve,palajve
gaeas,istiniye
suezit,sindonin
cbeti,izën
roggeveen,pedologji
fundake,telefilmin
ëeekly,alasiri
përfaqësojmë,garding
comedy,gëlltitja
sinuset,komplikara
flavigny,visayan
dëgjuesi,cev
dalmacio,rimodelojë
ringe,difuzor
bullët,serbt
lektio,maylay
lëxojmë,distributori
epidetike,chordata
saintgeorgeslesbains,neminathas
bahadr,komunikator
afresk,badmintonit
novak,komplesin
demilitarizuar,maltin
bojona,egoja
mckean,gunave
baltikonordike,ofiqarët
mensur,varrëve
nsaj,kulakottan
fiha,ustashasit
përemrin,kastellaun
lirënuk,koncentrateve
hidetsugu,nngjyrosjes
aushtrohungarez,partikularitë
shenjtoresh,moriconi
thjeshtrën,predispozicionin
paganinit,farkës
rigjallërohet,thnorgues
riches,kompozohen
arsiq,vasari
supernyjës,stockhlom
mika,kritikojë
xhirove,kompjuteranimuar
grupën,amfifile
gjysëmrofeshatë,nysc
quajn,sintezat
bundles,detektimi
eropin,thati
integralin,morgut
dpb,horoskopin
dëshmojë,viipara
elajetit,amantisë
psoriaziforme,kolonizua
muzakë,eba
poiroti,doriku
trumpet,tërheqëshme
requestinfo,distancuar
dajaku,debitues
qeshësh,anesti
përëfaqësues,nevili
ngrijë,urna
roulans,hoanghos
ramizesë,shtatores
vilinca,boudica
elegiacike,ramses
hashizon,pyetjesh
integrator,zejesh
leisure,mikrobet
aromatikesi,vlahoviq
prapseprapë,kapitenja
abstenojë,revulucionin
inkuizicionit,filipinezët
abdi,analizuesi
assahmi,secilisecila
atena,grepa
barte,ponosu
portash,zakonta
chet,raikon
programacioni,georgeslouis
mjergullnajën,bjelloruse
transhedentale,xhehnemit
bulonave,osteoporoza
përgaditjeve,mnait
kapilarët,leptin
nervin,qendërsynuese
absorbon,taktuk
kastiljës,manisa
eklektike,argjendbakërnikel
elionit,rotullohet
inkuacionet,campoformio
thesprotët,andaluziane
campedelli,kubistët
policarpi,lëvdon
ornitofaunen,multisportesh
damallsvenskan,pegasus
frstenberg,bogdiin
guglielmo,pregaditet
suazo,nxitura
sulfurix,shikibu
njihni,madhebashkimit
replacement,etnografë
atletes,pipistrelle
kollovozit,shgk
chaukhamba,induksion
adonismicheal,lipe
getty,berbe
çaparit,urata
zhvillohën,cuculi
mathematical,cdersa
haina,chikamatsu
loboj,etnos
samogitia,karabinierisë
heterorizi,medaljonin
giovani,llapushnikun
floreal,gadishul
nilamangai,mekanikut
mençura,veshkëzën
bozoni,kampanjave
morrn,talagante
duluth,deponim
dizenja,asslingut
partners,gloop
villarssurvar,medresen
adriatikojonike,paaftësisë
arsimdashëspor,respektuam
faktort,kend
kaqurota,moskuptimi
roehamptonit,luganville
frute,gobind
vagonë,kana
kendohet,okrugët
zëvendëskryeministra,ramar
premtuara,antakisë
thopia,sophies
gjendjetdepresive,essingeleden
karramele,hytben
përgjasimit,rafshnaltë
macoku,omit
meymac,roxher
mirzayev,pickup
indikatorët,frytëdhënëse
tomorricës,att
augmentation,fierakët
bergamensis,singers
keqdashese,jeniçerve
skupicë,dinastine
eponimeve,pitt
benaresit,reporterë
çpasoja,outofband
campos,edemeve
monologje,liuxhou
fxthe,riorientoi
tandava,kuptimësia
shumëfazor,fahrettin
yoshino,sunduarit
sketchup,gelfand
mbytë,muhtasib
ndërshtresa,porchemy
dobroshevc,statutare
visceralis,kserksi
adanademirspor,sundoj
luleshurdha,dominohej
uliçka,tërhiqju
poziviteti,lindës
kongresitaleate,carom
dominancë,kurajozë
xhavella,postklasike
kiet,zëvendësoja
nymph,tralin
oimo,bruk
lenax,scotsamerican
kompensoheshin,mahakavi
rekreativë,fishtën
boulognebillancourtnordest,tamur
menaxhuesin,oqeanikekurse
sië,castilian
belmontsurrance,danubkrismurestisa
faulhaber,bosnën
barkkuqe,crispi
njëllojshmëri,tonik
inaternacionale,mascha
agrigento,komform
ntiem,tolerante
ferrash,azan
ngarkeses,qoshin
nefroblastoma,kaleidoskop
chornomorets,lëmimi
karnavalevefaqe,heterergjike
tastë,blaga
menjeher,spiralor
zingut,ljubii
pashkelura,joekzekutivë
zvambasador,lulishten
agronomies,lugju
sonic,bard
flasnin,paluhatshme
tjetres,vjollcës
phthora,yukikai
epokash,selmanin
pavlanin,skurën
fushagusan,velianj
anashkaluan,ultravjollce
eksploziv,parjangas
zelihaja,ëebsite
nofulle,kombanaren
arya,kardiorespiratore
gernit,imisht
mugellos,gjetheje
kripave,vllehe
shansë,konsistonin
qënduar,rebelde
regjisoreve,birth
berensford,hagë
saumarez,profilizimin
reflektojë,dhurojnë
belesova,tendera
subklase,troazenës
buzëqeshte,shyqiri
magno,muftinia
ishrepublikë,përmbysjeve
serbishtes,festen
ezistencë,kompromisit
karabakharmene,foreign
hanifës,skerdilaidin
motobarkat,skogskyrkogrden
lateral,pëshpëritje
hothail,togë
partizanoçetnike,akuarelit
elektropajisjeve,protokuneiform
njazi,dëmtimë
popped,gojin
montanari,dekoracionin
termometër,lebedjevi
castelnovo,momozononomiya
agrikolës,mimar
suru,gjithapajisjet
kao,kajnarxhesë
malenezë,maharaja
raleigh,paleoatmosphere
kumbarët,effenberger
shkëmbejë,ersekë
ndërkombëtarizimin,toulouses
trekëndorë,nefridieve
heller,caktojë
denuan,zagoritas
kublaji,zhitoraxhë
haxha,përdhuni
daten,zotësisë
suso,transaction
aon,loreto
kalorie,antitezës
mavromat,sllogani
radionpr,grejs
marshime,empezar
essakran,frekuentojnë
pompeos,kanxheri
nitrogenium,shishes
tamm,atdhedashtnia
msosh,megrupin
ruzantes,yoshi
mbarën,zdrogës
beaverton,çliruese
tcpipzakonisht,substrateve
gureve,inedite
citynjë,biomjekësortregon
kaltanisetës,rradhitje
scodelario,shqiperis
kukushit,jellybean
manervrimeve,polifonikë
gatohet,ndryshushmërisë
xhongçul,bulmës
jagellonsk,rajmond
nëndialektë,pagjuma
shumëgarësh,lanesit
profesionimin,shnderruesit
hisari,shtepie
dorheqjen,thermija
kiyomihara,myzeqese
eclassan,korca
oriel,fabulare
suedis,spica
kurrfar,përqindjeje
abhisheka,pulpiti
definitiveai,arthashastra
kora,tuazemra
shenjtëri,ndërmjetësit
greenpeace,karnavale
markusit,shtinin
ekuta,inkurajoheshin
disponim,tradhëtarë
masionica,garnier
ndermarrje,danjela
crotones,tcnica
remark,zhelina
emporiki,parapërgatitore
zdrava,lektyrës
kampana,viri
medicaid,përkrahinimi
ivnestuar,bëi
kaundy,semini
anodës,saintimier
metastilë,formantier
jasid,zenoni
susanoo,amberit
toponm,zgjdhnin
dimerimi,svami
crna,kampinos
elburhan,mosë
kryengjelli,trasheguara
legjitimacioni,shtatmadhorize
freskohen,trikseli
coppi,ozdilek
tërsisht,mirrnin
armur,gjokën
ninos,sorbianëve
slate,demolli
pavaresinë,merrnim
goleshi,yukio
sevastopolit,metallica
duen,siiii
partnershipi,mediçve
aragonës,hamortë
ndjellin,raico
sistemregjizori,errësuara
snajperave,zërëshe
religioni,injoronte
cspedes,pushkatua
oërdorimin,flaminia
majoneze,hagerioti
airavatesvara,ujvarë
sajtet,kuramën
lipoxigenase,hasluck
rii,begatuar
kocher,prosek
dhënae,silka
gruaporsa,daoizëm
huguet,pygmenët
qelajve,signed
amegakure,jireçeku
velature,pavetedijes
angjelokastrës,xhorxhias
renaultske,gyji
yinxi,moskokëçarëse
sildaru,hipopotmëave
shtetrrethim,agfa
mosadittë,dçpbsë
kohështrirjes,meremere
fermana,pindar
tasseron,radiotelefoni
drinus,integrues
hershmëri,bangaloremangalore
shkulen,albele
fshatarve,estrumit
machado,kolecistokinina
dështak,këmbora
kodërnik,dafnisi
carjeve,përmendte
shadërvan,pinderi
ctrl,bujqësine
aspektt,androgen
kopjuterëve,oau
agdes,noske
faberg,çavdar
observatorielunden,parabolat
mangaia,inkorporohen
fuoristrade,shkurtëzës
pasterizues,lëndoj
sumaj,ion
metabolit,dëgjomë
fotoekspozitave,meteriz
filipovci,ngadalësisht
vertebrorësh,evës
engjëllushe,stimulimet
laomedonti,skenon
sanksionime,mrekullohet
adonisin,nackarpsdalen
montanjë,dhyani
mesallkat,kunetër
deshirë,demet
ikavski,shqipater
prelat,perlleshi
strongl,patjetërsueshëm
unison,montignylebretonneux
pachacuti,unçsë
rizgjidhejshin,njohurta
teknikoteknologjike,elfeleknë
lensoviet,zdrukthëtar
tisri,ktei
brunius,kunavisë
vasillaqin,vendstrehimet
rubelucan,mbajtëesin
fosforoscenca,femijësh
halske,shpresëtaria
llagëme,gjenocidëve
puberin,indoktrinuese
allocate,nicodemus
kontrroll,bririn
vendenisit,maloy
rifitimit,nxisnin
paanësinë,turbotech
rekatantëve,lepra
nëntën,filxhani
tonsilit,ballistë
qipi,elasonës
mineralogjisë,ztë
kumbha,chef
fortis,avionëtaksi
gaelic,etshëm
vendeshdhe,toriyama
scardus,kontrollosh
derdhni,hagen
qëlluara,presupozime
voort,rrahunit
afeksione,millivolts
kome,ivollgin
tryezat,serbokroatoslovene
krek,konvencionalisht
vizites,kundërvëne
eprdoruesi,lumnia
stratagjemat,hirushes
kecani,pedikul
rimarrin,nanshyn
festruar,enbu
nexhatiu,këpucari
menada,tirania
katalogimin,molasës
ifigjeninë,fqinjit
abileah,greqis
mëshiruesi,paraharapase
beaume,seed
xt,korroticën
kompensohet,vulosja
abisoye,platanus
jrvenp,bohemia
lamda,driveri
draftit,klemperer
astrio,sekretojnë
mundsia,lori
aluzione,përmendeni
onxa,sinjari
giminiamo,xhakomo
suela,slitë
parabudës,lvovi
rozit,makadam
homicideve,hochdeutsch
zhabiakun,cosenza
vitesse,monceauleneufetfaucouzy
zbërthyese,asafuddaulas
mandricës,mnemonic
palermon,gadime
epiktesi,jelovek
patentoi,buccolicum
cuarnin,mallkimin
mynever,piontek
montanelli,atomajo
interesonte,ndaries
ferdije,jeuangarët
festohen,marksistekomuniste
kryehyjnise,namli
shpejtësisht,njutnit
afrikanoamerikanët,paanshmëria
nexhuas,gusmar
fragmentizmi,kryqëzorin
devikota,konsolidim
peritektikë,gërvishti
zanoni,ridenominimi
gavrillo,melgalvs
mandarinë,cruijff
paluese,justifikojë
sherefesë,planerave
proekt,testosteronit
shpjegimeve,spyair
asma,bellosi
xhaçkës,sophiesë
kuduset,tepelenasi
idomene,akom
prenden,zmajeviç
denominim,berenguer
shumten,poliçanit
caizares,deshifrua
zaskoci,bolgars
himeyama,titist
qepallat,alfafemra
kanavacën,dhjetëfishua
mjpeg,azilantë
llobregat,trashësisë
thabo,orare
kandinskit,yes
njëzetepesë,djeje
omnidroid,mutafet
mujorin,herpestidae
sikhë,cingërimë
stefanov,hogbonou
agorën,hypodermis
vejush,fjalisënumërimin
skedaballkan,nëntorie
matmuja,resovia
tearca,malkobeg
ngritue,veçanarisht
patrazuar,sekant
shtallat,ktye
millosheviqin,thouars
padovatrevisovenedik,pajtohemi
dracit,ziya
aurignacienëve,interarea
disamujor,miduestern
netet,komikë
novipazar,perqevës
thminutë,oguchi
tefsiri,kurosaki
lakimin,pluviometrike
sec,nuhatjes
poum,paracetamoli
ballkëze,fola
nuselalat,bands
hakmerrni,barrera
judaica,kirasi
erupsionit,spekullimi
imperialistorevizionist,çekiçi
çatallën,tashigin
renis,përbër
trapezoideve,aurlio
hercogu,shkulet
dymbdhjetë,teerthamë
eberhardt,havrat
quoted,srk
drejtkëndor,ghadah
agjd,alav
asistojë,unaids
besimtarie,macukull
tmerrin,flopsy
pansllavizmit,gërmusha
johnnyt,falëza
piperin,socketeve
lienale,fit
kësthu,reklamim
gëlltitjes,daline
prostitutës,indreetloire
krjua,autobusave
manët,bredhëse
lkj,mitkë
fadlani,keirin
pastele,sedentare
meha,ndjesë
moralizuese,kleopa
carlsbad,amantëve
rusvelt,detyruesenë
arvanitëvearbërorë,ambrozianin
boehme,avdiun
balonist,murgës
katatonisë,migurara
frederiksberg,grgory
egzistojn,frymenxjerrjen
istorike,adnës
urfi,rivers
intensifikohet,lehtësuesve
refuzues,nishidhi
ununbium,paleolitit
schniberg,ratna
vërshëllye,ushqyera
unescon,branshitë
eumas,tbmve
mkk,fir
grimmstad,shtazor
etjajo,batmani
lafe,ishshenjtërimit
kryezi,kochbuch
alaksandria,futbolin
samaritan,poshtmja
deianirën,lojera
osmanoviç,nënujë
kabala,gjinollit
pamendueshëm,httpbiografie
ostersund,drupada
lëjon,lako
çatma,këqinjtë
shkurtesë,parfumeritë
përkthejmë,zbiralle
kuint,sadikut
suplementar,pasardhesa
bufonesk,vercalle
katrahurë,afashinante
triglif,boavista
auditorium,error
hakani,nderpret
meini,papaguara
eimerl,ndëshkimet
henriku,mivokan
blenin,luguara
antiteologjik,simge
ucls,puca
kompleksesh,kërkesash
qit,realizëm
darmi,themelohen
kocepte,pergamen
karateistëve,yshtur
perkatese,riprodhojnë
rough,ruzhit
hamendësohet,vrapuesin
deçiqit,mergim
rekreacionit,sarandes
fonematike,sprague
gerraj,çakir
lonely,perkujtimore
avantazheve,spoleto
finit,stushajt
cungave,kreshimir
marela,klee
vagnas,goreste
reptil,mendelssohnbartholdy
ngjeshurme,endesa
pulpës,daisi
alajda,kunjit
popmuzikës,cuname
labillardire,kryengjëllit
perderisa,ndërtueshmerinë
galanit,kristofer
lëkundurish,shënderrohet
hixhrij,keltët
shteto,paganizëm
letërkëmbimet,sprache
visakhapatnam,referative
rkf,ushtrohej
argjentin,stepave
çelestia,absolutizmit
denial,bukuriës
mrikë,konturës
narcisistik,kopti
treqintës,populisi
dartmoor,parkingu
melissa,zonarritese
gjarpnin,grindjesh
jah,botaniku
bulba,pbbja
shqetësohemi,sylejmanitkishte
slug,faktorësh
kukullat,orthodoksinë
pafatët,fytyres
reçit,selinosë
probar,marmont
monolitikë,olmak
ig,ppullaritetin
patoja,higgins
cherie,mesapishtja
britmash,shtoku
fonosve,mendjemadhësia
gers,armatos
potencës,mabjten
rallëherë,ekonmisë
mërgonin,përpikmërisht
kuklibeg,ultrasve
ftofet,afërie
paggio,basquiatit
shtytur,zefrs
mende,himariotëve
fletëzat,prusianit
parapëlqehet,caussade
hydaverdi,emoji
ukrainasit,kanditate
shimpanzeja,qumështarë
shia,nëndarjet
bonavia,konkuronte
përmendnin,proletare
josn,kinu
aoi,morave
annina,vukmiroviçin
rf,konkludonte
dhëmblan,gropius
milonga,radikalet
kapitullimi,sms
lemmy,zeidritz
trajsta,pratapit
ombrelle,saintbenot
manisaspor,kumbonares
mackintoshsmith,luhatshme
kullosat,lodhi
mikrovalore,avatarit
githmonë,gërshet
polemizon,vienne
dëlirë,felsic
ansiasa,tretësira
raposodia,horgen
jacobs,aginorit
albanologësh,primaries
thirra,omaimi
kundërshtie,dimitrovica
çdogjë,referuesi
ardhmave,ngacmoheshin
sajuarmeqense,zambona
inxh,shpërdara
euforia,missouri
pankreatike,ligjëratën
kontrollohën,assistuesi
fulk,panxhabit
yokosuka,lateksi
veriutvietnamafrikë,lidhëzave
koronavirusi,enteriere
pshm,demagogjike
begata,ngjashmëni
fenitoinë,suvatim
administrativofinanciare,ontologjik
drazha,horoskopët
rimartua,drejtësqarimin
popovit,konsultoni
zinxhirore,ukrainasve
çmënyrë,josse
shvarcvaldi,frenoi
matriona,filioques
edisonin,qortoni
adamin,tronditej
pavarësimit,remin
myslymanëve,shtatëzënive
synitëve,kengëtare
talia,detheksuan
tis,permiresuar
ishidhtarë,virulent
artemi,notes
vëmendshme,thërmizë
sthylla,bido
thellsëisht,strehëzat
futurists,pikturor
laxmi,mbes
transformini,gjedik
azai,lalinde
shivaratrit,dallaveret
leviznin,asaga
zaparoan,lifecycle
diskutuara,atille
fshin,takojë
niklit,guarch
koorporatat,constantinopolitana
dikromatikë,keitaro
laicitetin,remontin
mënkryetari,niles
railgun,sqepfortit
saurischia,aradhën
poterin,radinsky
maffia,kolonelë
toponiminë,kovaciportreti
stalingradin,konfrontime
etiologji,oreleane
purcell,citizen
palavli,conspiracy
jupp,axhendë
psikotrope,kalmarit
ainiakbari,ciln
etnosociale,angazhuarin
boshane,skipper
parodontitis,thabitit
dollogozhda,hiperplasisë
mbeturë,arritshem
bkpërfaqësues,stimujsh
liberalet,petrovorazhdin
besmitarin,ruandes
dizajnoni,veprimimit
taninet,qoftet
mesopotamasit,madleni
nubinë,pcioiu
chanac,aktivizuarat
mbytjeje,groteskut
trgojn,mosrespektimin
pagueshëm,pallit
skanimet,sainz
tigëreshe,medvediev
ateizmin,balincë
protti,aubry
fanulit,zhulatit
risolli,magjepsur
diskografie,halifë
frënga,amfitriomi
mundësojn,roskilde
nënshtetas,karelian
perseut,mintan
lrr,igjilaniqendër
federuar,sinus
muncie,moslejimin
ulza,rilindësi
zakonshmet,këmbejnë
emanuil,shpalos
regjistruese,kërshëndjellat
demolimit,isamil
somos,almasa
mbështeje,katarina
vemjet,pikonin
latrobe,kiton
mjeko,shpërfilleshin
energjije,tongeren
sgjindeshit,millo
hedhe,kombtarë
theksuare,majbah
ndërsjellët,ailurophobia
lulëza,bshihet
nitrateve,hogoshit
kanalizoheshin,kalldrëmi
duvnos,kredidhënien
përshtashëm,tubacion
izzo,testuara
pjesshmefaza,aetolians
bujupëve,konsullatën
hafz,retriever
gjërsise,chteauneufgrasse
shpendësh,siobhan
pernikut,grimod
skrdi,humburai
deshkollarizuar,vërtetonte
simms,bartholdi
parandalueshmërisë,ully
mercan,rrezarë
bradikardisë,kryeinxhinierit
jaguari,refuzohen
tatimorepasi,përfaqsonin
kazanët,minilojëra
apsidale,schumaker
iginio,ingrad
phuket,kalkolitike
metatheria,serrans
teatralnaya,nuka
dantesca,prokariote
bredhit,epiko
cerana,përdredhjet
remaucourt,thiberville
sarayu,nxehtesise
yo,gautam
pengili,transmetojne
apakauku,ubaidët
atlasin,materialë
çarkn,ieromanakiberati
paypal,mësyrë
eisenberg,bashkëpjesëmarrjes
orientohën,mënë
bartholomeun,legenda
lidhshmërisë,voshtinës
pssë,ligjërohen
rovinski,bumçi
charcot,multiplexing
qytetërohet,baban
tarracen,mbitiroidizmi
thashethemi,gjatër
vlushën,pandin
fasuleje,marck
creusot,raçajt
aerportin,nela
përkohshmes,kanonikë
manhatan,gjakduke
denzapine,simnic
mësonjëtorjamejtepi,radika
pllatonin,magjupisht
elektroneutral,rykiel
casino,mendimtari
therim,saktësuar
lunen,vazhdova
allat,francezeve
gustatore,bernice
bizhuterish,diakritike
morpheusit,periphrasis
nul,brocës
stagnelit,rrumbullës
atehershme,bashkëkrijues
shujauddaulahut,dekoratash
marshalsea,strategi
cecchini,ferdishenkoja
supersticione,komunikojmë
gajapati,jiraiyan
macquarie,iluzionistike
shpërfytyrimit,salute
tevide,nefele
ambigram,kavalerisë
shtrime,luçias
bhot,kauai
gradaçelat,baldry
lavdërojmë,gjian
kureta,gjinokastra
tranksit,macias
administratra,xehërorit
panthonsorbonne,prillluciano
kabujqësi,ekulibri
kondensatorët,evian
demtuan,konsumosh
aktuatorëve,shushurimën
retikulociti,baloch
kamaret,murukanit
malësori,hammond
mashtruese,patnën
maninë,punesohet
bavit,zerboni
avec,ringritje
dypaleshe,oshiloskopët
marrëzie,gjalpe
kaktusë,pabanuara
nadeau,obllaste
strget,kordat
marquette,kriol
planus,kalendarët
tentonte,mukaddes
braccesco,kuanghua
varrime,konkretizimit
tutush,kortizoli
vokalistin,njëjtënkohë
grure,licht
kanta,rexhistrim
olpcf,pszëvendëso
eder,aristokrati
federatët,udheheqesit
stekës,jasir
interesimesh,vetëbërë
eftan,mirëmbahen
gjysmëvëllezërit,sistematizon
kuraishëve,inxhinerine
kurseheshin,gozitan
tregëtarëve,storkyrkan
commerzbank,transponder
vështirson,zvezdë
hair,vranajt
oranges,gjermanoshqiptar
mahila,mosveprim
kuneiformit,sospel
kole,impresionues
cagliostro,tavolnë
daubervilliers,etnonimë
pyetësorë,pozitivizmi
hercegovini,lapsin
bërnetin,ashpërsi
megaliter,gjithqka
glennes,eprorë
verdejo,shado
defensive,mjuziklin
malandry,disfate
imperativi,ekspozicionit
sllovi,zhidong
athinaja,normalizua
vetefikasitetit,efialti
bondin,nspu
poçeria,elies
perennas,etransformimin
harci,agrikulturës
civilizimeve,fejuarve
anenë,pageseën
elmuizzi,akulnaja
sharki,teheran
vizualizimeve,elhattab
iglesias,singel
porridge,pavarësimi
skandalit,paqëruajtëse
grabbing,maskëdhe
spektatorin,kapakun
nuklosintezës,aksn
dodds,ermi
xviiitë,romanik
otaridëve,hobetaisësh
chromosphere,stereomikroskop
bardhin,debunsha
ujjain,guerras
mestroviçit,interaksioni
urbanizuara,rrumbullakuan
ambassador,vogëlushësh
amphiaraos,sinecit
xhevrije,mamelukët
qendronin,matematikant
peros,sarriasant
studjuese,grotius
engjëllën,dchas
shoqerohen,lornës
silurim,lnstitutit
avzalova,duosque
sensacioni,bablokun
valesa,çerkez
kartala,vokalë
dades,kutlu
billboardeve,bosfori
etvs,mjedës
fuqizoheshin,jonjerëzore
virginianus,asket
katalogun,fermentohen
heinshemer,ktu
tejshem,shpëtimtarin
bronkometrim,fimi
tkaid,kitarista
plaget,vetmuarit
ndrejtoreshës,dhiakoninë
fcell,gjashtin
vrindavani,dornes
fashistizimit,nistatinit
zolotnik,skaff
njëzëshëm,rezistohej
algorithm,tematikës
gjusëm,burrërorët
ofirit,asser
garssia,triologjikë
shtabet,traupont
naissusnish,frre
frikësoj,preokupimi
meso,cck
fotoreagues,qeraxhi
agjensat,pikëza
sabinët,gametët
termistorët,toçin
brockutne,rrafshimin
khabib,beatemup
chhaunit,kundërshtimesh
përsosjes,stole
krevati,mrkoviqi
halt,natyrshmërisë
butragueo,gjtihqka
metaforik,prapashtesuar
irrituese,bunuel
tomo,praeceptorin
topologjine,karura
vroom,mavijosje
hyll,pulp
xmm,shirqit
mosbachensis,dakroni
romanji,skardi
rezistentëve,fototransistorit
shqetesohej,lysimakun
plehërimit,ecci
gargantuas,motivuesi
kishidan,sprintit
kau,ruajtëse
kuleç,lehtësimi
dorëzuara,vate
zhuji,mbretnoi
frasnitë,trondi
densetsu,tendëcë
lajmërohen,mureshit
limanit,brikërmillit
kërkojini,dhjetës
opari,admirale
klasash,mjellmë
përputhshmërisë,benzodiazepines
itë,lavdërua
imprseionoi,kurthës
bekhudi,gnoseologjik
tromboembolisë,drejtimore
ael,saibmen
sharplessit,hekurudhorë
enkriptimit,sylvestris
lulushit,moonie
dergon,tatarstani
rublës,statujn
furninizmin,martirët
fallaci,sperma
pacers,shënjojnë
shpërthenin,kazimierz
miroshit,filtrues
publio,incijativa
ligështinë,paganexhant
qarkulluari,paraadhësja
katalogjet,kuanta
njëstës,carlini
hizam,fotomaterialit
gëlltis,aya
materializon,kohut
monolitajo,harareunyan
kronistëve,arror
infused,ljoshës
tantras,stotran
zanjn,pistil
parabronchit,pasardhesi
mansilla,notoi
kelcyre,ndejti
colegio,documentary
hapuratrupa,staphyllococus
divergjent,tranksi
hortikulturës,gsli
vari,krimesënogai
kamufluar,semaphore
diplomohej,albinistike
menduh,cristina
imamatit,mëshkalla
parabronkun,valvola
afroditën,lojtësi
elektrokardiografia,rsfjsë
seiromushi,hautrina
spidermani,ekzaminuesve
nuriu,conquest
drejtoresha,hardhucë
mbramje,mushke
stratfor,katalina
rinën,barionet
thërrmi,gabrielin
përseritjes,bizmut
kolgecaj,militojne
silicium,pasuris
portos,qënjës
lukakun,dermjet
varkën,glikogjeninështë
kualitativisht,crregullim
sitcoms,kanchipedu
farsë,shyamas
savanat,dirham
dyllte,gintokit
afrojnë,dekadente
almnasës,bicikletën
ulmit,renzabur
veruar,ankhesenamun
sprovën,falsifikon
lussac,parashkollorëverealizohet
instrumentim,kritikonte
sergej,bulma
annot,maasë
atanasovskamaqedonisht,ndiqja
shoqerija,pandërgjegjshëm
mahbhrata,ifiçente
muzikorlexim,dejuro
disinformuar,muarrën
meksikes,phanariots
otomanoveneciane,kotesia
qrpedias,karbonatit
pollogun,tyret
aderonte,skeptrat
ëmbëlëmbël,nonsororale
ndricuara,diskursive
tursun,lute
blertën,presse
persontoperson,berti
zunisha,pavias
dhjami,forli
tadhe,skatinës
demetrit,pasuruan
hardhie,dhank
imponojë,pështëri
kirurge,grniceri
falsifikueshme,satiren
peshimi,surrealizëm
larguarve,sepet
çshkruante,hurdalsjen
vorelacshkoder,toplistën
bestseleri,deasmonserati
varfërimit,rusit
vjetvsh,kurpfalz
rrasëa,teorikepedagogjike
sakipin,nur
këputës,hypersegmented
inventariti,xhenazes
marrosësit,monofizizëm
castriochianina,tregaur
pallatore,ekstrandi
chomedey,manoa
npytje,slobozia
castlereagh,ferster
bedford,moderohej
qellua,forexi
listua,spssrs
rivra,aksakall
shpori,yjësi
prostitutat,industrtë
tanzeemeislami,akumulimeve
vllahearumune,judeoespaol
kilianoamerikane,princeshën
deridiplomike,belishova
viktorin,suhr
agjencive,hauschild
vevo,tundën
desamë,këmbanorja
macerata,kapsule
cayley,magjite
permutimin,udherrefyes
shipovice,birmaneze
mbesueme,simpolitet
ritter,karremat
janzen,bibliorama
vendour,dca
hgyoku,lulezuan
pjerrtësirës,ee
përkasë,përgjegjësve
venditdhe,gërmenjshelegur
ujem,tëndsate
gdhendësin,ngjati
boxes,karboksilaza
homazheve,pfeiferin
gënjeshtrën,llogaritura
eltoni,nicotine
argeadet,etjrreth
parandjenjën,dinarit
autokratik,vulpes
posteli,rheinlandpfalz
xhein,mikrokozmosit
islanië,ndjeshura
angelli,nëndega
futurizmi,shkruararrugët
senja,dautikokaj
backgammon,entermedia
dhramit,pasquali
gjëndja,shurdhani
përshpirtshëm,honoria
ishkampi,jinageha
received,tijqë
luzasiane,neopagane
aldaula,minas
becker,hekurishtesh
valledeure,shtrihem
ushatarëve,grupojnë
hanqing,vezhgoje
vizatonin,lapes
fogler,fermente
plagjiatura,vikrama
teodosit,derallajt
herakleopolis,labvieë
shelter,ruhemi
chips,gjakpirës
gjatorevezake,abrogues
sila,serbokroatesllovene
agronomiken,sebum
telekomunikacionece,troktolite
këtëj,qrregullime
salander,fosilizohen
krahins,skadonte
kaverit,boulogne
meditatoi,likurgu
rubiku,tërhallë
zhanra,prizrengjakovë
tzara,falej
hercen,licia
kattha,dinis
pezo,gardella
qelta,kurkov
masaya,afine
nilës,evokim
sumo,obstetrikës
përmbyti,tallest
gjysmëharkut,pornografinë
affixation,smyrnis
tregetaret,perëndivet
ebreje,akir
mramja,malajëve
capcom,përurohet
amun,mbylla
arbanas,jonsson
ratifikoi,rrefenjave
gorbachev,ndezën
pasurine,gobitje
broadband,matrikat
ces,doreshkrimet
toga,prefekturash
garamba,tabor
maderna,anifikuan
tersit,coxiella
selinoja,zotitai
kolbacksbron,datagrami
sovjetikeshqiptare,mukai
protokollimi,bolica
aapancreaticoduodenalis,sinnar
qeverisej,zb
neolatin,chou
ortodkse,nativa
embolisë,kiribati
jamel,lytha
xhet,shtrembëruan
salva,gjigantizmit
saintpauldefenouillet,fikh
primatice,amnezionit
cnnit,albanideve
luajturit,helgas
ceteni,lakacion
birkan,obrenovi
omf,stergjysheve
ferracaku,ngelë
critique,sherbo
zho,leverkusenin
superfinale,njollash
çojnënë,musës
amerikanovietnamikon,spiunazhin
ndrikullave,kostancës
numërojmë,lartësonin
csvd,skenderbej
poneglifin,jamadi
faton,pyesja
sofër,nykpingsn
gabimtar,nderonin
deltë,manuelit
atlante,dhalla
boerit,konvertohet
dazhao,përfaqeson
subverzionit,jazidit
vathës,lazareviqit
pajustifikueshme,transferimeve
matras,sfidua
ibmsë,dhjetemilionten
kreisau,salianë
muzikante,megeorgia
fshatitkurti,izotrop
provinë,sanxhakbejlerëve
kampo,muropeptidin
ndihmësinfermiere,moviegoers
shumëllojshmërie,përbuzshme
deau,galishtit
kallamit,prezantojmë
albanesische,mezocefale
kllounadë,marchetti
navigatorja,tallëse
aksidentin,percjell
dodouas,sirenat
brunsëick,sanskritizmi
stërmasi,ekzotermike
vestibuli,belimbergut
osvaldi,map
rever,quel
leninizëm,acerbi
nigro,mogura
prevezën,jeinac
sangha,venizelo
letonët,ehad
deallocate,konfigurojë
komunizmi,gjeorgjianë
acut,ligamentum
bulb,sërbe
elektoralistët,romulin
fng,karina
curtain,koevermans
iluminuarit,theotoqi
pukjanë,heqje
analogja,bioinspired
cimetire,brezhnev
struma,adelie
krm,obduksionin
buns,googleit
mbërthen,antov
begatie,ndëkolonëse
mbipopullimi,putos
carcharodontosauridae,teknikper
policit,chieri
vetëmjaftueshme,podolsk
mbjelljeve,vitrazhe
ambjentaliste,kruta
nativistët,exxxotica
përsëritësit,hummels
zyrafete,lëngëzohen
duty,samal
rumunët,suzesursarthe
darshanin,punontë
ormënaj,spect
zatriqi,bashkëorganizuar
fospropofol,malësore
varfërimi,medjenit
buasvasil,kompajlleri
vajzëror,piraj
titullinqutetar,ekspozojnë
reinventimin,deklarohej
lavoies,robinhos
yongkang,hologram
deje,aplikohën
yom,kutuzov
shelgjet,vëndlindje
kinezçen,kosmeti
mbrapshtë,emitimet
shkrirjet,tepricës
carroccio,gedeck
çiflikstrum,branievci
bugatto,insulares
shtjerret,diptikut
lam,dorëzosh
bletë,skagen
sripatirao,trashgimtarë
transkriptet,shpërfaqur
kuqos,sevim
vojskaarmia,kundruall
revuçi,seventieth
ishgazetar,verejë
spunton,oksigjenintë
beccari,neretvë
chiconi,kurimi
prestigjit,lironi
mingna,transoqeanik
deobolisdeabolisdevoll,trokitjen
karotat,bingo
esselen,lambertz
shkopinjve,shan
osmalinët,groponte
badariane,turkmenë
shumava,spiker
depërtimet,moskovitë
alimani,sirizas
coen,nanea
monteverdit,pesembedhjete
drejtëpërdrjet,cocoli
javesh,historika
ushqyesepra,kilab
veronikës,tardhuna
prosieben,farabiu
korreshin,patrullimi
dham,thirrjeje
dhërmias,qëlloj
tregetise,ditëpërditë
guards,ripodhuesderi
mdiathque,zardafëve
campioni,mushaut
masonëri,trajt
jabal,vazhdohen
gosling,kodaku
haxhajt,riprodhimet
gilgamesh,concerto
bolusi,merlika
përballon,sarajeve
dfa,trypanosoma
trajsi,shtue
jara,paqësisht
tubaro,kodën
koum,thjeshtaduke
thorvaldseni,spores
unchurched,caktuarve
bondruk,ninjitsu
mksë,mando
mezo,hoofdklasse
pershtatjen,bioefektet
bumit,gentile
kadastrave,beyond
conceria,tarikhi
kladogrami,ndërdisiplinë
riaset,koritnikgjallicës
bhaya,sirenave
minoja,gilles
procel,rexhaj
ngutshëm,guximtare
tironë,jashë
njëzeti,ritmojnë
gjysmëpresidencial,shoqëruam
modulatorët,fushash
gjysemfinale,selasfor
shumëzues,zgjedhtë
slayers,pene
njëfazor,denen
furkë,ingeborg
deshmia,pangopësinë
kalaveshin,lehtësonte
barë,mixë
empatike,veruca
komuneve,publicistët
gogës,tondos
oraison,pasaportën
rëfejnë,messinas
verzioneve,pastrue
kaniçit,mundëm
lckerli,vasoviqasit
tjeterkund,steganografia
serge,ionimët
ouens,shtrenjti
paluara,turrë
strijd,permenden
qirili,zakonshmekaprolli
sirossyradhë,dayton
randesi,optikës
kaçakut,diskimi
përkujtimorë,thajin
bajtëve,predikateve
analizojne,zri
grabuje,esplanades
veprosh,nëntëvjecare
interpretoheshin,gyatso
ishdemokratëve,leonardtregon
shtene,trasformohet
shankari,moshtarëve
isambert,latuara
bretonin,konkurronte
bashkëprania,çliroj
remnikut,eksitmiit
trattato,shkipnija
kyiv,kolonizonim
hallaç,etiketës
shpejgojme,reflektoi
andreapolit,ternicë
gotenit,zulu
përrojit,kill
shëtitoreje,juenjo
koshtanit,haruo
curritduke,aretino
pëlqehej,clippers
lebrozëve,parandalimine
kuberi,sondazheve
arkaikë,bott
gjarperinj,sesonin
tinejxherët,uft
hermelin,linuksit
pilule,mangonels
pitoset,korrentit
pavilandit,mbeshtetura
pengosh,tqm
maksimalizojë,canda
kontribuese,milsami
hedhuar,bolshevikë
fjoredet,gemldegalerie
xhelozie,bremenoldenburg
circumboreal,shtetëzohen
sjellën,ndrrimit
menjere,zoografi
kolinergjike,buletinin
harivansh,mudskipper
krekëza,diklorofuorosceina
broughton,avansua
legjistratura,ics
qytetstacion,kriptodepresionit
krisobulat,gjilanbujanoc
australianët,fajdes
hurmës,frymëzuese
kesra,oskari
jammu,pizas
abdrefievich,marashit
guerillas,alhafiz
kerkim,këshillimor
flirtim,kubesh
jugosllvia,luginen
belarus,provenshtë
çfaqëm,fishte
inkorporimin,maximes
gebelezus,rozen
kufje,skibbe
sorte,lëvdoj
tgv,eufemizmash
yalgado,novacane
grezi,vejzovic
ardhësit,hinamatsuri
masakronin,puttingout
përpilon,sofukai
tomoyo,stanin
trajnues,korces
cungut,performuan
vivanco,poliketideve
trombit,hipokaustikë
përhapin,nasale
zotesi,visaldevi
jude,megaloceros
plave,shameless
lapitëve,janines
turkmenëve,sistemore
shehusevasternjë,alkalin
onufër,rikonsideronin
bazonte,necrotike
çlirohet,ukcama
devijur,aftsi
disekuilibërpor,metohia
chasles,esther
mistikë,afroguyanese
kristy,hamzain
sociologe,elharam
torturuesit,broke
skenaret,menno
bui,turbulluesja
erave,marguerittes
dmitry,mësyshi
rezonues,moshataret
barqesh,rrotulluara
ishkreu,kozencës
tokoja,depp
rosinanten,neuropeptidit
deponohet,salutis
dear,veçansitë
konkurrimit,garibaldit
dipole,blektorinë
gorbaçov,balili
sfidohen,kjang
ekualipti,veleshta
vaikuntanathanin,chabutara
schruns,ekstracelulare
energjetika,poshtlartë
zarbicës,dhimmi
merves,vejë
shumëfishohen,kallamarë
adaptueshëm,mezzi
magjistraturë,ndryshmë
douvaine,prophete
fazor,gjurgjevi
injektueshëm,androi
lydians,toulon
dnitz,mansimi
vallmoverë,perkoheshëm
admetin,transplantua
slip,homoseksualizmin
kapuçeve,dëftuar
pashtershëm,totalitarizmi
mitropoli,larmine
gërmuese,qeskë
hironi,buranija
antigon,rrëmbeje
hipopotamidi,epshet
ciftin,blaque
vedet,mahallë
perashi,tenjho
fajësojë,masson
percemptimi,vazhdimesi
qëndrinin,afazisë
gameset,schopenhauer
boënsurlignon,shpërhapjen
burgundianët,valentiniani
pontdechruy,ulema
torinezë,abantët
përfytyrim,rijë
mpiksura,selenica
condatum,morikone
duces,përshtate
lidhir,columella
devetë,shkrumbuara
malarike,surprizoi
mladenov,mesuan
ujarrs,blackbelts
avocados,muzaki
filetot,ndërlidhësit
shtunen,begada
diagnosua,zbarkuesi
vrasjeje,messina
antijaponeze,qafëdardhë
llogara,hipotezen
rifreskohet,qytetshtetet
shtegtarë,foshnjore
postvedike,faringitet
barkushen,majqershor
petërsburg,moderim
studjoja,puks
kafshoja,serumin
ështëe,rrugësku
kordeofone,bankierë
strajce,furka
përkujtoni,etipopiasët
tabarilandau,pravets
djajve,hidrolizën
turmës,fasd
mirjan,pagjumësisë
pandemik,arnulf
planifikuesin,ncl
pallollogu,hudh
paraqiet,pamiratuara
sturmljuvilit,gjeogafike
suspendimin,kavardisur
jovegjetariane,bashkërendojë
digjitalizimit,coney
xiixiv,krahasimisht
derëzinj,cicir
evolvonte,grebenit
piladin,ninxhës
depca,kalashnikov
skifterit,ekskretet
kalmarin,standartit
mbyllëm,guilds
nob,zallherrit
cils,royalistëve
imperializmit,mbledhim
ven,pandavave
pavlosk,lepenc
touch,respektoni
ënnë,uniformuar
utik,lagranzhian
desser,fidelion
njutoniane,kinsbergen
helikopterëve,ringroads
rimerrë,pozicioneve
velika,muhoc
drugedforlove,vindara
muzikënopera,oznan
çupa,kuarc
rudder,hargnies
sufiksi,tibor
paleoproterozoic,gut
kryeministrinë,bihejviorizmi
precizon,fukuoka
beftë,broadcaster
rectumi,hta
aubg,kalsë
bodina,fonokardiografi
paaktivuar,hyjnizimin
jody,vtij
jagat,shaljan
rillieuxlapape,chteauarnouxsaintauban
përmendët,grunge
prpmnë,lyu
tunicabiloxi,vrugut
koncensusi,gkouvri
homogjeniteti,aegje
bah,ekuipazhiste
sekhmet,afermit
konstantinpërdorët,kazerma
zbraztë,predikimeve
fshinte,smalt
kryesuesja,kamerun
elkadisije,ladislaus
horgeti,draodacum
zhurnalismit,kutivepërveç
ligesise,pilotëve
administratat,kalki
ndreqesh,vallzonin
paqesh,bujtjen
kafshimin,theodhosi
velçev,viharës
aristofanit,kulturohistorikë
lorquin,isshin
moresby,indianet
ekuilibruese,skundill
reflektuara,independienten
retushonte,turjan
ekzaltimet,komplotuar
drejtohem,andalin
kondati,delvinëqafa
karpaty,shuttled
truave,fedallah
thëllëza,trendin
suksesëshme,tigani
slac,multirobot
dosit,kyttyk
dengis,ankoroheshin
pashkë,tomorin
saver,artik
ngushtime,doktoratures
gjeoglifet,sllavizmin
atyshëm,bejsboll
ligjërojë,përvijimit
transformers,aksidentimi
perufndimi,pikolon
loki,corday
prese,konkordeve
kasandrit,desau
flte,sprapsur
shpifën,supuzohet
danubin,antisimetrik
kuro,caka
kërcigrepi,dukshmërisë
hipertension,vonesave
glynn,archie
gallos,konfucianizmi
endësi,lëshoheshin
amputojë,intesitetin
odrin,yanaki
rezonance,kaosit
rekrutojë,zejnatë
intuoen,rrezua
rikodohet,subhramanya
dizajneve,rottens
virtytshme,koços
lopata,ursi
ndërfaqen,eura
vareshanovic,rrugeata
fermiit,spasova
sbashku,mrtir
louisën,shpërbëjnë
isni,neobabilonase
trillojnë,gjalljes
dubnicës,zemëron
thematiken,vrojtohen
urinuar,souzë
participimi,haddon
suplementi,reumatizma
printerin,mundësisht
fotorrymës,soyons
rfef,tabotë
beneluksin,komisionerët
jhope,merkurov
mechanic,telinit
povlës,divanhane
bournonville,sylvie
maharashtran,gurgullues
bajrakve,douglass
firajë,erth
azilantit,chaifogk
heuristika,hepatis
llogor,sistemohen
kërçovëdibër,midhje
studiën,qafëzezi
moshatareve,huy
krejtë,tipu
fshikulluese,xhafamripa
mosmundësise,kommtur
kailasanathar,etanoik
karvanëve,brokken
mesfushes,amato
tallen,cillve
paqeja,hoc
tarakesvara,ngulura
intestinit,çfaqje
angiospermët,sukshem
buzo,markajve
kljuçit,banoviqit
shkrimatreve,gjethen
zgjërim,shtyrje
arbitrio,magda
presupozohen,fikson
spostimet,fizikore
projektoj,varroshet
këngetare,libraritë
michiru,zeki
muzikeprandaj,veqorivekrijohet
montessorit,stalljeret
vërria,kolosi
obamacare,matrifokale
kjartë,frustrimi
caverne,bujkrob
zajc,besohohet
shefik,intestinon
orvajtje,thaksin
safdie,epanagog
kafshim,gechevazakharieva
londinium,taira
tari,bempflingen
përgenjeshtrim,qelisë
enkidu,httpamheritageuniv
shfrytëzonin,silezia
romorantinlanthenaynord,spiunin
katërklasëshe,ndertimet
huzejmes,pandjenshëm
ndërsjellshmëria,pamflete
radoçinës,gropos
xhaipuri,jugë
zhvlerësuar,vitetta
blogerit,parezitur
brinjtë,flakërues
odg,brijeg
bredhë,rayburn
pagezimi,tokove
fisnikeria,avullon
mbathin,neshat
gangun,desertit
nikaraguas,superoksidi
vlesha,gushtshtatorit
tegnrs,prishtinasve
parashtrohet,agonotetëve
kastratinme,oklay
kornelius,duiaj
leksikologjia,mendelin
përvuajtënisht,amantët
injacin,antimuslimane
bijave,gjëndrrave
gomera,kubiste
llampa,sarit
lepujsh,ministris
pretoriane,chestnuts
dijenie,ishstudentë
niksit,sebastianutti
application,kronologjinë
herscher,shkatërrronin
sëamyt,kauzën
liss,ulf
marksizmit,hipodromo
briscoe,nazofaring
mesina,pozicionuara
kalli,jodemokratike
diavolos,tubëzuara
raper,bobaj
miniatura,kumbaret
reyerszoon,përmendje
dizavantazhi,foederati
binçë,isakovski
valencën,kurrikulumin
mistereve,kaidu
pahunë,kumaragupta
could,mbivlersimin
renatus,kuptova
divyadesam,sumureshin
hofshtat,guaimoreto
kardelen,neuronesh
manic,dajbog
rojave,shetitores
domokos,lindeman
komponentet,lehtësoje
tamer,brinjet
mosnënshtrim,manasheut
rust,paragrafi
dekadent,minnasota
shumëfishat,reggae
navatrit,virua
fiksimeve,koncili
shpenzonin,dien
zmadhohej,dicaprios
ekspeditive,vanvasi
ballkonin,centenero
norodom,formv
ionia,panxhab
shfletimin,kompensatë
sporadik,iljiç
meritohet,anulluan
impalat,mohë
morrat,harlequins
points,arabizmit
feinddruck,manta
raphaelsë,morkë
masguri,posit
pasjeve,udbashi
rsm,radiofarmaceutikateve
illy,kga
blasfemia,kolonadë
lodeve,engh
torturonten,programohet
qerreve,kogoro
diokletë,jd
infantino,saradës
arkn,norçarët
murataj,thai
parashroni,jarasandheshvaras
greescht,objektivizmi
rrembehen,kjell
kolajakë,reostatët
bucureti,këkojnë
run,kundertën
thuruara,other
ataç,senanayake
napë,gjysmëbarbarë
guan,rajkot
kohpon,superstrukturës
palavlisë,butroti
shpojnë,kalidasan
toptanëve,orochimarus
ishdiplomat,concevreux
hindusët,moi
garnizoneve,pematxt
tejkalime,tqp
elephantas,radiotherapisë
statham,sigurur
moirat,promovuara
mitropolinë,piksellëve
mahavibhuti,belair
grabovë,uriel
franconiane,valerios
nekropole,benassi
papërmbajtur,hindus
dolomitet,zonavedhe
persishtizuar,portretizuan
oltuzi,kokajve
masterizimi,menti
limaninmanushin,kipling
merycodontinët,makabenjve
femrameshkuj,grabovska
prekomura,benedetta
kontenierimit,nacl
përçimeve,perditeshme
tarot,gungës
artilierisë,velingrad
sensitive,plantazheve
dorshkrimeve,bashkëprodhim
automoilistike,multiagjent
exarchate,cabaye
parrezikshmërinë,industrie
backfired,etnologia
sirbi,abone
misterin,bazaj
gijotina,drute
kombouar,fshesa
perbehen,procesoj
hyytiinen,problematizuan
ztrty,korbave
dizenjua,javanica
hpg,boothroyd
manre,yuzu
olimpiada,argu
stjuardesën,sipërrmarrja
nebukadnezarit,sumat
kritikash,kampionen
shumësat,poang
relaksojë,fosgjeni
kosmaqi,guidolin
rinte,nizamit
abazionii,përformuar
katakomben,dokumentua
antibescentre,nejvoshëm
republikanet,ishkomuna
eksentrik,hadamard
pëtroviqi,rrëpirë
nënvizua,plouguenast
finished,patris
timeslot,burgajet
drexler,httpcommons
kënaqjen,paparisto
obeliskët,pakrijueshëm
gjitarëvenë,keqardhjeje
tenjin,qmimin
dement,ndërrimeve
gjethesh,hyjnish
tunxhe,galaktoze
forconin,osteichthyes
mirenjohur,cassinin
bergerac,hungarezet
imitonte,pashes
ekzekutimesh,rogcourt
bashkëthemeluesi,shpërbëri
draghi,hardverit
trangujt,taraciusi
taninës,korrigjuan
pupi,ignc
millthorpe,disinformim
nuper,palotes
arriuj,processors
privilegj,muslimani
katrorët,veshitngushton
shteteë,lubbock
drajvi,shpende
heterozigotë,përqeshë
scripps,fluid
ushtroheshin,ringrit
sundim,ndryshueme
pultin,miqsive
danului,udhëtimesh
xhamlliku,xhilaukanas
hazraxh,brendaqelizor
vllehëve,barnaul
hoxhen,poqëm
pedagogjis,arinjësh
trashegimine,përfundoje
flore,çester
tempullar,anubis
emetimet,vërtuar
meçe,reeker
shplodhëse,atintanëve
vetëkënaqur,koronografia
përballueshëm,elamite
mospëlqim,rimobilimin
referandumin,vjtër
novokosjera,properties
qinamakut,kthyre
dyshohej,mithridatët
martel,ezopi
arrogancës,brinja
rrreja,darezzos
shkarkojnë,makrocitike
mmol,korçari
dikotominë,jastëkut
thenie,arumune
jacquard,realizimeve
schn,gremnik
bashkëkatedralen,telhai
variabilitet,aheronit
coin,pushkëmitroloza
frideric,sinjalizuan
transvestizmin,bretku
fshatitfshat,saintmaurla
aundhas,probabiliteti
përjashta,përzgjedhnin
mjakë,alokuar
nikk,determinizmit
shimiziu,hame
aksesueshme,ndigjuarit
palats,nauzikën
freskore,mardhënia
stazët,vary
qytetishtet,mbështjellësja
avansoj,dragën
kristalografi,hyaj
bucurului,brezovica
tinca,nake
teknikash,rapsodë
faktuar,fillestari
bakllavaja,tunnelgatan
hyrrjet,baltsa
akrobatiku,ethjubi
çelë,paulinho
suparshvanatha,nentekst
siefman,madha
bësimtarët,vëllkoviç
sidrit,perimefrutavreshtariullinj
vaithiya,riggs
tillëve,farbenit
mençin,debatuara
alkmeonit,njejat
tjerësh,shkatrim
bashkëprodhohet,carin
bordeve,ahmarrë
hibridm,decumanus
rimorkiatorëve,humra
nderrtimi,freundliç
galleyla,hapërimi
zotdhe,topolka
mishelë,republic
osbekvm,reagues
uiug,jorezidente
grammatica,dalurë
zamoyski,boucher
trchy,dhjeti
zhbllokojë,hg
mueller,olimpic
talha,superficie
fajesimi,caldecott
bastioni,kafenjtë
mgkghumb,sasori
kërthizat,fyjeve
shtresimit,scriptoria
chattarki,fleshbekun
xxv,violent
sardenja,shoves
gjithën,sapunit
maltretimet,blanquefort
rajcë,trohanter
diotima,pesimizmit
machates,mummy
ngjitësë,dollit
ndalonim,rekrutëve
maternitetit,sarasvatit
blunderbuss,priftajt
ujvarën,forcoheshin
djersitura,semimil
fave,mdel
kryeartikulli,thiri
frengut,hsavik
propagues,pazoti
dispononte,sirakuzes
xenin,bajçinca
mehunsuryvre,vinim
antibolshevik,kokelsionuar
essien,udhëtohej
doba,duboc
pediatrisë,pamohueshem
sotirit,hardhia
refuzuesi,caesarit
rrembyeri,laçsebastes
pamoralësinë,antarktide
yaqui,teritoret
ilavazhagan,grimacave
albaner,ogurzeza
antiaeroplan,gojëdhana
politikanësh,lajmerim
ndigjon,intacelularë
marangoz,mrekulloi
mehil,repton
thesaurs,epifore
kronistja,tippit
gau,providencën
grinspan,flakërojnë
saintjulienduserre,hamdun
castillan,shotes
vetëdijësimi,mikrotraumë
terminus,bankers
ofensiv,kçnsë
fi,cekosllovakisë
supermakinave,hidroplanët
klaiqit,eyes
socket,nalambalamit
hidrosferë,myzejen
rujenit,fatkkeqesive
pashaluku,deves
ignati,rvana
krishtereortodokse,promemories
raxhidajët,siçjanënjohur
kintoki,kushinetat
reportazheve,enciso
qeramikes,saints
lekës,obscurantizmi
siste,eurobats
karmela,saintcalais
breterine,tonalitet
shsei,imametit
sauras,tomtor
politikash,stinger
klinikët,tajgave
etnogjeografike,majas
augustinit,likmetes
dolin,sarvahnas
gjeohapësinore,lakshmanës
konkurrojn,gushttetor
streptopelia,klevis
mbetesh,magadha
foragjer,greqishtaj
gryphon,technical
bashkuese,studentëvemun
paë,banorëpor
rignieuxlefranc,vetëkuptimin
provideret,shtresimet
reisi,krishtereve
nës,getting
arkifakte,ruale
veracruz,sundimtaret
eleganca,analytic
koleksionoi,delleptastadio
lude,kenduarit
pikatriks,skepta
margjonaj,purgatoryn
qendërtë,komppa
bolsheviks,çështj
specifiike,kalabria
toreadorit,peposhit
edgarin,biomorfike
lebroz,qëndërzuar
organistit,pinguinet
kombashkpunim,langacker
përqindësh,besëtytnia
rreptësishtë,chtillonsurloire
kristinizimi,niseshtja
halitin,amenemhat
demaskojnë,oehlenschlger
shndritshëm,acndikuar
vogelm,hajrizin
plastmasa,joshqiptarë
tei,scudetto
sociokulturor,vladic
bertil,shunzhi
përderi,kundreshtare
momqillo,dilemës
kekkonsuru,ekpin
dhenderit,ips
anarkie,pernione
lokit,përvijuara
substancial,nemigracion
vegga,geras
bënëshef,edaike
tentim,zanskar
udik,elgins
garantuesi,silappatikarami
kompanise,xhems
paddles,përbërjeje
transmetoj,ekzaminuan
bashkëshortësh,proglumide
hirs,kitos
malhar,nareshit
komalavalli,çrregulloi
ofertimi,pergjitshme
rëndohen,tajlorit
kuramës,saintgervaisdauvergne
sampurnanda,timakus
servalet,komande
mëyrë,xhemali
zamputi,tiera
kobal,orkidetë
hikmet,skajlab
kanadë,vëndimet
shiryu,reykjavik
trangujve,dergjej
kapuq,konfiskon
hartues,eçer
tallman,boshnjako
vjetrën,dëmesh
bashkatdhetaret,ribotim
nayanari,xunkth
garry,xhelili
kaniformia,eurocargo
inversi,scherzinger
pithat,flisja
companyshtë,oferte
brahën,qortoi
forstercooper,nagine
gjimënasjë,istëmi
antisemitizmi,artisitike
njëzetekatër,karabullakëve
vizatimore,riekstins
ripërtëriti,delesh
sourou,yung
afate,përdoruesja
familjarizuar,quarraisha
nexhatiut,gruajasipër
kolumbianin,shkencologjia
tërheqjeve,shijin
baballoq,favored
aldredge,regjionet
maskaradën,theodhosit
objektiviteti,insistonte
dpal,hoxhajt
laurensë,lnen
simbolikës,rashbull
konrmon,discourses
chancellor,anatha
neobabilonasit,rrotulluan
gottingen,jetavanas
maksimizohet,haines
kushinetave,tasqet
gjuatje,metodikë
rietfontein,viiix
shpërndajes,barbituratet
shpërdarve,alpakat
ekuivalentët,guineja
tekstili,gramml
maxhera,përalla
define,kriptë
mihailoviq,dialogue
kozmai,falkland
hyrija,chains
anticlinal,cubao
tvja,pasteurella
arvanitët,lyenin
stefo,kallatis
sevapet,ekleziastik
hapeni,gigante
recensente,ye
cërnivrh,oort
valëvit,kapshëm
inspektoria,digjenis
parantaka,trainimin
stagjire,episodik
shengjin,elgazaliu
tjeraerdhi,bolivianët
përzgjidhej,ripohojnë
oksidentalist,eliminime
must,helmatisur
lozhave,ousia
svicër,khapara
rekruton,sinagogën
finger,ppn
leqinatit,vajimi
zimel,dragnet
tragjedianëve,gellius
boshidos,fundamental
sjelli,manaxhimit
ndihmësve,ungrej
schorr,costolo
direksionin,magjikafsha
akrolisin,bazamantin
sqarueshmëria,gjeja
akuakulturës,shou
saturns,nënproblemeve
brutalitetin,recenzuar
paramendoni,nikopolis
birincioglueshte,pietru
konzerthaus,alicia
anglishtës,vaskonischen
tubacioneve,angelesit
pergjithmone,mammoth
zhuani,qiradhënja
urrejturit,voldgade
valojë,statikeve
bikarbonat,huizong
cronus,censuroje
zëvendëskryetarit,macrolepiota
compromisaros,hatta
rimerrte,anmikut
melitës,skenash
filozofiko,dantivarma
llibre,aristeidis
cheflieu,aureolen
ekadesi,shumfishtë
topologjia,ugandës
stime,xhong
sakata,thermoregulation
stabilizatorin,sherr
shivaizëm,gaxhai
asgja,vantage
kida,gimnazin
engels,flourin
oglethorpe,trafikantësh
demal,espinoza
mursili,brnda
veria,jugosllavoamerikan
përfytyrimi,sebast
zhvendosjeve,danin
kortezhi,aktoria
antigjeni,skollave
kopsa,akuareli
zibelda,kryeprift
parafermentori,mehskujve
klikonte,encyclopedia
kankarbagh,rrumbullakohen
floriri,hartlit
kadetit,embankment
mnemonicmemorizimiështë,libjore
hutbe,algoritmat
rigorozisht,infermieristika
tzumei,obschlager
zakonor,amo
verifikimeve,taulatët
shpërbëre,nekropolin
baldac,agapitos
invitro,produktesh
lexonjës,nepermjete
oblastit,saintastier
evis,sllavistët
trokasin,ipeshkvore
kacavjerrës,thashethemeve
hangouts,tërpo
rrahet,rilegalizua
huessy,rosettën
ofelisë,turnirëve
mundësimi,poznan
oremu,jubileut
maksimalegjatë,rgryte
nishikigoi,enderroj
recidiva,traseologjik
triepshi,shtëpiza
shoqëerim,mbipopullim
paskeni,paioninë
incidencën,shantazhet
profiti,dannay
pllace,neurozhvillimor
gjimnastja,fanfara
xn,gjysmëprofesionale
natyraliste,vesi
rrjetor,smokthiniotë
shtresohen,animizmit
zangetsu,analizua
konveta,llafazanit
presupozojmë,yesugei
baglioni,bluzën
proçesionarja,tuboheni
svartn,adibal
santou,qershortetor
lëvizësit,galvanizëm
aydnlk,gdhendësi
blere,bni
czartoryski,pajtueshmërisë
sociolinguistikë,allotments
rragami,parashtrime
aare,çetnikemalazeze
qetësoi,imunobiologjike
kërcor,solete
dinit,shkarkohen
serrano,miguti
kontestuar,deficitet
qenasë,sheperiotët
ptuj,univerziteteve
nostrën,mashtruesin
përgjuesi,çuditshmet
bektaije,denise
krijuarës,tuskegee
malakasajt,jahrah
aranya,estrogjene
boxholmit,shrutapanchami
ekstremeve,mengë
banglaje,modelesh
kolibrat,gërvallës
dërvensa,spreadsheetin
burgosurin,bautista
procesverbalin,dritësuar
vullnetshëm,mëpas
pater,mbaresën
përzënien,calvinbenson
perberes,bashkangjes
mannar,brektisi
gjettë,çvarros
paperfillshme,oberpfalz
metalac,bekues
ravenna,kosovësdisa
kapim,tulcea
ofiqet,adventitiaexterna
antrim,lexuarat
exmoor,ryusoken
taverner,ekuivalentja
beratpërmet,prapavijave
pantheon,folkpatriotik
tentimit,andreës
apostatë,shfrytezuan
anacostia,malory
arvanitëtarbërorë,shtrira
përplaseshin,brengë
managment,fridtjof
fermione,lumet
kolegu,vibroi
shpalosje,trëmbet
akordohen,mëndjehapur
tenisti,mançurian
vogliç,korije
afit,snuffer
agliardi,nymfe
principiis,shtresënlayer
çezëm,demavent
ulqinakë,sadamit
kembsa,brakicefale
bits,bushekut
vidhen,korijesh
bulevardet,mersije
fortin,maharbalit
vetëkontrolli,këndime
konfesional,nxihej
dilkushan,korbat
mansfield,haheshin
cocerrelit,makrokozmosit
mudaribin,hepatica
miço,codi
tragetit,chiss
ekziluar,akeanëve
përhasjes,drosisit
perfshinin,mirosllav
organizonte,desprez
tamilit,ngjasim
alitalia,gjykonin
inxhenierave,raimi
larguam,stenocephalus
fuscus,manikyri
veleçik,kukreka
mirqenies,konsiderojn
shkëputem,laramani
gudea,pinej
freestyle,pretendua
tipologjisë,raguzan
qytetarën,arkansassë
mishrat,transportohej
mazllumi,zetski
bellezza,margin
diskreteruar,zyegin
shimini,ence
adobe,anzorov
lezetshëm,joseephy
stelave,çlirmi
munro,kikbokser
bërdynaj,psikika
qyshkun,suis
hungarezi,qyteteqyteze
murgjish,lance
imaxi,liridon
supërat,inoraganike
tatimet,çiçikov
labries,juge
dymbëdhjetëshat,ndërrimet
vojislav,mozaikistit
marlon,farkëtar
skedavërtetim,qojnë
popemobile,vakteve
detailer,apatinë
jugatë,rëna
mbëshjtjelljes,plazmidin
kalaveshit,vrapuesit
fajance,teksasi
halepas,sekretaren
gjeoinformacionit,pilotoi
senkaimon,jeliski
asinius,bulka
borophaginae,prurat
përkrahim,hipervocitet
xhevriye,muhurr
rimëkëmja,bezmishti
herbivor,medikamentoze
orientalistike,heterotrof
vendoseshim,zbrazjen
euforisti,rujesmalet
gjylekar,taigave
shumëzoj,kanadezobritanik
shëtitet,kooperatës
ndërmjetësuesve,apocalipsi
llapian,perjetesine
kryevidh,pub
doktorantë,proklamata
betja,kryefamiljar
suisse,terheqi
taoizëm,deles
ankim,athenaios
difterisë,bonamassa
suksesshmet,atëhershë
mentalja,ilp
aparthejd,tenniel
revolte,maxhupve
rrugesh,shastrave
gjyqtarit,behixhe
pritnim,bajazitin
ambiciozë,obamës
petrela,chor
degëzimit,bicajve
eruptions,parazitare
anarkistësh,kkgjilan
kz,buddy
qitësi,paditet
palosshëm,redox
roze,regius
tarragonës,deshtimit
kroj,vjershëtorit
piet,karthage
emshunte,verstaa
ronaldinhos,planariet
pengun,kshnellat
fameck,lindorja
postmenarchal,përhapurat
ufa,menorah
rncsë,kalbem
vllahi,brunelleschi
ekonomista,silvestre
gimachi,champssurmarne
pleurat,kuksianët
abudullah,arboretumin
ramajanës,karbonatet
grali,barazua
langar,ribozomet
batoidët,yoshinori
administration,kikës
buchenvald,koskihod
fourth,rotunda
ndërprerjeve,abonimit
mbyllyra,grupesh
poligjnetië,putnam
isoforms,caraclu
censeur,njerkës
vneshtati,ellione
zymeri,hansatike
jenson,amazonomahisë
olbrajt,qëpërmbajtja
saintpaulcapdejoux,horgne
karanxha,hiq
vixhen,africans
bizantina,popullizëm
ystad,rrobaqepësinë
kutis,melankolik
shkulm,merenges
çobën,virshkov
santuzzës,rosit
nadluese,tolerantë
aseksorët,panatyrshme
imagjinon,derguesit
përlepnicës,kolonizonte
studionojë,cso
katifit,falimentim
uster,kairouan
guackash,aktoi
pax,veltinsarena
hombostelsachs,konfirmimin
koteci,huadhënieve
visa,dioceza
gutenbergët,toskëvet
vertetave,harabelave
stidës,solenoidale
leicesterit,unilever
ngurtëtë,luljeta
shkollohen,allamanit
diatezën,arenash
calculi,dodaj
fiksionale,machina
zvernecit,grybauskait
devill,retaliates
shkaekoni,bashkatdhetaren
brogia,hitsuguya
zëvendëspresidentin,elec
prures,muzakëve
makabre,pittsburgu
manjatë,terminalin
lambertst,pleurati
kongresistët,hellenes
shfrytzojmë,sarnathit
greca,monogliceridet
tamilakkam,ptolemaike
pintu,korda
sizun,përafësisht
greggut,androsin
seminarik,palenka
hide,pershkruhet
huashan,teufik
dialogëve,tribunalet
glicinës,panegjik
bardhekaltrit,palestinez
nikodem,qethet
osmangecaj,likuidimit
tiot,ergesta
prones,kongregacione
parpara,gramës
stopin,posen
imigracione,pësosh
duhanpirjes,inelastike
qeparisa,kunde
demarkacion,vergara
tëtëtdhjeta,maghrebit
kumtoi,frenojnë
franzën,arasi
lazzari,menditje
subzeronndërsa,brale
hazbi,evitohet
metelkovën,romalla
rrise,pujols
cenueshmërisë,ngelholm
përdhosja,transgjinorët
jeruealemit,lloftusi
veshmbathjet,jonusijonuzi
bujanocës,rrethanor
jovertebrorëve,alimehmeti
flanders,vishrin
hormayer,paramikeane
prektikohet,sinuzit
euroamericana,etiketat
petashuq,porter
jisë,shtrenjëta
dezoksiribozës,ruralët
linçimet,rrjedhjet
superheronjëve,augsburgu
përbindshen,siptara
anatomisti,kapakët
origjines,profeteshë
kruizerave,mëtojnë
rsas,qëjanë
pinturiço,ndështë
exhkomb,shotën
apparently,shahirët
murtajat,alghunaim
vërtetoj,vjeçë
yue,magauri
avanti,kokrrës
përpiluan,suspension
veto,paharruarambresa
epok,malvinas
bisoli,traveling
broqin,kosoven
neoplazive,fosforilimi
rubisco,shpejtesulmi
trek,normalistë
konsultuese,teirlinck
fildishin,branson
grassmann,qindvjeçarin
bakejve,flente
potpouri,kosovaret
kamionduke,smederevës
sollopipara,organominerale
patrioteve,narraganestt
dushnjë,skopit
kumara,hedonike
konfigurues,riqarkullues
shkurtët,cronaca
figuli,banulla
apasionohet,ishfutbollisti
punësma,namsan
vigjilence,thugsjechhenpoi
xuanfunë,vishnugupta
palestinezët,niti
gjurmim,mckinnon
tastaturë,kitetsu
çanan,apoptozës
teknologjikimike,sabhas
dasmësvendosja,stantergut
demonimbret,indoislamike
antheia,politikeshoqërore
kocaolu,akiva
asala,ziko
kordoni,perpos
struku,murge
blokat,fsshksë
electrical,odets
shiftim,personaliste
referatin,ça
stefanoviq,aidy
komiti,kontrodhuar
përgjigjje,musejd
petri,hotin
meçka,veriperëndimjuglindja
lumnishtë,alveoleve
ngë,katëegori
udhëheqen,divanhania
fisionit,rrëmujat
bishtiqindija,gërhitës
ambarqoj,tridhjetepesëvjeçar
shemben,galicës
atëror,shkollarësh
katalonja,nielsen
zëvendëskryeshefit,qartesojm
eshshifa,ajuchitln
ekonomiksi,inkorporojmë
zjaqë,vhp
kukin,sellessurcher
maç,keqësuan
informojnë,beijing
xmpp,proggressive
ceasarin,marchegiani
selenicë,përlat
bejgora,prezantimeve
panderma,hack
shku,burses
bgp,përkufizonte
chick,microcinema
orëndreqës,çamërimollosisë
syrichta,qesaraku
keqr,përballjet
suzeraintin,gabueshëm
uzurpatori,ngazëllohet
datoi,kuriz
loredan,kandili
gozhduari,barua
ushëtimet,trasese
preokupimit,zuka
rënja,tubohen
barbet,dilras
përditësohen,boz
serbokroatishten,sorengo
frasquita,dallueshën
mundohesha,hallat
dois,italienisch
afreskë,skëndo
rzeti,rinocerotoidët
cinnamon,frikoheni
johnes,rubeola
plutoniumin,pastrehësisë
yogën,plepat
jano,prozimistët
rinjësh,papafingo
rithyen,esquivel
avantuara,trogen
gpp,elysee
paliruara,tadashi
gusël,ekonoine
fontainelsdijon,qeshori
pelazhit,kredisë
bpm,kamniki
fijëshkrifët,rremben
probono,antarsuar
vernica,thatadimrat
kross,gjimnazitnuhi
fillkim,kaligrafin
episkopit,paestum
radiotelevizioneve,temizyrek
modit,tyreose
rilindjabujku,gurakuqve
shkakësore,konkurrent
baraccas,ferzie
pronaret,acushnet
infinity,sufragan
ambrakisë,ilçe
pesëvargëshi,vizoreve
dhenjes,acetilpirrolinë
grever,zejet
xivtë,rakovskit
nikolajeva,pajtohem
ringjalljeje,mikrosekondave
icescr,menschheit
neddan,disciplina
marcomanni,nderoheshin
prussian,vashës
temes,bronislava
fntrange,bairiki
saur,shkërmoqen
fer,breshërinë
zhgënjehen,kexindustrins
serologike,banketin
mdp,kragujevaci
shkruhesh,drush
bestselleri,astoria
ryzhdije,kqija
kostumografike,portativ
opojar,guvernën
dslam,pavendosur
regency,sachsen
spontaneitet,kahraman
pakapërcyeshme,gads
zhandrit,abdulatipov
propagandistët,strip
instancë,babure
trashëguese,bledi
gjenerates,paralizoi
metodij,niou
shkaktimit,gatos
lorensi,robotics
sebastianin,dobrotice
kumtues,schlchtern
musubi,lopatën
rëndshëm,seksiste
kundërpërgjigjen,superfuqine
këthej,mënjanojë
aktalisht,zgjatshme
njegoshi,barnin
lulave,joromake
muttaraiyar,mudësi
okesh,vetëtitulluar
kripore,brengoseshin
vashemit,vajiralongkorn
methoxyisopropylpyrazine,kasimit
majori,gazta
aarn,mohamed
venerën,joorganizma
altobello,fundosen
gostisë,guror
shtjelle,arrta
konvencionalizimi,plumbacidike
lishje,majorca
palaestinë,stajo
vimanas,instituimi
uingfildit,fangio
kartelen,papërdorshëm
vetëqeverisja,përrreth
fragmenteve,puthin
katrierës,hamp
fresne,anestezireanimacionit
uzurpua,edt
prognozimi,image
damaia,chaoui
zodiakëve,kubikë
pingpongistëve,flagjelet
gors,shifruar
pinkmoon,cettie
spaces,tregtarin
reçipetë,environment
paradhëmballa,shëndetsisë
platonicusit,sunay
miliones,parapetit
turingisë,ndihmo
mbështetuna,gazmendi
cagliari,pamotivuar
kaltërosh,pasqyrime
gjykoj,reaktorit
kapitullonte,turqvekanë
nënmontan,humoreska
clover,famshmëve
geruzija,francesca
ljuis,mëparshmja
pedagogia,heinsberg
ëmblën,spiunit
revitalization,janri
hershmit,shambellani
zumë,shistet
shumoi,gjysën
trembëdhjeti,buchmesse
termociftve,rifillojnë
arsimuan,reagojne
paunta,rakie
kyu,stumbleuponit
karamuçën,samin
tanggaozu,filezilla
meshtarisë,baixas
michiel,sabahet
dërrasat,shpalluer
pilotazhit,anionet
longari,sponzor
paraardhësin,gërlic
neuronet,ipsë
sundaic,kardiomiopati
gteborgit,pëeveç
hapësirëkohës,kastori
jumbohostel,sprachen
mbreterimin,eerdmans
entropy,falura
vernouxenvivarais,delën
pershing,përputheshin
diskinezia,funskion
infermierisë,uchchishtta
rivierës,champ
zink,anamonit
ndëryhet,gjeometrizimi
neim,bazilikal
mataringides,kutallia
ndërparlamentare,pusks
qusqu,kushmandinit
kodifikues,lumezzane
mahisasuramardini,aranzhuar
kompanin,merrëm
carle,nadph
fakltesi,ozakonisht
gteborgut,reklamash
asnjanësinë,tërheqshme
anullojnë,janes
akustikën,malenfant
inca,flogistonit
ndërmjetësimin,fanrpan
alveolave,kilpatrick
bazamente,grin
mavrovës,evoluuan
riparimit,triglife
bellanicë,rrenojave
indekse,heliosferë
brigaden,mutagjenezës
ziejnë,revin
voleurs,informant
cannabidiol,rindërtonte
ladislao,norepinefrinës
amerikanist,thoramebasse
lartëbuxhetit,sharp
xhunglën,verbëra
gandia,vigje
plainfield,lejet
troinex,censurë
makroprojektinhistoria,transeptin
baldosat,kaczka
marise,unicredit
xhevdetit,zgjedhej
blancos,ikarusit
munafik,takë
encomienda,dltraz
bijnë,turkey
transk,reloaded
infuzua,gatlif
atolin,lejonim
foshnjoret,kontekstual
jorome,gjuajtse
onkezmo,tarantinos
lapsa,prize
derdhën,organizmash
monitorim,kontestit
lateritit,hentig
shkathtësie,organizosh
filozofisociologji,joamerikanë
gogëluqe,eakdo
aroma,demograf
hudë,pseudominoike
trajnuesi,malovi
çilës,shim
cerron,ekologjikë
rampingup,shkakësisë
renea,ekzistuary
cekëtinë,deputacionin
raul,bashkuam
synergos,mauritiusin
mrscu,kolofonit
kulhudhuffushit,samyr
përkujdes,ofset
klopp,procedimit
bovillës,donne
arkivon,gojehapur
jades,bolzanos
dyshimore,risanit
bifurkacionit,ekzarkët
banney,sllavishtjaavic
vuajt,paramendonte
ksë,binnenhofit
valour,pusitë
qëllo,zbukurohen
emocionoheshim,holocene
dordoni,ounces
seray,ndezët
syles,shelele
ettukettut,masbate
dementor,chabutroje
mame,empatikët
elephant,bedel
nootka,bussirebadil
gladiator,referonte
vilna,trojësit
gbu,publikuesve
slatina,stollerjarrad
shkëmbyerit,kompetecat
maturidinjve,gjaknxehtësinë
miksipenë,franshiza
turbullirë,tëhu
gumnishtë,lebuh
pashoqëruar,sandstorms
atrë,tensorit
vjedhja,ako
shkurtërkur,trupores
kabare,nderruar
pëllëmbore,mikrovalëve
neziri,kundërmasa
hilbert,falënderimeve
gelqeror,zbehta
belong,riprezantonte
slaughterhouse,përvëluan
stomoxys,androceum
klaiq,vue
murmajesin,artdashësit
bjelashnica,mbrri
shtyer,rheinfeldit
zbrazjeve,kinde
dukagjinase,ftjani
diacritike,evdoqia
offenau,kundëshpërgjigjur
brahmotsavamit,njerëzorët
timorit,dëshmish
haxhiqit,ging
nazli,deutscher
bashkëthemeluesja,ataxie
lartpërmendurve,analoget
rctu,shportave
ererat,prezantueseje
rruza,europacus
onsen,anmaarit
zhengzhou,cron
qefseri,kapuana
brezna,shkohej
instruksioneve,regurgitation
aritjen,homoseksualiteti
hegedushiq,prmr
kettler,ql
naoroji,jomotile
ulamas,clubrap
yumi,bernai
dritëstë,ralik
vadenë,klaviçemburg
dëmtuesve,photoshopin
rangohet,terapistët
dandapani,podiumi
celoloid,prosimian
tomaso,brodski
dodone,favorizojne
acornit,pllakosi
cernikoscermenikës,largohemi
thonjeve,kuantet
ndëshkohet,maranzzano
ujitet,partis
onboro,jurnal
mapim,komandimit
frymëedhe,priseaca
creed,paradash
miqteësi,alibalikoxhjavasija
plaintextin,forget
persishten,busek
imigruan,vaditi
isseti,propagandimin
novychevrires,bestytërive
boztepe,gjurmimit
bucintoro,fjetëve
lojëtarët,ushatarake
safran,thirukurukai
ndjenjëmartesë,poltikisht
nënstacionet,angazhohej
thirrë,ubin
lyngby,misionarësh
zëj,stemmons
kpmannhafn,bedse
kovilit,tretesire
mbijetosh,artizani
bredës,fshesë
andërr,gumbo
marsela,paralajmërimin
dhjetëvjetorit,litologjike
tretsira,zajn
kharan,sisem
nigoayos,kapidipasha
aradhë,trafikuan
raos,mijloc
digpatias,kushnerit
boggs,kodex
ngarkojne,rhineland
gaaren,fandi
allultima,lundrës
kurorëzuara,shtu
lakuriqi,qerimi
makhals,tarascan
dogjë,asociua
tirthanaras,përafërsiht
vrish,marque
helg,provuese
klasifikojnë,sheba
sfurqeve,abrahart
zaretsky,zenelajn
nirvanachaitya,toleronte
predominues,mbathi
cachorro,vigeois
shalvar,vijayalaya
spekulimit,orleanianët
raundesh,dedej
zmbraps,zviceranët
hanseatic,khunais
halfa,peacock
fundrusit,dardanise
konverter,rekretuar
gatae,terbinafine
shijova,kristalografisë
kognitiviste,lidër
mahallas,kaldatorja
fsg,ndërmjeto
kankre,sipasoj
kreole,konglomeratit
itak,nevojtarë
rgime,their
ambjenti,piraterise
shtrembërohet,mangjollirikujton
gjëndjen,farefisnor
prëfshiu,raimondo
loosduinen,kommunar
zanafillen,colubo
stadioninnere,ftohtësinë
bude,hurmave
posacme,participues
dekaden,mirëarmatosura
krengritjes,njejt
fshehje,yldon
errol,shërbyesve
hederaj,dhanun
hoogeveen,nysb
associtation,evropean
cocos,nagave
gex,bern
troktoliteve,qepore
pfalzit,eklektizmit
azraq,olympiastadion
kosovratës,kubotan
imunolog,prusianë
petrinjë,palylsit
arvanitasit,nisët
mërparshme,ballas
turbofolk,oxhakët
pllakash,rosary
lalit,sirakuza
steigmanngall,ndini
toba,drevenicës
mikrometra,drinopolin
eridani,çallmëve
anadyr,kryeshefit
canën,amortizimit
sllavomaqedonase,pavetedije
moreira,pistës
fijëzore,sokakun
canu,iluministet
atomtike,petrelës
orgonit,billikens
jinping,diagnozave
sanksioni,harmonizoi
protoindoevropian,harito
veshka,sharit
ndij,radhërford
vaçant,alelet
kopshtarit,alevitë
sabik,dyshë
shtëpijave,mukozat
neoplatonist,praktikojë
charan,kapitelet
kompiuterik,zonje
teorizua,pershkuar
ndreqë,lëngëzë
jekaterinburgu,prparimit
micorsoft,armiqësinë
koncetrikë,romunët
arneni,nevoide
sfidoje,gërleni
pinokut,asterisk
alcatraz,lopakhin
krejet,acidifikuara
terroniraphael,antitanku
bosë,jugperëdimit
vukovarit,vetvritej
agrikulture,ratsfrauen
mbijetuari,kundërsulmojnë
kopronari,fjetjen
humollin,permutacion
scotland,muzhani
bilbao,sanscrit
flsinin,humbim
noriyuki,transpozicion
depertuan,balovi
spiken,fosforaza
dinakrin,trenul
fushëlumi,himariotë
gildën,kalcinimit
fratello,shkëndijës
blauer,magomedovit
hadrianit,peake
rexhi,gazamorfe
rrethont,ciklizimit
sight,karamahmuti
mamografike,finally
rotacionin,taraboshit
italisa,endrrave
dullos,lilienthal
andreotti,shtihej
lortel,xhori
osmanomalazeze,tukiçin
joekzistente,oyabun
pjerrtë,embriologjisë
guagliardit,halepin
odesës,pur
infrastructure,ciro
nikja,gojëalergji
asjerrçe,naxhidi
zëdhënëses,hetuesve
vonu,bullangues
riformuara,argentanouest
amazonomahis,aizsaule
leshte,bate
perroit,geghysen
galley,palmieri
oktaviani,poosalaarit
rmc,nikeve
perceptohej,femtekondë
antigjenet,mariasë
perkëshilluar,francesku
tronditjes,vac
gjeneraliste,klinkës
alchemila,kazanova
mekane,contes
maurette,hezitues
shumëfisha,gjendeshim
ndeja,akideje
cineteca,sasonia
zerina,shtallë
atmosferis,monitorë
reims,lejlekëve
sdoli,veshgjate
interpretuarit,reinhard
antimoni,relikteve
lekure,paçrami
clairvaux,narmer
zomba,hierarkitë
mitarbeiter,barletta
goxonte,shkathtësitë
osce,ornamentit
kraft,përgjithësuara
korrespondenti,cites
avea,lesoje
ndërkatit,nmazin
rikuperimet,çashkës
tendhira,klidhjen
varrosjesh,farkëtuar
errahman,niklas
nxënesit,longmore
mojsovit,shandanit
protopape,humbucker
vaishnavizëm,dezinfektues
topologjinë,ruki
caracciolos,autort
kolarov,galvani
milesian,clisania
kaporana,dolto
nxitjeve,pagerank
dyckut,solstice
euridikën,tpa
lindt,paraqitë
kulqini,heuristik
planetary,deshiruar
gjeografikish,siperfaqjes
dg,burney
azhvsë,pupëz
amantina,vëndosi
gjellëbërësit,kintos
bolonje,cancon
ruajtuara,dhimbjesh
etnogjenezës,obscura
mardhënjet,ndihmëset
zonia,varesen
pcr,regjie
tuberkulozin,padëshiruari
gjakmarrjet,kualitative
gaori,grec
joshjes,thackeray
qiparis,padukshmen
anatidae,tipografisë
losi,pujarit
mposhtësja,pllakadën
neoptolemit,mundshmese
eurit,desalvo
sajmir,ngrohtesia
guangdong,orion
shruajë,bashkëpunimesh
ishmafiozi,ishigar
daddario,defterit
kaymaku,epidermë
borsh,togjet
pavilions,barackun
pengoheshin,vocal
amplifikuar,reziku
vështrojnë,apeman
ceketa,monestier
lancefield,miletinë
misionaret,perseritet
romajës,shkallëzimeve
rais,nations
konfiguracionin,briliante
eminescu,urimet
pëllumbas,paperfillshematehere
fuxhaira,hamburgerët
sufng,metabolizuar
shikajt,gue
stefanaq,berthes
temo,studenteve
sispas,emanoilit
fatmiresisht,tandonin
afroamerikan,gjekaj
francs,berec
verzat,ulqinqket
kadastrës,foale
spekullonte,yucatanica
sporek,komshinjtë
gjysmes,spektrofotometër
kundron,koniderohen
lengo,oulton
fulminante,mikserët
bazilik,thaçin
alarmua,randsi
shrichakra,ndohet
dokumentohen,manipulim
herbie,copetuar
muhamerit,ndjere
kohëpaskohshëm,gëzuara
brethren,selekcionuar
ekzemplarit,superfuqive
streheza,elterit
haskos,advokimin
kryemyftiut,nënoficerave
toremat,vëllazërimeve
stavovsk,selecta
contemporain,civalleri
arushës,aversa
desensifikimit,hca
vinça,sngerknaben
prindin,gyl
sajojë,liveactionanimation
alabama,vraga
pamfletave,admineve
orbini,kozmich
lufën,shkrepëtima
memorizonte,upc
sofi,alsaati
vulosura,eskilin
thespotëve,yzeure
bagerhat,milionerja
emirate,katafraktesh
takovo,thekëve
bursaspor,benn
bazëështë,syura
abhay,fokusohej
sllavonia,emperan
durhami,narasobba
monakovo,pomeroy
mccabe,angazhoheshin
engine,rezistuesit
numuri,balshiote
cramberg,sukta
frymezohej,pincetë
pabazura,maximiliano
mahaparinivanas,evitua
kongut,shpijes
kartotekën,oaau
safa,mbidozim
badenbaden,rrëshqitjeve
ishoficeri,tonsiliti
printera,riogrande
timberin,pasionale
hanshu,algjeria
gjylpana,pikëparaqet
casement,jetavana
pëgjithëshem,vrajë
spiunoi,mido
parakalojë,kockor
ndjali,veshjeje
plushenko,njëashtu
mistershme,nocht
konverturave,doto
graynas,shamanët
teague,vnissieuxnord
asfaltimit,mosqenit
klleznës,islay
kenias,interptojn
vetepergjegjesise,dhikastirio
zëmë,lafarre
okllsë,mushkërish
neutropenia,intenziteti
riorientimi,parodontopatis
sahit,botimetpërmbledhja
breydel,alanine
këputet,pierres
kënaqeshin,sandesam
serenatet,yiqu
stunning,boffa
krolit,kalërime
besen,pelqimin
bizetit,evangjelistë
mulosmanaj,rekuizitave
violë,jains
cetatea,srbija
gatuhej,tollumbacesh
afrisë,perrit
projektojë,nozze
konduktive,mollësh
natyrave,huvallahu
tuesday,roskoveci
omgjve,readers
tëburgosura,dexhallin
bashkëpronarëve,krkonoe
shqiptareshqiptare,orientekspres
krisje,eftalia
zbatica,odde
filçe,vlahën
tugjecit,grykaku
huamarrja,vetëkontroll
manastiresh,thirrio
rezmie,këputjet
funtionen,bisedojnë
biff,donstek
hanon,harperdhe
mnd,kempff
thesaurusi,stieglitz
tëgovishçes,ugra
rektoratin,padashur
përkatsinë,artifakteve
telivizionin,villiers
hekza,kopetence
llotarinë,senjorëve
lidhese,neorealistëve
pershtatjes,comte
akumuloi,rilevimet
sopiku,jodio
firstshtë,chrf
hofornbeam,vennemann
blozë,federalist
padisë,urs
imagjinojë,comunal
kreshmoit,kebbi
studenters,telemak
morfohidrologjik,leblanc
nagamasa,sinhalezët
kanaci,bajanit
greece,mengxi
perceptonin,vankomicin
rescuers,fillestarenga
komunikime,combi
varkëtarët,pirita
feminizmin,përçuesin
perfillen,grekopersiane
partisl,iller
emëritme,shegertë
hunnicut,bërrylin
ambali,gjashtëkëndor
përkapin,chinhatit
daoizmi,zbatueshme
sunetu,cenojnë
busull,meteorësh
ranch,arësyes
kufitarët,rutaceae
mirëmëngjes,gjynahqarëve
lih,jokoherent
sellars,ngushtojnë
hernia,qmendurii
hallvaxhi,mupër
cirka,norça
vrehet,boci
krushqarët,eliminojne
mathys,angelikën
bergman,maturuar
mrigadayavanamit,ndermarrjen
miqësitë,pafos
rrëfyen,arsimorekulturore
vetëreflektimit,jojen
balonën,kodik
pkbs,sokolnikov
leukopeni,nobël
links,botëformues
palmas,oktava
demokristane,nexhmie
bashkeshort,dëgjuesin
arkondi,haruno
mema,toudou
vrejtja,dunkirk
ëormstrojanët,estetistët
dottie,farefisnia
teresie,feudalizmi
mastrantonio,çërravës
domna,pandergjegjesuar
amfar,barangay
varfun,shtutgart
araboizraelit,parkota
marramendje,kryelesh
glyptotek,impresionuese
mcginn,bombay
rezistimin,alyas
antimaqedone,dolf
mlearning,empiricizmi
kefisia,evcen
burnett,prurjen
fizi,fletëpalosjet
zhjeq,përmblidhet
internon,eck
reaguesit,lagunaliqenore
treditësm,anteri
soifon,paszgjedhore
coyoacn,farmacisë
reaksiongrimcat,penisulën
zhupania,krahasueshmërinë
renovimeve,përdhunimeve
karstit,shetlerin
gaunilonit,mosmarrëveshjesh
iai,ageha
lojatrin,mohammed
burojne,yjedetarit
mësueset,croft
arijnt,supozohen
frieza,sistemesh
mirrë,xhebrailin
michelino,vuvuzela
zvirina,qortimet
kuantikë,kuptojeni
bëjëme,stallë
shemubull,rashince
almeria,appeals
louiza,chobu
disilicides,zgjatin
kryemistri,direvo
kluturës,legjitimuar
stn,statistikorë
tejkalohej,pleqni
rumyantsev,multimedias
castilho,login
kercenim,preger
evgjitë,humbësh
komaranit,optikën
regalisë,gadimës
rradhit,cecilia
endrien,policorë
baxhat,ptain
tempio,brendëshëm
kontenierëve,kurrikular
vërben,atllasit
vizoni,prehe
ripërpunime,gracida
pijaneci,venitet
jodhpurit,multimetri
gjyri,kleçkës
monemvasias,falchi
amenemhatit,entraunes
dongpos,bajar
konfirmojnë,visborg
udhëheqej,harkin
mirëdashës,përshtas
holivudian,qëndisjen
agosn,kontribuesit
peligron,dedushit
ndjenin,roiln
piccoli,sylejman
frymemarrjen,shkau
sëmundjennuk,krematoriume
nenshkrues,çdonjërën
fermato,kronologji
bjeshkataria,sung
ittica,fraksione
lengani,librarive
bdarieux,vorros
manoff,mke
merilëndit,memorjen
parashtresën,hjekun
leçes,kimikaleve
planetari,ndikumanës
nëndimensionale,dualizmin
ghega,martoje
godrikut,libërthit
sekretolitik,nagahito
gateit,konamamalait
përdyjavshmen,gjenive
fras,gëlbaza
shquheshin,varrosen
shtepijet,suhodoll
huadhënien,thorne
frëngu,reprezantuara
stergiu,vorontsov
babar,etalonët
stepën,sasanid
fidias,tatimdhënësit
lcaille,ritmikisht
vetëdorëzohet,talamusi
fbc,dobruja
montparnasse,limaneve
goditut,citratin
vlersohen,rampurvas
qënder,zora
squirts,coldest
roletës,gamal
gamabuntan,satanizëm
bojaxhiu,urtësive
crnirat,katalizatorit
uragane,komponuar
mkhize,jhart
armatimesh,kedaranath
shqipërimin,uleshin
mëngjës,përgjumësi
raxha,nuhaturit
mjegullëskirigakure,mesaoria
jeto,titullarë
njeriutashtu,nacionalçlirimtar
bukoshit,tarikat
llojan,milojka
vuejtën,aliazhe
shtratëzuar,turizimin
çmasë,dokushin
madelyn,manifesti
bibliofobia,alanya
parate,lisica
zbukurua,driverat
sodës,tremijë
fiorentine,asfiksimit
geraldinë,saransk
trajkoviq,honorariums
arësyeshme,jentojnë
tomizmi,kafiristanështë
indive,dharri
tallaze,serotoninës
serafimeve,hither
vezakë,kaverdiset
luisos,ekzekutivisht
baix,xhamise
nefet,shqiptaromadh
opens,insecticide
aktorial,trishtimin
nëose,narrativën
marcellin,farna
tatimpaguesish,shenuara
pierpaolo,alexis
aminometiltiopurine,vlushës
krakauer,jegunoci
anthropology,desam
kulturorhistorik,pritina
carpentrasnord,brice
dietologun,avitohol
sensibilizimi,shandorianë
krvavi,supernovës
kapërcim,briec
distafën,mjegullinë
oligarkisë,tatjanën
içit,fero
cds,heksagonale
shovionistëve,sadd
praverën,slash
glad,gënjejë
melekëve,kryesimi
elfi,mosoi
hipopotamave,ppna
rapsodëve,gjylia
hri,finice
ligjërates,garpin
petralba,konstantën
lakmitë,kakorit
qeveritareishte,admirua
opzioni,zhbllokuar
krusty,pikaloshe
hopf,burdigarianit
potetit,satavahana
mentaz,competizione
mrna,durbar
zelotëve,parodoksal
sviatlana,arresti
mexhid,pikëpamjeje
shpuza,ekoturizmit
salaha,ngjeth
alxherrah,roussel
rehman,kanacvin
litoral,petrografik
lollapalooza,evidentuara
laguiole,rutherfordit
bektashizmi,performohet
aperiendis,kancerve
plehanovi,mytili
pitonin,gogo
dalarna,transistor
proturqve,sji
fiumen,bufit
lichen,pretimeve
rgpl,haxheres
hipja,lavë
rule,koniunktura
astrologji,stampuara
altiero,historië
sputnik,moldavishte
chalukyave,elementary
qeranë,shpirtë
hapjeve,heksokinaza
alonsos,kerrusje
imaginary,vetëvrasëses
gjelbrimeve,flinders
chancel,linkat
heteromorfizmi,gorices
vdiset,eskimezë
llullë,violinistja
flamingove,rrenojat
iraklis,huayi
etnograf,durrëspeqin
drejtesise,përligjte
fshatratqytetet,landeshauptmann
univerzitetet,sod
panicherovo,pataliputras
magjistratë,mazari
jaipur,kocai
deklarojë,pashlyera
pershkrim,ndërmolekulare
koncertit,bashkëorganizoi
dheretoromanishtja,devis
nënfateshë,asgjësohen
cilëndo,albanin
nënshtratin,korteksi
palistinit,radiallahu
printe,shqiparë
pakontrolluara,lidere
skuqjet,muces
paknaqësie,gjeobiologjia
torrent,lugja
stripesh,rund
paduruara,shirazi
huliganë,lnqsë
helikonin,samudras
salver,hanbelite
atdhedashurinë,mujica
çmohen,maharshi
perditshmerise,rendësishmi
kinezve,rustemitkristaq
ponço,kolgecit
esterit,strukur
italianeve,buldozeron
fantome,garca
ndjekshëm,xhelozë
prozen,gjinisëtë
romanitimazh,valdet
kemposë,jashtezakonisht
kamzat,kombë
ambjentalist,lepa
murosura,pesëminutëshe
vetëvlerësimit,tbani
dnister,ebas
levandën,trashaniknej
santarem,toshio
etsu,galepsosit
elaziz,ngadalësua
perignon,petraia
yoruichi,irrito
dembelizimin,mosuneve
sarras,gomburza
sambuvaraya,kategorizohen
dekadate,pandispanje
greens,schank
rukai,llamarinë
kremtohej,atire
bahkuara,ëndërrimeve
labirinthik,tyrekur
vërshimeve,atërisë
standards,carrington
psikiatrin,kiprili
plotëduplex,turneve
adeodata,nenshkruan
ossu,protogjermanike
respirative,eea
ohara,berthama
aeronautikës,quneitra
kodifikimi,majtara
stillin,gardiner
gasperi,mires
hanumshahja,drejtkëndësha
shtangen,vishnugraham
dich,opcione
dulzaina,tiroli
gigaloader,reydanzotin
shkama,henryn
verdhëzën,demidova
tekno,footballit
muzio,emërtuam
fllokos,shtrimi
çiçen,passavent
osogovo,rosenheim
ariargjend,rimëshirimin
pilotuese,vdekjeshulumtim
grryerjes,bestit
brard,sabës
pashikueshme,galata
shorty,albshkenca
nden,nsf
khuraldaan,fratovci
arban,tingëllimi
basco,gjemimin
introni,equality
racionalistëve,beunit
plopu,radojën
ersted,funde
shformime,recognitionocr
shegëve,sharjah
shutrria,kembesore
dëgjuari,vështimin
vozion,perit
dardanci,fatalisht
eibleibesfeldt,iliun
authorityca,sofokle
upa,tabolja
huazues,ashpersite
vallemultre,karaçaj
daktilik,bouleau
krenoheshin,pgi
demtua,anhydride
theobald,shehaj
junona,rehatohemi
novartis,softuarësh
vervoerdsit,fluminenses
tredhë,vaksinën
yaounde,samerslen
lvsborg,autobusash
lauraceae,antoniu
etnokoreografisë,mguva
abkhaziane,pakupueshëm
nyjëtimore,kimpublikoi
cassel,fundamenti
indianeve,libravsh
përshkojn,viganin
polon,bixhozxhiun
tuohy,përgsimon
cinco,mjeshtërit
kilic,nkolonel
naracion,korrikun
antagonizëm,zinovyev
ndyshuar,repere
blegërimat,pjekurin
saneta,meparshmehigh
krenohet,sëmurin
natori,tupja
valanidhin,sheriet
polinuklotidik,tubës
panterave,lerthi
brengave,lukomir
cajarc,longobardët
caktoj,kompozue
bashkëkryetari,kokknista
silathoranami,shvillimin
lymier,abrakadabra
mashup,ishkomuniste
tregëtojnë,bashkëlojtar
hidroterapisë,paleonologët
aktivizohem,dhatu
pentekosta,ringritjen
vizualemotion,proevropian
ninës,amalie
sharrë,uvertura
fachschaft,ledion
pergenjeshtrimin,magellanic
heroes,pirndërit
substratin,kitaren
fshatarat,afshi
horvatin,nektarivori
antitank,gjyrishec
uezlin,mëkatojnë
flybys,torturojnë
italikët,panchakoshi
stranski,aschan
mësynë,rotolo
kadukut,chesë
kaal,tilak
kaltërsinë,bugu
kastorit,vishegradit
bmz,ferrarezë
fianarantsoa,sallalahu
sequence,lamivudinë
paryaya,lugtëanije
intervenonte,hipnotizoje
caminantes,clots
brandons,metabolitet
ngrirjeje,arkhaios
mashtrua,kompasin
enzos,aranda
debbie,fortitudos
komplek,penalizimi
mushti,drugët
sikionin,zabelet
shëmtuari,sperdredhjeve
gametofit,prospektiv
tëfavorshme,kultivarët
zadarit,dozonit
gertler,isochoric
idealizmin,ffksë
heptakordale,thundrën
pompave,bijel
boaziçi,laptopë
skeçe,prytanit
përcaktuarmirë,salona
jashtëbotë,arbinë
iiita,freenin
fjalëpërfjaltë,tepërsakura
asinkronesepse,snajperin
klturorë,fundem
maxhorances,uavët
tolerim,rotkopf
ramnagar,kruajtur
ëngjëlli,jabllanoviç
mbijetesesnglb,licks
kujdesje,rrëmuen
justifikueshme,shoshana
squaresoft,remembering
leckave,stava
drivastine,përfshije
contarellit,passignanos
iasc,pisqollë
benchley,mberrijme
kamboxhianë,toefl
hemaglutinimit,coleti
standford,supersimetria
aegyssos,dhendër
hautes,buiqiza
beutin,nollau
gaytenlgbt,qeverisurit
ekskluzivitet,hirësinë
fabulative,repubblica
retooled,flejë
novj,regbi
demostenin,fqinjtë
manifakturat,kamotshme
tregëtimin,kryekolos
programua,karrocat
viganeme,çamçakëzi
michaël,borzilokut
raciolanle,xhudoja
libertariane,friedrichshain
ahmedijati,hagglund
rishtypet,pansofia
zavkia,plochingen
muavijes,stahl
mbarështojnë,hurtault
muavije,përkushtimore
shiji,pellgjeve
taxatsenat,dekameroni
transgender,shkoderlezhë
soprano,sqaronin
garancitë,balloja
luajtje,arrestuarin
rrokjeshe,cascade
montanën,zbavitë
gabinius,tifoja
divodas,konsullor
pkerman,almighty
antarktikut,dukagjinëve
taqit,kalohej
coolsounding,punched
klotilde,detarët
kulminacion,idhtar
liçensë,lirez
concertante,përpiluara
peshkopëvetë,bashkangjitura
isç,ilirobiblike
sintaksisht,coupole
nteni,klajda
guayas,bloodah
biogrupi,antiintelektualizmin
pesështatë,shqetësojë
leuka,stories
çaku,gjrdanë
yamane,osjek
lakre,dysforisë
politk,intrigë
çetirin,yazcolu
koby,polifonik
kercimtare,prospelatëhelotëpenestë
myzeqe,teachers
doohunin,cilësdo
zinsou,eufratit
paralelogramit,shkrepjes
portugalishtja,idnetifikues
gjysëmindustriale,shpëjtësive
thrrje,problematik
proklamatë,ventresca
havelock,kursimit
caquero,eauze
ngutësisë,vlushe
champignysurmarneest,laxmibhait
riedlmayer,hbksë
ncsa,galiçicës
turbullire,skedakosova
tyren,siperfaqeve
carmelita,fuqishmepër
kundëra,boob
demplua,kosistente
katekizma,joduhanpirëse
xhanbirdi,partizaneve
lean,sterilizohen
dogjen,përkushtuari
kruajtje,maoizmit
sqepë,mnyrat
medvednica,ndokujt
beauville,kalvertët
rëzimit,kodrinoromalore
sanchs,hygoit
tetëdhjetat,njëtrajtshmërisht
bombarduesve,matematiko
brumado,verlitet
viverravidae,fyenin
eftimiu,eskomunikonte
ptolemeun,pampa
substrakt,chevalier
ashtusi,çungut
selmanallarët,sviatopolkmirsky
mërkurrian,pnp
avullt,imbros
vaginës,gjysmëmetale
sugjestionet,politikoshoqëroroatdhetare
meharde,papërsosur
tarracimet,udhëkryqit
pararomane,indvidet
klerikolaik,atropa
argjentarët,diferencuese
ihramin,pashoq
absurditetin,fransuaz
anarki,herbstmeister
tërës,labile
mveshur,skllavopronaria
tridimensionale,mgditë
pratez,fshesës
merasë,columbariae
almanac,frymëve
vizitorësh,hadërgjonaj
vaisakhi,dotatului
trucy,shkembinj
batjar,fustanet
kshu,hekurnikeli
rishqyrtohej,hagfish
përmendt,pocock
hanllëku,penney
furnizohet,heshtte
hipoliti,gjithkënd
telos,ishadmirali
përputhshme,papagall
paidnetifikuar,drejtueseve
parkim,përparojë
vërejë,votuesit
përpapë,kontrollimin
rafik,comunale
burojë,çika
dueton,mortin
piksell,trasmetimit
mergeli,kabileja
mërzisin,bondurant
cini,besjanës
kreshmojnë,garudaje
castelnaurivirebasse,kundërshtaren
modernistët,kreshma
platorit,ptolemei
edmunds,kolyma
khazar,dashamirësve
udheqes,dili
telefilms,raiko
vulcan,hrsg
gazetares,vandelli
qenjen,umamaheshvaras
aknz,manifestohen
otolaryngologistskreu,rendiment
uvaj,nënkategorinë
bartokun,hyjlindëse
qëndrueshëmpër,kompedicioneve
kërkuarit,suspendojnë
rënët,pleistocene
kasafortës,lhote
pleksur,pjesmarësit
egalitare,lamaiste
coretta,fiziologjia
gatishmërisë,perico
doflamingos,përqendrime
uglare,zanash
plnaca,vatanin
vijimësisë,harqash
mbulcojca,steiger
exhel,sarisalltëk
shkollëleigh,tekong
anëcakun,kuku
zaak,mjedisorë
negociatash,galabrëve
foch,muscatine
sunbathing,rivalitetin
oddo,prva
shkalles,fishekzjarresh
fanatizmin,themelojnë
vlusha,perisodaktilët
gorare,limë
obrenin,censures
tjegullës,peruzzin
deportuan,mahayana
starkenburg,rifaktorizimit
shabak,moso
krushe,feneloni
mbipeshën,andromeda
vrullime,saverio
qefalit,shëtitjesh
shetite,monoural
mirushë,tërhjekur
arabefolëse,sahana
animizmi,qenami
helikës,fushëkrujë
corsaire,huayna
herausforderung,ljudi
commonveltit,kullëza
demokriti,softverike
parapërgatitje,pansophiae
miropolit,travertit
vllehve,genlux
simb,kolombos
dukatë,gdask
lëkurëve,skulptoret
pamendueshme,asdvadzadzin
agllaia,menahem
ngurëzua,qudit
progresionit,joshtëpiake
sikletshëm,komentin
manometrik,ushqejne
ehemaliger,cortexa
nazistet,brendshëme
sinagogës,brauron
frutokulturës,dammam
propane,birmanisë
horgan,cavalcantin
muzikantet,pups
legjislaturave,lundrimore
bosnjak,hugarezëve
gimmicks,njimendtë
gorilla,parimor
zoriçiqit,banditat
keqtrajtimin,volteriane
parandiente,zbutjes
irrealis,letrarostudimore
mitchum,postblloku
votre,gfve
mallory,etruscus
daltransgaz,kriminalitetit
dyke,parakolumbiane
konsonanti,klinën
heimkehr,katundishtës
nikushtak,bircher
florian,gramata
fmpsë,buble
partiturash,losirët
kadme,zabuloni
sringeri,gardërobë
kaledonianët,shlyhet
marijuana,përziehen
anarkikeveprojnë,fragjile
klivlëndit,liqenesh
xhenete,myqëbabës
zëdhënësi,ardhshmi
muhaxhiri,skedadita
troyes,virovës
mozaike,gorid
kriminalizimi,saraçenëve
harcburgitet,kancelare
ningy,galvanometri
stichting,gojli
parimve,baraspeshimit
praetoria,vimalakirti
brigitte,icem
grampa,danbo
areopagiti,vertebral
onasisit,cmara
rekrutonte,hebrenjeve
ulysses,edson
raigad,xerxe
sistematizonin,gjeopolitikës
urimori,zdravkoviç
oborriqytet,craniate
organika,poltikanët
eckart,ninullat
magjistralja,florac
fortifikimet,fotodioda
ataenë,trapattoni
madhështoret,fotokopjues
skanderbun,motërat
vrohonapara,njoftur
interesitose,rezistant
serotoninë,boce
samurajve,përcaktmin
yte,aeroplanë
aromatizuara,solange
mostruar,implementimeve
hiromekai,ekuipazhet
theodhorit,gjerët
eprorëve,llacë
namespace,mësuesë
tabularasa,bouchaud
komçave,përmasës
pikëtakimet,pandours
mamase,everglades
strahovit,piscatorit
rregjistrohet,mutaito
karaosmani,sundoshin
audit,loutro
boltoni,zsena
limak,trik
skalitën,rsaja
eklesia,krionikën
bidatet,kallezuesit
antenash,xhurdia
ajorritet,denjitetin
noyers,ndryshonim
array,arhiepiskupova
denizlispor,bashkëjetonin
sheshxhirime,gazësh
kapitalizim,daorsonit
probi,taggio
emrëtimin,vullnetareve
lah,bersetzt
faltoreve,shibuyazonjë
dekodon,ancja
dickson,lkt
krab,neeskens
ungern,antagonizing
aritmetikani,kruajtja
vobektëve,zinku
damla,dushk
arteriosklerozës,basojne
arvind,xhips
cianobaktereve,iparhi
cmimët,republicae
fallsnë,profecie
foprmuan,qarash
nexhmedinin,komikstripit
bardhani,racioni
aspironin,pjellja
ndërgjegjësojë,paidentifikuar
nëshkroi,ramesianë
zermpsia,ushqimorja
anticorruption,januzaj
planetore,chaissac
shazie,camie
makusha,afektive
vize,maltretimeve
nxenin,dialektor
rikën,balancues
yg,empirizmit
vonoj,jetësoi
ihosy,arbaxhinjtë
annes,judenj
arrorët,canadian
ngulfatëse,periodic
derdhin,mkptsë
destan,dëlirësinë
hachiman,momentously
fmuth,pelqejne
kënetat,dollaresh
zarije,afatshkurtre
papadhopulos,kosinë
saveriane,mekas
zikaltër,dibbell
kallet,munaiyir
domeniko,bjaaland
satanizmi,ekonomin
zejmen,kustomizuar
mbeshtjellsi,mbrojtes
orteku,datonin
plektrumi,uthmanit
informatics,kalkulimit
tregue,zimermman
disociative,nasadiya
hidrolokator,ndershtetrore
gëlqeroresh,botanistët
linac,konkurrenceve
fjalëshumë,ekstensive
arbois,randesishem
fuiçit,benito
cukun,klinikes
rajhshtag,plasmodiofora
minkëve,gynoecium
futuristike,eckman
arminia,amplifikator
mesonychidët,dergjën
bezilarin,kundërosmane
thyenin,tutoren
riprovimin,poarevac
verzionit,stonington
marishta,eksportonin
snk,spanjolloamerikani
deliu,gilliam
pragmatike,skandaleve
hixhrës,nistatit
veprohej,titutujt
timpery,shufra
supettan,sahiti
zayas,sive
dezertonin,lëvizurit
vërbjani,pastajfiba
ndëshkimeve,protobaltosllave
stadtkroneost,njiohur
ndërmarësi,rojtarë
solloturni,sishqetësim
konstanze,agglomeration
feliupër,cobblers
nukleoneve,elektrofiziologji
refuzoja,prodhun
rrjeting,cattaneo
gabimti,harddiskunpasi
rastesishem,zbulesësshfaqjes
diferencueshme,ragny
linku,goshincekumanovene
synesius,modifikimet
londinez,antigjeneve
automatikë,çarraniku
kërceva,metamorfozën
dhjetëfishin,tarsierët
kequshqyerjes,andaluzi
modernepopullore,tute
esterhazi,zgjërimin
cruzerion,ugaritit
parafytyrimin,shoqeronin
vigut,nepxhidou
bqkja,evitojnë
arsenalcom,leta
mastrubuesi,barrierën
kureshtarë,philolaus
musikalitet,pignan
licencoi,djersa
domeniku,gjeopolitika
fabjan,përvluar
pazëllin,torturohena
naltohet,zhvendosnin
çerkezët,pedofilia
nënshtroje,hialine
parapsikologjisë,kastratasve
elektrolizës,siçiliani
restless,diferencimesh
oronikut,erhard
çendlër,klandestine
gjitëashtu,dobrolishtpara
insekti,stigmata
hoprta,menaxhuan
born,gushëbardhë
bashin,dushet
rossettit,ancylefranc
hakiu,uzbekistanas
depozitonin,guvernatorë
ndalo,aldolaza
piatkus,vb
cicero,konstruktorëve
dendriteve,kushtëzuara
shëtiti,elekrike
menlo,innsbruck
shejës,ulqindurrës
pasqyre,rozën
hunajnit,integruese
bërkovac,shkretuan
burgosnin,bugine
ankete,rrjedhojat
kocken,arad
haçkaj,qëmtojë
kondensohen,rivalizuese
luajne,rrethprerjes
cenueshëm,brnia
bullizmin,poroj
katipunan,sahitya
guilln,frenash
azerbajzhan,respublicaal
enek,fundverës
iaki,lua
autnoma,camak
olfaction,rekrutët
lajë,kutcher
llazarit,miftar
foxi,ndotim
dongjakgu,tëpor
kodon,doles
frengu,gregorio
hodhë,matshëm
pilotonte,kagan
fotovoltaikë,tribune
noteriale,trefazore
baldur,hajnsberg
yimou,perlën
tkurrej,rimodelimi
alves,assemble
librër,dënueshme
ndalonjë,pretendohen
rrafshim,pyllë
kollonadë,corradi
mitokondrite,erlitou
chelsean,kornet
kolosianit,rrokur
konturët,hadriani
komillas,eurotyp
erineve,vukovar
korruptuan,zemërbutë
fascinuar,rehatohen
postproduksionit,albanaca
hopajt,danger
karpagambali,hiperfunksionit
coronado,bona
cimabues,allahland
hitachi,zuçev
dyqindmijë,otvori
hisarlik,bisneseve
udineses,aksesorët
ekstranet,venizelos
bokshiqit,mretes
getia,promsin
anter,ronela
mbin,kumulative
skicaportrete,vlosh
cherbourgoctevillenordouest,normalizim
kantautorë,bejbi
undervaluing,dorezoi
nagri,rëndësishmin
anëtarësinë,zgjebes
çndjeva,arboni
pambyllur,petëve
gjuhësisht,kulin
meningjiti,energjiku
argonutët,natangianësve
kapeni,televizorve
kardelji,immunotherapy
romantikisht,rombe
reductant,ndertuari
reshires,khazaradze
shtatezani,adrenalinë
grobnajes,buddhismat
dokoraturë,vojnocit
canios,sineater
vojsaves,ishrespekt
arkitektonikekonstruktive,radiodramen
shamolli,badeni
mishëruara,kallaj
tesser,rakitis
zhabjakut,materlesh
dramaturgjia,dtyra
kajsit,adl
jyotirlingë,sinpi
ligatina,disidenti
bionika,arësyeja
ullishtave,aldehide
kohorbrenda,statuteteve
lezbie,bajramaj
qyrsaq,krasi
zyrash,kosare
çelsat,sibel
komplikuese,lucullus
kapitenkomandantit,ligjshkeljen
frikëshem,antiserbe
lulëzoj,vjetërsohet
nepalin,kërs
efektivitet,shtroheshin
chandala,levi
together,mbizotrojnë
kërçovarë,bambino
pasionuara,antiinflamator
ksilografike,ekzotoksinave
mersine,deftore
gjitareve,shiteno
razumkov,strehime
kundërsulmit,protoindustrializimit
mansle,tetovën
plevnës,shpëjtësinë
qepiqëve,kaptine
intraqelizorë,shqiptaromalazez
syreja,trunë
detectives,labem
kompromisin,incizoi
sinteizon,amiljes
ramcharitmanat,konteja
forschung,veterane
bridhnin,payne
ishit,orientalë
lash,chirollesouest
mbretëroj,përmbysën
përtërinte,iliret
bonuset,culinaris
ndryshimitpra,llogaritar
hediye,ekuipazhe
premisave,mbarues
norqa,mraniye
presleyve,lezbik
adreno,brendesine
konferecën,aspect
moshunj,ndihmojme
makrofizike,altani
prijësin,faris
bordel,shaptahu
qujatur,offenbachut
çetin,niponin
debitimi,mridës
orbital,zharkoviq
malcorve,andullah
bashkëshoqërohen,verbuese
supermerkatës,njohej
mosvazhdimin,veteranët
byrokracizmit,sintaksen
septem,vyazma
naçrtanija,sindorma
xhides,laden
reumatizmale,nymfeum
kapllanit,partishmëri
vallqi,nënpopullsi
biznisesit,jashtezakonshe
autobuzave,sopanamargas
knsoli,koreografisë
melikshahut,aisslinger
bmi,jiftika
kleftet,mirëkuptohem
podujevëdy,mbulues
efa,anticollegio
specijalistë,ekstrakte
invaliditeti,ciganen
ericsson,brohoret
konsonancës,rigorozitet
nagel,këshillohej
ushtark,kapetanit
peliziumit,lrike
ueda,vazquez
castellane,timaeus
hanlin,antroponomik
padefinuar,brienit
xheksoni,heterogjen
fatoni,sofes
vaksinuan,kruese
liveit,hesiës
otitis,paraberthamesipas
ortodoksizëm,këmbëshpejtë
hollfiltron,magjepsura
superfansat,rrokopujës
preying,saintgermain
filipjadhë,konservuara
kamchatkan,rrinim
larisën,shkëlqejnë
falës,distancohet
gjakrat,balasubramaniam
berongu,kunstseidene
tad,gnash
përfytyrojmë,miclosich
pelare,fotoreporteri
kliniken,doreshkrimi
xhonson,akordimi
abonues,teuhidi
lombardisë,shkëncës
spiritualen,msasë
pranusei,vaxhib
selinos,tëprocedurave
komponentat,xhunto
ukaeshte,sulmete
çajld,mamaje
guipavas,mallah
ingranazhi,jojavanese
tronditen,ftohtësis
palta,shquem
predispozitave,truprojës
kretën,upadi
rroket,skënderin
isocrates,kërkuen
majjhima,kongresional
marxit,pelikanëve
kostantinopoja,pranove
vjellti,çautsuja
sverige,kafexhinj
xhentili,prepubertal
vogliçi,kadife
iridiumi,bashkëpronësi
ponor,albatrosët
vdekën,hasjanët
hafkin,vetëkontemplacioni
dlirësia,vertebrorëve
mertirin,jokonsistente
njerzorësi,eksklamacione
aziatikeamerikane,isao
azhanicë,bolyai
jeniçerit,timbers
financonte,artemoni
saiditen,sfinkteri
klasifikuan,hiroyuki
thomari,enveristet
praktikash,bold
kontrollinduke,rrdhjedhës
bsg,hashid
hisja,rezja
metaksës,ftbol
trotsky,lagjeje
lehtësuesit,sponsorizimin
hipodromin,detaksim
ngitur,ermenji
menaxhonë,barillit
madhtani,bealta
phitecus,abuzuar
squfur,mënjanoj
serbian,bakunin
pavionin,cangonjit
paler,triniteti
cilesi,pikënisjet
dijshin,muzikorai
motoren,ujmani
nevojen,neckar
astroturf,giendet
nehat,thorburn
baselstadt,idziak
beluli,palzmodin
chaingun,gabueshme
allotropes,turpëshme
përgatitëse,lugët
yates,kapëset
goditët,hinayana
reinhardt,falklandin
albari,granivori
feltham,denoncohen
yuca,traina
suzerenitetin,relacional
udheheq,njëpërmasor
shumic,namibin
taulantët,përjashtohej
antarësh,meksit
oratorisë,ngrohet
përfaqsoi,rrethine
aristipi,rraboshtën
makals,kharavela
kraterin,nemcës
radmila,hardhucat
toantit,perton
konspiratorëve,hepatike
blerta,hidromeli
kryeqytin,prapavi
encapsulates,persekutuara
mospërfaqësimi,identifikosh
skllever,falkonëve
monofosfat,aleutët
truprojat,argent
faceoff,etnitetit
umibozu,hemostaza
bijatolen,ndërsjellat
teknollogjia,vijueshmërinë
antheny,antonios
muzikeanimacion,piratik
kundruar,kendshmedhe
bigëzimi,këputen
bllokimet,alfeas
peridotide,sullivan
anje,vallipuram
grashtica,qëllimshmëri
republikanin,koungou
sajanët,tetri
brava,stelet
belës,alixin
fillores,fonetikisht
shnjoni,humber
translokacion,sportsman
vlejtë,hackers
endosperma,zbardhon
proteus,khordadbeh
vatras,souliotët
mirënjohjeve,ndryshimepor
ofshamë,esordienti
mekanizuara,zune
gjtihm,sheenjohn
përligje,demostratë
artritisit,turqishtfrëngjisht
fluidëve,muzurovi
avokadoja,erebarës
gregg,zhive
mbështëtës,barilaç
bezmosht,nkmdlnjsë
guretsudouest,campllonch
veronica,shtrembërimin
tregojuni,shishëm
godo,ilioiliria
ripushtimeve,joformal
prushimë,përshëndetet
elxhumua,tezgës
shtes,gjuhadoli
degjenerimi,plugandplay
karburante,monofilin
object,atelje
dobine,thjerrës
vjetet,gualtieri
veve,zotoheshin
mësimitdhe,urrejtës
bonitetit,plotesonte
gufallën,mckenzie
qimeve,marvit
anuara,teprimeve
fulloreni,pozojë
ministra,çasjes
majan,doktrinat
brëçkon,voltica
nderrmarrjes,drdhjen
shqyhet,rong
kembenguli,fekonduar
qarkullueshme,arnën
pahlevi,yliopisto
simbioze,vashoe
kamorrën,mitropolitët
resinoc,trotskey
lazaj,bernhardt
malësorve,koruptosh
përafrimet,facchettit
golgotha,shkurtesat
contandin,kamouflazhi
apples,kalkulatorë
ridëlli,elhavsavi
memluk,fjaleve
ilga,kriminalë
eritritit,morals
lilian,humusi
madhvacharya,geminuar
ullinjte,kundërligjor
banorës,platonizmin
hasanaga,rmb
milacka,sexism
drejtimiet,qeshibesit
manilën,barnatoret
dedikon,elrrahman
inkluzicionitqe,ruzhdi
muslime,mësonjëtore
lançimit,hokages
ethograme,rabi
osmanishtes,autobusëkarrocë
përzienin,cecius
daos,profetet
ohiggins,kolombon
kirurgë,tukaçevskin
suippes,joannes
tnnollunat,kievskaja
oea,belloc
highlights,kurrizorepk
chilterns,elara
jashme,ngritemi
nikoqirit,efiçent
antiinflacionit,zaleski
kostant,lamija
outreach,mbarëstorin
mehmedbeu,maksilare
nederlandse,mikrotoponim
medie,lulezimin
ivanin,trebuchets
burojës,bourbon
ghalghai,bernhard
zlatonosna,xhindin
endoflagjelë,mercian
hidhësi,pamplona
metriksëve,bone
ballkanologji,qytetnueme
nahavandi,emetimin
plakesh,kthyeshëm
colchians,supermarkete
shkepututra,gazo
osogovës,etill
qerthullake,brunsvikut
celularët,gyt
uluni,mercenarësh
atalantat,kacanj
ligatinore,rrafshirën
jurinë,briskat
tkurrën,leviz
barazpeshe,bird
hudsonking,kaktusët
sanxhaqet,barroco
bektashin,vështirësit
palpitacione,osmanishtshqip
zijunit,deborë
vosges,boksh
depozitohej,rabinë
mynhen,almanakëve
kryekënga,racionalitet
platonistët,gojdhëna
arkitektartist,gy
mbarështruar,logaritmi
viivi,sedona
ishpronar,ujerave
bilbilave,përdornim
pusisë,peri
neman,nektanebo
botulinum,jouninat
supër,fuzioni
alkaloidët,cova
intervenimet,evenimenti
çrrënjosën,vinayakan
fajshme,xho
përndjekurve,designer
anglofolesedi,padisiplinuar
shuguruara,mjeshtria
naseristët,monoaminokarboksilike
rogoçicë,transitor
dalmacija,autobuzët
prapavepruese,radarëve
hamendësua,roriz
jiading,hipnozën
bashkëpunues,diturve
alevra,immoralitet
mospajtimet,sirventese
prekoturovii,poros
rëpijta,margjinale
gjakoviqi,vezake
oblastima,rikonkoheshin
tomisllavi,kambatishte
koty,buletine
alxhavakit,andin
fraccins,leah
liteshtajni,merkatët
golan,brahmanit
përshkimit,mollëmbla
fenomeno,leksikonin
schonerer,vasaloppet
alterntivë,dun
tatzatin,gremnikut
etiketuara,streptococcus
mpeg,zbrapste
vrigëllimin,rollit
pastroheshin,pritchetts
lejoje,kuranët
topullit,arhivat
vajzes,protestojmë
soderberghdrejtuar,orvinium
surry,amnistitë
kriptologjinë,decimetra
thirrmore,bediniarmendy
çerekësh,përbindshat
haseti,marenzios
kolonadës,lak
arkadi,pasqafa
fene,rruzave
violinisti,mishërimit
ukrainizimit,dsp
shafii,alyattes
aanalizat,thiruvilah
triomphe,skalar
philipp,bertolini
injeksioni,cerek
rere,gherdana
teqbiri,furçës
melodramën,yjësive
gjinekologjisë,riaplikojë
stineve,barbarisht
jahaj,damanit
jastëk,salvarsan
lidhëmeria,hyrese
kerçës,morgu
empatizohet,mbrema
maryadas,redknapp
gjekolës,lithofayne
alele,saintsernin
altokaliforni,pashmangshmërinë
multipartite,rajonalstrategjik
akorde,sesenheimer
postuese,marquion
konstadinopojë,domenica
plemena,clingeldael
temirtau,drejtuesen
trasenë,shumëngjyrshme
zhari,procyk
krimabve,mesvres
adhuron,akrokerauneve
bërçec,dërguese
mjegullt,heritagescapes
efesianëve,burgh
preadoleshencës,ekzagjerojnë
këndonjëtoreja,domartenponthieu
azbiut,tupai
medini,asnjeher
falkirk,arriturave
meningjit,kalingas
barros,leones
abullah,jilin
patronimin,nevrikosen
tregtarezejtare,iniciativ
friburgut,alokues
kahrom,fantastiko
bërrylave,nudo
hogr,ibro
sholla,themo
quasiabsolute,gonxhi
marshat,faqegri
ferat,arshiu
drogbas,pilositpër
siddhesvara,chishi
araujo,kishotin
hakmerren,gothenburg
shpëtoipor,froylan
tartuf,eskishehirit
toponym,shenimeve
utva,hafuz
barbarigo,uzbekistani
ndjerës,mullova
konstruktua,sprovue
glasinacit,rekreacionin
ilirian,xhoja
shpërlarjen,krispin
mahsisuramardhini,esnaf
lentulov,prouvais
skarlatina,civik
mundsi,vindstor
autostrade,laureatja
shoqei,peraferisht
dajkaj,vzelay
rikombinohen,skilaksit
filatpara,bibliografikë
pajtonte,vernam
mbrojtësën,rrobës
elku,dragnon
trenova,vashave
logjistiken,filocoloja
rihyrja,antioniou
njëbrirëshe,zijadatuzzijadat
nordisk,cittadellën
tropicalia,palafit
kajoshëtvatet,lëshuesi
skifosi,oragnizatat
extranet,diela
trainimeve,arkave
russel,pietra
opsional,përpikët
kafje,binary
aspectspositions,chersnsos
imitimet,praktikimin
goce,lemhi
yb,rilindëse
peptostreptokoket,standiford
mohet,kaingang
fechner,sunderbans
kontradiktorialitetit,debuton
tjetërson,laber
rashkaj,malokve
rrunës,ndërtuarit
qendral,butdan
dispnea,përgjigjes
met,filologe
bassein,ludovikut
olynthesit,trn
xhymt,trekëndsha
shtëpishkollë,ryshit
vetërealizimit,velerianen
tianës,msnz
mborja,iguana
kremimi,celer
birdman,tropikut
kardeologët,brier
thjerzës,shoshë
salezian,youngs
vijëzuan,amigos
probatinit,negros
xhelalin,mirie
turkomanë,kanu
fushëkruja,ndrikull
arouna,trabzon
përsoi,tiroksinës
nazianz,mihirakula
chaco,bashkangjitej
automatizim,griaule
lagnin,esl
hezitimi,gangsta
shtiqnit,psevdoshkencë
bosni,ultramontane
arbitrarë,takarai
azbe,vampirët
klithmat,laterale
muzën,bekir
drobonik,granatimeve
sonore,tritueta
kalamendin,staaff
errtë,psikiatria
urgjentisht,kirurgëve
kalla,popullacionit
lushtën,paretin
tromboliza,sindromologji
kosaçë,hetimesh
industry,titanike
monsunike,ludit
alpaka,dpikë
hetuesie,censorimi
frigjian,krimbin
commune,sendin
strato,vrtets
omnidroidsë,azahara
kmqyteti,azimut
breslin,lojalistë
pleniumi,anashkalohet
çerekfianeln,follorinë
shgi,ndertimi
karakterizihet,hipokasaurusi
metallikës,specialë
polimereve,ndihmuesit
korybut,komandave
bhikshu,urne
maximillian,kapitelin
rrezistencë,kabuton
arabic,moris
sadudinit,fatëkeqi
bizzi,diturore
komsomolskkhabarovsk,yah
tropu,proteazat
hinamori,leksikale
anashkalon,pakënaqësive
prpmsë,glnu
nederrijn,hyder
tërkuza,çekuilibrin
politano,rishabhan
snderhyne,obini
lenieshënepremte,jeanlouis
jukniun,shpalosën
posedohej,lappiness
zhengtong,hedhet
kaliptër,skuadrs
usif,analogjisë
zhanresh,triere
borgjezinë,eurozona
karrigë,galleria
pseudorimanian,kiliki
mendjehollësi,zephaniah
tdf,hipotetike
gavriç,patriarkanë
detyrosh,literary
egjiptianin,pabarabarte
karakterizauan,mëshiroftë
parkes,indentifikon
badherës,kembana
bendtner,shikojme
gjylja,faktorizimit
ternysorny,rheinau
tiguacuna,acars
renët,kalivaçi
cvp,imunizuan
konkurseve,qgis
balllë,metropolin
milionndërkohë,selefistësh
metriku,conspiracycom
motaro,ngacmojnë
botchame,borgjezorevizionistekjo
flame,vairocana
gravelines,guerrilasit
investive,bulave
makroekonomik,embu
vox,burgenses
allende,proletaret
thehet,koklea
hipjes,iehova
nosas,isobaric
suneni,antiopozitarizmin
adonai,shamanik
spektrat,rachelle
definition,ndëkombëtare
gallopin,ather
hadim,qeverisësit
msimi,fyr
jugoslavisë,ecevit
përfaqësive,eminente
idiografikë,dekstop
ndërfaqeinterface,bixhozxhi
homeopatike,përkohshmja
gadsden,sokratike
tangents,pelionit
kasarit,gurunë
marodrer,deficiti
thekën,detyrova
leruce,gyumri
augustini,perdue
idhnakë,prishtinëpodujevëm
neutralë,arrestim
oreilly,karlotto
idealistët,thatcher
shpla,gjthësejt
zabrifanini,transparencen
sdb,sinkronizuarpasi
sovranët,njëzetetetë
milicitë,errshëm
aqë,vjetërsirave
malbardhë,çekën
neutralizimit,sociologut
kuqërremë,laktacioni
invictus,përbëri
somanathapura,tolgahan
manikarnikeshvaras,nënprefekt
integralit,arkanit
karbit,etnografët
metelkovës,parashutë
morosini,norga
ramalinga,banca
buxhetor,fshatarësisë
automobilësh,immenstadt
kryehershme,mbishkrjim
elnumanin,paqëllimshmevetëm
rivalitetit,loreal
hudhur,penzoionua
humanizon,plishe
lumturise,asimiluese
gura,përmbysin
omajad,prognoza
nevojtarët,korrjet
bezistanit,orekseve
svatthit,khas
perkusion,drum
ekuivalentë,inkurajues
greeley,xhinah
fitueme,telecoms
kopernikun,tetancion
gjokutaj,eec
mennonite,ns
addrr,pellazgjike
bërzeshta,boxeri
avimukteshvarës,ndera
gjurmojë,pasukseshme
kishëza,chhattisgarh
mosprania,histadrut
kageyama,qoshkun
gradashçeviqin,asistuesit
neuillysurmarne,mbijetese
haxhisëbraconj,vizionar
koministe,vritra
kaftëzi,sanitar
pigmentet,falklandi
atdheutpxvitet,jejunumin
orientime,pentest
prusianëve,adami
scherrer,karnegie
mobi,merlinit
fjalështë,pëshpëritur
triglifet,veçimi
prurës,orignyenthirache
deriçkë,barazime
crocna,konverterë
shtambë,bacileve
ritrovar,fillot
toges,detektore
hagridi,vepruat
sinnico,baranjas
darabuku,handan
kundërinformacioni,kengtare
ceremonite,ilirica
rik,jaeger
adoleshenten,chiefs
shkencarë,përpunimet
autorizimet,hidrofobike
rrym,falsiteta
kharteng,vdekjeprues
margjinalizimi,peshëmbajtëse
malacaan,transilvani
ladinishtja,tarsyetuar
inovativ,simonidhi
kx,shfarosësit
debatojmë,dekorohen
paleologëve,steblevasit
elhadiut,pezmin
isbnja,hesapet
tijvlores,financimeve
magnell,yam
pacifizmi,mbulojini
idkartën,acteke
kuqërremtë,boshllëqeve
indipendente,algeria
riaktivizua,dagestanit
vellanë,fituespor
osja,melaneze
pagny,njala
producentëve,supermen
michelin,mudallis
scindia,yerkës
indentruar,kurshumlisë
valais,valery
elter,etibank
pëshkrimin,fonet
nella,qelloj
falmerajeri,mëshirona
uizengamotit,diskriminime
ribotoj,forks
poshtër,kërmillat
duktil,rubus
shumciën,thunatëve
rfs,margaritarët
ndertimor,rrotullojmë
meleqja,treditor
temali,shoshone
zublua,portretizojnë
glicemia,korrektësinë
akadiksin,sekretju
deliaj,mijëravjeçar
rezultativ,ndjekësh
chteauneufdoze,mazrekut
përkujto,hapsirëdhe
ilaqeve,sehzade
mbimbushur,uest
selasforit,vertically
apset,epiriot
kuranihadithi,përshkron
afroditë,mbështollën
vitican,dravidianokeralas
iskconit,adj
ngecin,automatizmit
schools,yonko
gandias,shpezësh
gjobes,perdhese
dythundrake,papajve
herdheve,sinapsat
emertim,titulloi
imunizimit,objektë
brirja,flokun
ujqit,commercial
frantiek,isufajve
quillebeufsurseine,pllate
hidride,akronimi
odors,zelig
shnta,hangulin
ligështuar,nemsi
sperber,badadeula
goliku,antonion
kamuflazh,shkollve
karanxhasin,crregullime
ittihad,atësinë
tails,kallos
fushorë,beretat
netori,staduara
paralajmërojë,serumit
qas,victoriaborg
mbikëqyruri,patronizuan
mikrostrukturë,barcës
balsamosura,kozhimën
fatlumi,përgjithësime
tymrat,tradicionalizimit
përkujturar,sleksionimi
rekordlabelet,zuni
korrektureje,figures
viviseksionit,zagorakis
serkonvertimi,rafiki
sadhusë,negativeduke
gazëtapo,projektidea
ujitur,bolognesë
oxfordshire,beratasit
krouçi,filozofet
skllaverinë,vegjëlve
noronhës,buqe
gjobash,kambanën
forst,fillimishtë
paleontologjistë,editimin
telecommunications,procesesit
bangarhu,ibmcompatible
djerë,auctor
gravitacionit,bernit
artilerinë,istituto
aliçkaj,epikurizmi
chatou,barque
hordës,lanc
komedive,elkun
kushtëzojnë,nisë
dudman,tretni
elektromagnetizmin,blaç
lokalizohet,kryegjigand
hixhazit,castellazzi
prosound,begatia
ikonodulët,belching
thjeshtuan,hoxhajve
konfidencial,mbijetuarveëve
vllamenia,komentojnë
cooperacion,veriperëndimit
lirëduke,trari
pandoja,liberalëve
përgjithme,lejf
balmes,operojë
mështeknave,kohorë
skenderi,isapstolos
saber,caecilius
kaliningrad,martirizimet
postimeve,kontribon
ngojë,kokëçarja
buloh,belatriks
peloponesse,bassanas
pikëprerja,ramje
ndershmëri,herbivorët
lincopense,kulakovs
albinizëm,bagshot
dukëve,krisur
shtëpiakë,hidrokarburet
jsl,emancipuan
joseba,problemitasnjë
kungujt,zberthimit
balloci,dalembert
preket,adademia
korrilës,pushtonin
guxojnë,ck
yi,gaerth
tinejxher,kthehem
hordhisë,njohurisë
vehabiste,learners
stratiotë,lamborghini
mlagës,veçorisë
çelja,gjylekari
dellit,dizertacionit
botojmë,meudon
mimosas,mjeshtren
kryebuzëqeshje,parasol
kadr,pashpërthyera
amoritin,politburoun
rikuperuara,sgjetëm
miratocakompleks,kurta
implikuara,supernacional
kujave,enkoduar
cgis,mahabodhivamsa
biesik,zullulandit
arkitetktonike,darancio
classification,shpeshtat
guides,uilliamin
thare,trainim
njifet,gabzherifillon
sophian,aksoy
fërkimeve,koronën
themelim,toad
ferçajlld,lipideve
zbrazja,tambure
rishikimet,hooters
ops,cyrillic
budimit,oci
karavangjelisit,pisano
qelqta,adhurua
sumit,vazhdimtare
gjonç,dzoullar
musmurati,mong
instamatic,fisnikerive
brahmnal,morty
herblay,frazekalimit
parable,lakuriqët
arie,mahdiu
jung,shperngulur
uchihas,dejima
brezata,paratrumbullit
trimërohen,videolojë
yorkshire,peronella
spasoje,restaurante
inbound,tërstenik
mesfushe,sllatinës
olivares,anthology
alternuese,suijurid
ngjyej,aivazovskit
izuna,homogjenizuar
dekompozuara,kokëbagëti
satkhanda,pafundësia
reviduar,kalsen
përgjithësimeve,turun
bashkëngjitet,crt
menkauresë,pertinaksit
themelojne,ronaldinjo
terësia,saladini
chalcogen,supëspas
soditë,merrja
sccypniis,ekzistente
ndeshëm,trakker
montagy,frangi
thue,pengë
cygnini,being
dollape,roksin
engjëllore,debraj
local,klimatikë
sferen,unionist
derrase,dhekomercial
sovjetikun,vdekurin
rrëra,pokrovskaya
ferrette,anamnezës
bakytzhan,kaut
majlindjen,levent
shprishur,skopin
therandë,nscaa
acatone,shimpanzat
labelatbutonatmenytëdritaretradiobutonatcheckboxattextboxatikonatlistat,shumuar
barasvlefshme,fuqizolet
borisë,lotësh
vielsaintremy,vregny
obligohet,lipsanet
ekonometristët,përjashtonte
gstrikland,shkakësor
kumbarit,turmes
ortografi,jennyin
dishatin,apolloniperendia
vargarat,kaonet
lamniformëve,cocciante
gollomboq,bestiary
oreksuese,mush
kolishtat,ngadhënjimi
shpërbëra,shkuljes
teriparatide,cauroy
aksionerë,uritura
atëdhedashës,ngratit
riajsetit,erkel
shzan,yoruba
mursi,kru
bobinës,sheplla
paramtrat,kryqtarësh
firmino,kaneshi
virtuozitet,murugani
purellku,pakçka
kreont,avantagardit
trollisht,ujitakullit
hrvatska,zgatohet
referencuara,vivar
nënheksore,mikser
impedancë,besojmën
antiquare,kozmo
demokratizimin,ggsn
arkivistikë,maune
jorralë,shkasi
yenish,poljes
motivon,hedhësh
bozkurt,sapitva
shjuar,messagepad
piramidë,xhankarlo
josphine,kosharen
bunetta,kuplet
pytësor,zmbrapsi
lisiçejabolçishti,aoc
oberen,atraktiviteti
quagliarella,gimnasiou
antianzhuine,ake
mekanizimin,kamchia
detashmenin,japanisch
bahar,arjana
kekaumenos,evotec
ostren,kraze
smrekonica,gumuzin
argjende,impedancave
prozomë,buallicave
ndjeshmëritë,grohje
trekëndshi,vllahisht
silvias,peji
vulgarë,zenga
sorkin,eleanor
kundershtojnë,insbesondere
pishtarit,përkatësë
rregjistruan,ndjeshmë
ironitë,hello
tparëve,kamxhik
rrudhosura,adamo
pshegishkhasë,yvonne
biosfera,bishës
përmbytej,gjihthë
coty,pettifoggery
crossdresser,defektoi
derguesin,plaçkisin
protonemë,nxerrën
tonic,peruaç
novosti,vsterdal
paskan,heijit
jombinatyrore,konzervatizmi
hyjneshe,spastronte
desios,veglës
apolonise,këndvështrimit
aghori,ndotet
rentabilitetit,mërguari
vendkalimeve,fashhin
glossop,aguirre
auriana,absordohen
zunigën,ngallite
shoferëve,bashkëzyrtare
kailasa,romakomaqedonase
saneja,vërëni
kurbneshi,nikomedisë
hobhauz,kontribuuesit
youth,milibarë
richelieut,rëndojnë
modulohet,drung
roterdamit,kryesitë
cilësoja,blastomereve
urgjenca,kobe
fleksibel,poigai
represaljet,lunxhëria
kontraktime,gjermanishthebre
numërimit,antrakoterët
jataganëve,mbartnin
problematiku,deponinë
paqëllimta,jetsimin
tegel,christi
christoffer,robë
gastroezofageal,emocionues
fusionit,svetislav
usselest,llucë
caccini,kontaktimi
otoole,dytat
eulexit,theodosius
maravarman,koldashi
tributa,mbushvs
bronks,treshes
sirios,hidrolizë
urinimi,humejra
bertasin,qefalisë
muti,gtz
barakave,lydia
shqiptarizmit,balloz
mijëvjeçarëve,siddhantasaravalit
lozanën,aminoglokozidët
rand,saggio
menyrat,junuz
arkipeshkvia,investimesh
shejbes,casso
fradi,dhcpoffer
khmerit,natriumkarbonatit
shtytësi,ferry
fletrat,kontraverze
pekpekiapeja,terminatori
kungullin,marinellës
njëren,sainteagns
kaprodhi,mësuesnis
nynashamn,prokionidëve
dëshmuam,nisret
florus,carmina
bernal,ipaddressën
sofisë,mosquitia
caroverina,njëthundrakëve
floryhen,graçanica
sulaiman,gjermanive
grantolli,barbossa
padeshit,stilistin
ishjugoplastika,federika
strehuesi,dilan
nëprodhimin,epinefrin
procedimet,alvehabi
tabakëve,nuredini
excuse,ftohtesaqe
sajat,laureohet
kërdhokla,hist
instancave,infektues
atarit,shkuarje
columbidae,kimerës
ngjirur,aska
linguistikegjeografike,kryeengjëllit
ingranazh,tuniziane
vineuil,prelocaj
përgaditen,sindikalistë
kitts,matildën
arbëni,argetuese
lesneven,dëshmohen
fernandel,nënkontraktimet
ndrydhje,çeles
fatimës,shtëse
qarr,rrek
drejtkendore,forghieri
kritikeve,serbica
pigmentimi,dëndura
opinionistët,lupercio
karikaturave,taksonomia
muzhakës,boniadi
epitema,karnivorët
elbistanit,shahida
pineun,pestovë
agronin,greqin
internimet,dimorfizëm
gluck,troftës
vegjeton,mansurin
aventurier,samudragupta
katundas,ardhëmen
kromomere,tiëstos
nukleotideve,kombëtarës
gonpachi,emirët
dimorfizmit,acarit
devijoi,amnezi
princes,lartesia
lumnije,khl
kostosh,stereotipike
funsionojne,cuitlateca
protosardenjë,nadi
turbulente,pyrrhonotus
kompilatori,ishbashkëshorti
percjelle,qk
influencojne,kishit
plaqkitin,nakhla
diodat,svelo
rosin,ack
eksponentëve,vp
megakariocitë,qëndistari
akeront,ishinsanya
afrojack,lulishtet
bulmetore,arqipeshkvin
fragmentojnë,rreshtimin
petkajt,zoonotike
langjeve,endokrinologji
pupëaty,goxhaj
gaeus,labë
klamath,nëndivani
castet,ilssë
njësë,caps
adcc,orientit
bojera,confraternitas
lobuan,ironizim
tindareu,sakramentit
dialektiken,arbeitskreis
pranayama,hnefoss
freiburgut,mbjellnin
shakhtar,dytëmë
endacakë,very
prezentimit,qerdhor
abdyli,hafuzi
shtegtuesit,gorni
iritojnë,alkimisti
depon,grinus
prizerenit,lne
painteresuar,ndërmarrësi
letrarët,siliqi
hanibali,konsumeve
dellinger,iluminati
sagrario,gjarpërpërijtë
plagjiarizëm,papadhimitri
tdrajzer,lyonnais
jepnim,përmbajne
lrn,austriaket
todden,paskajore
neri,greminën
taste,spenserit
pabindje,cerezo
gripitprej,dinamizmi
vaikuntavaradas,kallashnikovë
maksimes,bashkëlojtarin
nënproduktet,sthdip
kontektin,printonte
takauji,nismash
arbanasët,vegjat
goddelau,rreziqepor
pompat,epshëm
pijanec,bashkeshorti
pshdksë,hekurdha
ghti,tipikehosti
avniu,sifilizi
akyol,dobëson
rezistoninpor,nsaids
shamyim,prapavajtjes
hekatonkeirët,plaçke
verdilly,plessisrobinson
vetërespektit,përuronte
ugolino,jopërfshirëse
picassos,thenin
përafron,genius
humje,ruhije
perinatale,ndëshkonte
njëoff,coluccio
mila,athreya
gis,symphony
venoze,inxhenierisë
trofise,katydids
drande,madinat
bashkojmë,tomës
indikojnë,komentohej
kapitulacionet,pëqenin
nikël,cuauhtemoc
terrorizimit,klientësh
busse,misrables
shkrifëruara,zchamp
vallejo,ministërin
gjurmimet,rossel
jobrahminët,dykotiledonëshe
mataf,transitiv
canichana,thirugnana
transliterimit,anvil
anafazës,brëndësi
nevojtorja,ndërmjetësojnë
berggrenit,lartësirën
mermere,ortakët
hernandez,shkembim
akuzuari,nervoz
mbrojtësesulmuese,hellraza
furrxhiu,materijaleve
shukakudemonin,condor
imazheri,bozhurit
vazdhojne,zelandë
statsbaner,palimaru
kalium,compignenord
glutamati,nomadi
zhargoni,vuloste
lie,numravematematikën
biesh,garzelli
cingu,diktatorë
lybabe,mobilë
dhembshëm,murgeshave
çakrolu,recirpokisht
mulzet,kurjan
chtellerault,change
kacafytë,adaptorët
paundit,çertifikatash
tijin,prirurit
mahakshatriya,shkollorëmësimi
artistikosportive,legrada
zhveshje,merollarëve
indre,hëne
margjinal,avonside
sëmudje,vërente
mahasmasana,lumpat
rezovo,stevor
ndodhisë,tabletë
palmistika,litare
fihten,kurrikula
nozullimet,lizer
boingut,prototype
montaiguëtenforez,ndyshon
edouard,bayonneest
pozion,haivazi
aseteve,besant
oqeanikë,opteron
ketëgjitha,gesamtschule
passaron,bezhi
kamja,eposet
suat,portnoyt
zotësitë,rensselaer
lehtësuese,replikimin
konkurues,shërbimesh
afrimitetit,groteskt
gjithëgjermane,shkulja
knightmare,kinshasë
paleontologu,amunherkhepeshef
thomait,gjyqshkon
kopili,kazerm
ibni,nyc
siaps,gakuen
gradina,milkshake
parsons,reker
qevërisë,irmgard
lugthit,lëmine
holkar,ngricat
hogdson,skllaves
sevasti,banjoje
musikës,sllogën
mikroromane,pounda
zunit,humbë
sutura,vetratave
magnusitmartirit,miliardësh
operatoreve,cameri
çiçavicës,seblat
espanya,motomu
evidentimit,qelizash
pesaros,mosnënshtrimi
akit,përgjakëshme
jinanit,risp
kmere,ramn
platëformë,shkurër
nmt,dëshirohet
takayuki,mehrauli
prodhueseve,uqkse
islamizuan,ministeralen
pachucës,invertebrorë
tipton,regjence
arbreshe,adityan
udhëzohej,rreshtash
humbjem,shtremberimet
krasniqidani,bordurë
aspirantit,cannoni
reinvents,intimidoi
sulfhemoglobinës,mitologjikë
latifaj,njëkohësish
harmonikave,kartik
demeti,gjykohët
tronti,souad
anthapindika,misticizmi
meauxsud,bshkimit
kanadezit,theme
vështërsit,impreso
rushit,realizueshëm
comunitmongrassano,dikotiledone
turkëve,membranese
tarentasve,tizianello
hisodi,vpp
heinemann,perceptua
shqiptaru,tipizimi
viruidet,bingham
mjerime,trollit
elrohir,paqartësia
dheri,orchard
dashamiret,shenjtërit
glorias,garzë
noriega,varnin
gjashtëqind,ktenidiet
sma,bucylelong
intrapersonalë,jujutsu
jetësimin,salvetatpeyrals
franchise,symmetries
desiatëve,bruck
leona,raiders
vëllimt,freestailo
shortkat,dhjetëshes
pearce,rails
jmeter,ministrsië
oshkosh,shaker
pasonin,funskionet
ryshfete,humbësi
ukaricës,pellagonisë
dumanit,prostat
snob,hoenn
mandioca,xhelepit
het,sënduku
summerland,filojë
lapidare,poomukhamit
çelaetj,ngatërresën
punëkëruesve,lazerati
drenazhimeve,pershtatjeje
elizabetian,lilibea
atintanisë,lutro
kornica,vllahinica
burrërimin,përtejdetit
bembo,parapa
bisnezin,halandër
vendljindje,aritmetik
inferioritetin,konkurroje
çimentimit,ininity
braska,jongils
drejto,pershkruese
huerta,kryeredaktore
filozofise,ushathkalami
aneksi,stoffgeld
tsountas,migracionin
fusu,përcipta
shkulur,permbi
envigados,taset
manuskripta,bout
dumanoc,lavëruara
bielecka,parshvanathës
mahavihariya,zosimus
pyetura,rajani
ullukut,tonks
hysove,sture
heidelberg,politeistët
diegies,kompanija
plehëruar,suda
rëndesës,audoleoni
sedmcc,hutten
rapsodëvë,radionukleide
sainteluce,kasollja
gipsi,numeron
eugen,pergami
vonat,komunikste
eckert,gojëdhënës
oni,stronga
brendisë,pescia
vetëqëndrueshëm,godn
ogyst,zapod
malës,monitoruesit
paganini,ankoruara
glavinovit,cështjë
crosas,mblidh
fosfenitoina,ganadharan
pazenikit,mikrokontrollorët
monografikë,valltarë
armiqet,partizaneçetnike
godap,jehudizëm
moszyrtarizmi,kontrrollin
vujosheviq,penang
misticizëm,çkyçje
dravograd,pordrina
zvrektorit,brutalë
hakenkreuz,shengjinit
temperamentë,kallkan
llemmanit,koncentrike
devijua,aklij
financash,asl
sigo,fletërrufe
pubike,esadistëve
njehsojnë,qytetnimit
bachtalo,rroge
shpëlarje,adenofovir
muskulorë,marita
aminoacidesh,lens
rishkruan,hermeneutik
fjalëformimit,evropianeantantës
buster,qndruar
violencë,sajks
marobashi,pptp
gask,nënkreu
rryer,tien
uindousi,përvetësue
bashkeshorten,stoiukun
shfaqjën,myftari
rikuperonte,sriget
soutane,demaskon
alternativës,terapisten
urbanei,ccile
lidhjeparti,lajertin
recisive,vedi
enje,monizmit
parmës,rindertimit
srivastava,vonëe
kinoteka,mecenatëve
hashalgorithm,gren
parliament,mesxhide
atharva,bursist
bogy,hidrografike
helladhospërshkrimi,alalam
shqipërigreqiitali,rrëndësishëm
dhurim,trileçja
konfirmimit,konfuze
karroqin,hokusai
kafët,godrik
cerfikata,ekzarkatet
skiatore,touriga
sivb,cormac
mijëvjecarin,paladium
pirrike,dislokimin
rindërtonin,kropotkin
orvatjet,saburo
tcf,zabuza
legazpi,semiotikën
luftarë,ciftit
sankosione,sirclani
furrave,attimo
bhujangasayana,lugs
konkurent,llapshticë
sarasvatin,gaban
dikuj,menagjmentin
familjesgjuha,mbizotrojne
diagnoze,larttokë
ndëshkimesh,shkarkimeve
bashkëvuajtësit,unfikimin
protofibrile,bousman
marrëveshjesa,rambi
shkijeve,përpiluesi
ternavcit,zond
datagridboolcolumn,staje
hemisfere,colet
diputado,xhilldroi
verrukoze,pozë
komisioneri,rrafshuoi
bustesh,artificialë
karagjorgje,boemundit
semundjetti,zammbuluar
grindja,radiografitë
starooryachovo,përvetësuara
kuomintang,sannathy
noyantdallier,gjarprinjve
pastronte,puig
bubuzhela,pui
dinosaurt,kokrrafara
jalashayana,myqerrem
hooks,erfurt
çajmë,interseksualizmin
pickimet,emoni
dhjamë,hidantoin
dinge,rifreskoi
stoikon,vaatu
filtron,fejesat
grafikash,perforcuar
përvijohet,bajçinë
stripping,shkyer
sipylum,benrath
çapa,neoplatonizmin
bishtajore,çgje
teslën,rrungajës
ndërfutur,infrarotë
njesitëve,vendusour
diatoms,nentoke
gavranovi,qervishi
poçarisë,bëhemi
argelles,heidegger
tyt,bufi
zgjatime,intesive
shtershëm,shtruarjen
resurreccin,adigjesë
parashtesat,mizoritë
schuberit,cristoforo
anglikanë,kriposet
myftinie,ini
danajve,apoo
fuzion,lutz
napoleonian,goricatopal
kollën,bhairaveshvaras
relaciaonal,mokshaje
dragobisë,quindici
rotacionit,ëndërrave
kryeministrave,liqejt
zbrazëtie,hilderbrands
miljon,identifikoje
pvrdoret,cheungun
merkatoja,nao
georgina,johispanike
frisius,mamuka
sejmit,kundërmanovra
llashticës,përthithen
veproje,popullori
rishkruante,nativët
gërshetohej,mixtapen
joortodokse,plevica
sarafov,gks
binoke,subjektesh
milligradë,gustafsdotter
roby,mullabazimici
thesalonik,dhurosh
larvë,notpad
kalqedonas,ngurrim
prishësit,veseu
dopamina,mikrofonëve
satubarb,stevensonit
qiramarrësit,tentimin
garcian,shtagu
shalleve,hamame
damouzy,baskervilles
ananth,shrek
dhonos,vqë
pasanik,merreni
perash,shqiptarin
orosh,ujrash
rezonon,deshire
imulsiv,traktorit
jazvina,mesymja
jodhunës,telfree
shortive,bengut
yllnajës,storieve
aligot,hongersonin
tienshihan,sak
gjërmani,disciplinë
imigracioni,ndoturashpesh
rurit,kësajse
rrëmbimeve,klagenfurt
bremenit,ivica
atletikën,dimebag
kryevendet,duffrin
sistemojnë,shnderrimi
nsdfnsae,yamadit
dalmatia,xhenetit
havushe,sinaspizmos
filippida,harshova
xna,llojbar
kennebec,statori
dbf,breznive
andartet,stogovës
interceptua,excubitors
dëllinjave,groshe
lobiste,selektua
shkurorëzim,renovim
diofizit,dondochakka
ripërtypje,ballmer
makroekonomisë,konsumatore
prehej,shqiperisëqë
kontributtë,kompanine
tesheshi,malltë
ndërkombëtarejanë,kallimachos
njoftun,pavizatuara
grobian,mobilizohen
zeshtë,vetënjohjes
njësueme,pandey
gërmovës,crepulja
lapao,mediet
sakrantit,pakoordinuar
grassley,eurodeputete
tërpezën,skith
viscount,shuheshin
latinët,serbomaqedonomalazez
zierë,kallaratit
homerike,kamakoti
mualim,përmbushja
diabat,rojtarët
zzorchestra,multiplekson
timesofmaltacom,beng
fierës,monteignetsurlandelot
zhvilluese,trilionë
fibulat,zbutnin
leben,syrija
injoron,normandin
çaçi,ktyre
plaçkiteshinbëheshin,zoteria
shprehese,fillit
filon,mbipunimi
argumenat,sylejmanin
rdksë,gërmonin
dodën,moja
lagondav,testoon
hvdc,miopisë
kinosdudios,askarideve
paketës,shvetambara
koshiencë,ngatërrim
fukasaku,ndjejme
onkologu,universaliteti
aureolën,nyika
probabilitare,tumoreve
besir,rifitimin
shkodrani,dorezonte
tiranike,halucinacioneve
stanko,indigjeneve
uczak,driverave
athene,dejan
oxyrhynchus,mosbindja
reganët,peremrat
kërbaç,rusoi
zaya,schnabel
taiji,trinitroglycerine
politikofetar,mesophyll
ibne,klshsë
pegasys,gozzoliut
nënraportim,luzzasco
zbërthyen,përmendores
evolimi,montsinrytonnegrande
kenetat,vargja
vendkalimi,kamphuis
inxhinierja,histerisë
balmanya,mekanikën
gjithanshmenë,jovinianum
infermierik,zhulit
rakoevi,mranon
certifikate,rrejshëm
kondana,ngjyroste
sponsorin,burose
bashkangjet,sinomati
kupid,joreal
kruje,ingjeksionit
rihyrjes,thiret
shpejtoi,kafkore
fushëdardania,sofres
limona,plate
jihlava,këste
macjannet,qëllimtë
maier,zinjë
barji,populaire
boshë,rimekembej
protoshqipe,gopi
talmey,nxjerri
nënkombëtare,tecnocumbia
kurtoviq,ëhstë
njetash,gunxhes
përlarja,bilgi
defiçitit,zarumilla
kambanorja,arrogancën
sevilja,kallzuara
llogarive,broca
feodorovna,sfidonte
gaqos,gizse
berikovë,enola
vneshtar,xebec
përfituesin,armenishtja
tegelen,golfsrimit
hode,frëngët
rogane,buze
tarsiers,haryanka
ndëshkojmë,tranguj
lahmanit,koqinja
luftetari,mahindra
absolutizëm,fqinë
stupën,koco
dorezë,arktoidae
ulumisht,ekuipazhianëtarë
krepave,mcarthur
anagennisi,poliklinika
freeport,bastijes
qedra,tezak
kronetorp,strashno
populloritet,koshare
privatizim,vëzhgonin
klasiket,perdorte
bunny,civetit
giorgetto,gravitated
vasseny,liburn
grahamlondon,rozhdestvenskaya
qajmë,buchstabe
fiksim,dugaiva
thivai,sinjalizim
senday,përziu
percaktohen,xhejna
shumeri,hayatt
aksionevei,abaku
artisikë,landeta
lauretta,amagne
aftesive,fajllit
sefirotë,pamundësisë
llupon,rentat
gumenica,macave
stalaktite,galiki
erzurumit,arantes
konfrontuan,scaune
miksetë,apatoff
trumbetat,koregët
odinit,fux
amantian,sdav
saive,rehm
terrorin,bllekin
gjenerallejtnant,mireë
penj,turufan
filipovcin,kosovaromaqedone
gravitacion,përkushtimeve
rorty,kosovrasti
rakun,rifillonin
mjalt,birësore
bulimia,thtë
tredhur,honore
pabet,nesërmja
difuzionit,kliment
prejini,idnë
hradshvding,ndërhyrësit
pagliuca,lindjesfemrat
alb,gërshetim
territorialisht,sinusoidale
cyberpunk,majkelli
krijes,komitit
filiim,buklës
civilile,ahkaba
turisti,kapilare
rojiblancos,quoja
harmonizimesh,tjrë
bikarbonatetnatriumikaliumilalciumimagnezitë,tabletash
hyksos,prizmatiksulfuri
hjrleifshfi,thotëkam
ekspozoi,qelepirxhiu
mështeknë,shtëpijat
dekolte,neofantastik
amruteshvara,shkelim
oday,branovaqki
frankon,anketimit
agiu,menjnë
torturohen,sistemimi
thellohesh,njejti
hostin,borgjezët
nereo,khal
jetojgjsat,masaryk
marrëdhënjeve,fotball
carta,rrezikshmet
ropp,ranishte
kirsch,mospagimit
oichin,leptini
medaljonet,rihterit
penrice,vazhdueshem
adushi,gametrailers
funksine,saldana
egjyptianë,fdp
betteridge,jalifatpublishinghouston
pitiden,vezulluese
menemsë,neci
reganian,otemanu
pool,dvapara
grushtoi,gegnisë
parikh,shtyhej
onuzit,piatat
natyrorte,dedikimin
rostovian,theodolinda
sollaks,pregatitnin
saintauban,gshi
marionit,thalia
frensi,zmadhoheshin
aspirante,bahrainit
shumëshkrimtarë,fondacionet
gjermanoirlandeze,digorit
zina,reena
condict,bukaramanga
shfuqizoje,olibe
kinji,kryebesimtar
fotonit,xhaferr
puçini,janevskin
piritit,dushit
lotto,frymëzojnë
tërbaç,konsumonin
ftonjve,çliroje
luchino,hegjemon
alumint,stralli
somalezë,nitrati
ndou,deriatëhershme
milazimi,formate
mansnordouest,qënt
amaratit,manner
vitrinat,rosita
ibnulhusejn,melanipa
tdo,meslaydumaine
trabzonsporin,stuballovë
maintenance,katalonofobia
shtërpcë,topulli
mbiemërpatronim,lafontaine
teritorijale,tijnuk
kufr,boulmt
pensilvaninë,dobriç
përgëzoji,terë
bashkëpuntorët,kulturizmi
jal,sutrave
pilit,abazid
nebraska,vadivudai
karimov,zgafella
shreekshetra,otiti
tinit,jokolineare
dyjavështit,elm
filialit,qfarë
njëmitë,dialogë
vuçiternës,argjentines
muluk,kurdistanit
çifuti,atatrk
pulsioni,rilidhë
trefimi,favorizua
parabrahma,miceliet
shejtan,pence
përvijimin,zia
naumovski,dentist
hakmarrja,xhordan
primate,liqenasi
diode,persëri
rrefehen,katapultimi
kirsan,vizatohen
bororamiz,bebsterit
tablets,papilarë
magna,meerutit
bashkëfshatarëve,driblon
golashënuesin,sothebys
onolan,byjykut
bellen,skepticizmin
dekorim,sterbro
krishterve,cinna
anomalive,likuiditeti
optoelektronikë,elegancës
lko,merkuri
verstuyft,quintana
posedimit,specializoje
laring,perempuan
scarpatti,klenjës
grumbullit,inqizoi
halduni,bufasi
anglomysore,trencat
miradina,zakonshmes
tempullarë,mekong
etologjisë,aligiero
kolorektal,indukton
kreolët,kalendarëve
helenocentrizmi,plehnishta
nuza,feisa
ndihem,bhajanësh
nënkuptim,bernina
reaktanteve,hurayra
larnaksi,kartagjenasve
shtutgartit,prvoj
aventinus,konikë
etanol,asian
genta,ikonografisë
opojë,pafatë
vure,çertifikimi
çajnik,kadetralenskolan
tregeti,kushing
pavlani,qymyrmbajtjes
amine,ijill
singidinumnaissusscupibyllazorastobithesaloniki,crevole
hipopotamëve,pult
fortesëspallat,auktori
peruane,chengen
moderohet,aftësim
integrated,matenatikës
euroskeptik,bully
regjistrinë,nat
hajdin,skandas
sansin,vishem
shejbe,eletktronik
armenishtes,mukhi
sangreal,nund
unversitetin,fisheku
anargjende,konverton
kokonozi,duat
kercejve,smovskio
tugës,finalndez
magovçeviq,shpells
iulia,lingamë
tolerancat,birgu
zhongnan,httpde
bf,demencat
molier,psaltiri
akli,minorhinoceros
krumin,prentice
lojërash,ssnë
eltibb,pinnae
multikulturalitetit,cle
dëtyra,ologopoliste
rumanisëhungarisë,vegjitativ
çernobilit,albumemrah
konjiqit,teorëmën
hyni,buzheri
milingone,vsterhaninge
sipkaten,fletekomercialja
barinjëve,debutuesin
rusillioni,luxemburgo
mirakes,amulet
ttorter,muçibabën
quinlan,punonjs
krijuesja,krajka
bozok,suze
lenit,babaramo
paraguaj,kelkut
ksenofilius,snugly
variabli,salernitanës
dispozicio,nemuri
kodar,polyeucte
rrallua,deeper
kapasi,spanjollokatalunas
shady,almustansir
shrapnel,manfred
engjëj,shefq
huizhou,shëmbëllyeshëm
therese,burgonjës
avancim,mëi
shingon,ecurit
zhaner,ftohej
supozoi,qutqaen
stokton,papare
sterilëve,triadës
gironas,vaxhibe
shumëfunksional,audjencën
flamboyant,shpirtnado
antioquia,institacione
flavor,pishem
epigrafia,përbërëgoja
varrmihësit,antarsimi
title,tipikoja
balona,plutonium
alegorive,akainus
qmallur,maturimin
michelangelo,trashigimia
afabet,manikarnikesvaras
amendimeve,alberta
hithalayn,protokoli
karantinuara,ponitë
klearku,precedentë
listimi,falu
hiperspaciale,anap
helmimet,kafshatave
fshirjes,ksf
lambda,normanna
tektonikisht,vërejtura
rikombinimet,tezen
këmbanarja,leposaviqin
renoperikardial,gomsiqes
infinite,vucca
remusica,andrilucas
tagu,banorëduke
jagannathi,pikëtakim
disidentëve,periodikut
oceleve,etna
romankatolik,lachaise
boletinit,atidhe
etolisë,atromitos
birila,hajrullau
sigurar,digat
adaptime,keokuk
lucianos,qimrt
menutë,arrogantë
paasfaltuar,nastalk
filogenetik,opusit
xanit,udhëheqjën
grackën,vuçe
everestit,ngarkimshkarkimi
harxhuara,simas
feminizëm,birmanez
entrevennes,meritol
gjëndjë,përgatisin
belgrave,bërrylat
dialektstudie,impresionojnë
biblicae,schedules
stihija,ersoji
litosferë,greenback
curo,baheshin
rithemelimit,përmbajtësit
rihanna,magnez
rexhepovitëve,halogjene
ikonomin,dërrmonte
labels,barkas
nerasht,arkiologu
karabakhi,hohenzollernsigmaringen
gianninin,mulosmanit
mosmbledhjen,fryrjen
rijasetit,traumatizua
iiia,sveinn
daulat,syrianska
uaurdhëru,simeonit
rinxjerr,erika
egërsirës,piroteknik
bazaare,latficus
neologizmat,vrafer
stopi,subtropikate
kthimti,zdhelpr
degëz,krishtërimin
lehtëe,rimartuar
podrumit,gërmës
husain,pjestuesëve
ikrr,shkrepësave
demosi,mbushim
brastvo,kvdrita
apelimin,sumulicë
causholli,prejhistorik
fever,bashkëpronar
balczar,errrredu
huajamënyrë,heap
kennings,përuruan
boninsegna,qiello
lumturua,stërgjysh
ndoka,presionet
rocesteri,kaikeyi
lampung,kombinuese
hanseli,ejona
ruman,zamani
knights,variabile
damini,marmarasë
gongu,plotinit
adoptoua,indira
sicilian,qendërbanimeve
morinës,kitaristen
thirrësit,seguin
palodhshëm,kee
velikë,komplotet
hidrometeorologjike,ekseli
avadavat,cares
ciscocisco,merikarp
selznick,arratisja
mileniumit,jasmin
gazela,messit
leoluca,ngjyrosi
shkure,shlokat
condaminechtelard,shanhai
çabrati,missionary
albn,kozmologjikeduke
cilia,tupanit
parazgjedhjes,mbaspunës
karantin,peshes
vikingët,gjigandët
memphis,meryl
tingëlloi,herësi
valmiki,telefonimin
organizaur,arkëtarin
maccabi,konfigurimi
mirchik,scholar
vuçiç,inn
moralizimi,tifodizenteria
gorenit,hoteti
ripper,stereotipi
gravitetin,sapoformuara
xehen,gadishujt
karnatës,ngjizjes
menaxhuara,lipi
terbaçi,hauptstadt
parath,rreshtohej
sinotibetianëve,timoani
modernizuan,srl
nevojtoreve,erodium
drejtëkëndore,dasyus
amorfe,kolievskit
përjetohen,fustanit
tetorë,benedictus
heronjsh,bicocca
alegoritë,ndërpretë
podiumit,krijuesitambasadorët
japoamerikanët,kagetorës
topografisë,montserratiane
intense,servisimin
gjelin,zhegocit
parakallikratis,gerede
knute,njesija
vulva,detergjenteve
sheringham,demonstrimi
mishustin,përshtypjeje
zamaren,kijametin
argjenddashjen,vogjel
infektime,çanakëve
vandalet,montdieu
horizontalja,bermanhartmanis
fdc,mishrave
chuy,almaviva
dracorex,inçë
hackime,udbje
runicë,distilerive
blazon,açarevë
ngrire,specialiteteve
ekranizimit,beauregarde
pets,stenda
nominimit,sipërfaqjes
mëshiroje,polifoninë
skleri,rajgiri
kymolekulat,attitudes
teteks,kavalerinë
ujëmbleshës,lenjanin
advokuese,nikel
perëndimizimin,jenit
lëvdatat,hardcore
vrojtuar,kapitenet
qeline,kërner
tkeq,kryezoti
mërziti,mitromaras
globetrotters,bolshevike
brenga,fertiliteti
slvia,xhandarmëris
gëlltitura,sangameshvara
capitoli,invaginim
fyelli,phosphor
albee,cubin
dallga,bishzsë
përgjithsi,micaëla
komandon,kangjellat
melnikovi,paftuar
hiqni,riprezantuar
umeje,simnicë
hartograf,centumalus
rhinelandit,kaltëroshe
vajë,dramaturge
konteiner,scout
arkondësh,xhainizmit
buronjave,anugraha
molekulash,kanxhas
dizdarit,kompilim
sonzognos,kompilimit
brendija,helmua
chillen,operationalization
dzhimara,frikësoheshin
karbonizohej,taka
ortodoksëve,dikshan
njëvjetorin,mançuri
rebelimeve,rybnoye
ptca,roaming
posthumanizmit,baçe
melodicitetin,xhematlinjt
shkelqeu,avlemend
pahor,batakçinjtë
xhuxhin,papalitisë
takoni,korrigjoje
kedavrën,portretizimit
fenomenologjia,theksoji
tiruvottriyurit,triangle
riformatimin,kurrrikul
limogesla,pyetësor
ikonomi,selektimit
kultuivohet,akadmia
dëftores,fabin
klenjes,monogram
biografit,unmikut
sitnica,perivaldo
zhguni,episkopë
kornesë,egjitpianë
hibridëve,dëshmua
sahajanand,softa
luajtshme,modules
arbitrariteti,kaidon
villeneuvedentraunes,rolesh
shahes,osirit
këndvështrimet,imituarën
ndyrë,instinktuale
furtuna,sllavedhe
dixie,uq
moher,amplifikatorit
fushbeteja,vicua
remodeling,balestron
kurthit,ndërmjetësohet
tinken,palajt
nge,lehtëbesimin
ekuipazheve,varruajtës
sama,funksionalizua
lepusha,kotçi
mel,balotazh
dargunum,embrione
zymtësisë,kundërthënieve
serbogreke,prejt
mikpritur,sakrifikimi
kompresionit,konsatnes
automobilat,bagnolenses
takamura,lothar
vazhdonim,baleada
stemat,stiliste
bergenit,matematicienteve
indentifikua,bajameve
heroidet,honduran
mundimesh,biblë
gazore,oreste
buxhovi,dherave
goria,duzajo
dobishem,elektrokimi
mead,blofeld
tronditnin,sekretareshë
mbiquajtën,perzjehen
allvanosët,nderhyrjen
hamra,idarit
ndosha,qs
llapjonë,holst
privatizuan,fuqishmëve
toppel,respektuese
madhesia,vijëzash
trembëdhjet,myelosupresionin
dizraeli,rahimi
orket,zhgënjen
vlashit,morit
pronesia,faverial
morning,sinode
relativishtë,ëeer
përditshmen,ripariane
sherifin,pazbatueshme
valltarësh,prokuplës
grerëzën,mbuluem
blany,ptolomeun
rajneesh,montignysousmarle
formulës,ssc
tanaveram,rakip
tongsamdongut,nossageetbnvent
klitschko,pesëjavor
çiftja,arjuna
aburame,tratik
koshtrat,leibnizs
sundoheshin,banuort
lislish,gladiatoriale
kershiqi,mcmillan
gjenealogjik,femnat
haraçin,maharashtras
parashe,mbingarikimit
dijt,coulter
kaljon,ebenezer
maujin,dalia
neta,ktar
erzurumin,uddaka
okupim,aktivizojnë
pandalshëm,valentore
kryemyfti,sopot
skrupuloze,takashi
clsico,sabotimin
realsite,shalimarit
abdurrahimi,perisodaktil
podgora,përkujtonte
iitom,rudaku
yongzheng,kirkpatrick
ngrihemi,topologjisë
peisazh,tespive
shembjen,mandirin
njesmagasinet,inciativë
horizontesh,tharta
majt,materializmin
najkuistit,informova
fioje,munellës
popullarizuam,magatama
multiscreen,sodeve
antropomorfike,srbiju
yourk,viqa
dëbore,vëndpunim
colantuono,vathët
horkruksi,afroj
pettersson,biseksuale
themeltare,paemër
udhetimin,shtëpuan
dizajoi,psychologist
lauruar,tastit
sherbetori,jasiu
plussin,skuterëve
docente,boryaku
marduku,europerusise
ventrikulin,frontespicin
kliton,pascual
groponin,rekomandimet
përzjerë,breeder
glonik,konjuh
imros,jonghoon
tërpezaatdhetar,uniunea
vendorigjinë,sangharama
rittmeister,arhangjejve
raffaello,lafferty
giugiaro,ruthenisht
markt,stjuardesa
librazhdi,sedllari
sindromës,mores
koncepton,klikojmë
drinisë,pegmatiteve
evakuar,mashkullores
tavington,bojatisur
demonstratë,qendërsulmuesit
rremullaket,lulëzonte
stoikë,nbjeshkë
ranson,bardhësinë
normalishtshtresa,bassel
galiciane,hoelun
bresanës,baghu
rrushenica,sekiraqen
pavane,heilugjan
tili,bahen
abuzuesit,gemidzii
elnur,kalciumin
braunlou,cobreloa
bletarëve,vertetohej
haim,brucei
kars,ndtia
termal,padëshirueshme
kinoteatrit,mattenenglisch
vanderbilt,latvijas
pështjellën,trebenishtit
lavdëruan,robertit
ilegalitetit,dekunve
përshtatshëme,deshperuar
joeuklidiane,shkëlzeni
mësimdhënësin,zareve
inaguruese,ishkryetarit
rexhin,sponsorizohej
kompromentuese,përjetua
kërminj,ngatërrestarët
sotim,tërifitimit
fukp,frontales
hoteleriturizëm,fokusimit
trazo,slovenia
kosovs,fluski
copëzat,varadrajarit
furnizojeni,dënuares
pellazgoilir,irakian
ishmanastirit,ramcharitmanasin
çoma,montbiliard
mëkuar,ghaut
kullote,ishsovjetike
gionala,cherith
zejadin,peregrini
ishjugosllavia,soli
bisexual,çokollatave
çeçenaul,guranjak
riggenbach,burjan
alboritme,kaluem
këtëvjen,fenoskandiane
kantier,godardi
ramon,udhëhigeshin
eikyrnir,soketat
jugular,kasharit
shelxhes,leontit
margery,malyutini
bacio,lobistëve
kryemëzatin,caracal
shoferët,saintmartinien
dosëzaështë,ipse
mdiation,foraged
regjencët,ashot
kallst,kollë
fallsifikim,gea
intramodal,rikombinimit
dhuruesish,teji
tvb,baktericideve
breslaut,forni
gënjeshtrat,sajsado
ngasjeve,hsareyn
boboshtit,mbath
rajasimhesvara,cinh
filofizë,buffy
elsadikut,aktualja
popët,hekurtë
sevaster,henleyonthames
ledhine,bashkëthemeluan
ensarët,grabitë
elektronikën,entuziastë
mobilizues,canestrini
rubit,velezhë
opozite,stoliset
lazarit,jasin
lisola,ochard
mobiljet,helenizuar
zgjedhuara,ogi
ya,obeliske
hormuzit,ngadalsimin
qani,gjithepranishem
sveti,bihejviorizëm
rimësojnë,horum
myshqe,celebrues
karondeletit,kohli
dudley,ticho
diastole,shfrenimi
këndoftë,thundam
publicitar,dydantsh
oksidoreduktuese,suportitoss
barcaleta,nenpeshe
senenmutit,ballakumet
albtelekom,çelentano
zburhan,tretëhe
eskopes,nanoteknologji
zeriytcom,planeveasimilueseata
valljeje,spezzano
tanati,valmordidhes
sizmolog,kështusepse
rajpathi,lugdunum
neqoftese,spartaku
lotin,pasimeve
majfud,truprojën
hanko,shenjester
nieves,sigurimsave
valldauras,hitua
ericinio,besëvep
diktonte,durvasa
kromatografisë,bukutinë
aneta,fluelan
pumpkins,përfundonë
nënlëkurore,inda
stenzel,sarko
azimabadi,skriptet
normalishtë,bhaktavatsala
agumentet,frazee
gungaçe,këpucëa
heria,alkaidës
hartojmë,hypothalamus
plaça,katedralsës
podë,asokoli
chabanais,mdhaja
panhala,njëzëshme
strogonov,alam
haxhxh,crouttessurmarne
kuriate,habutai
provins,eltabari
raymore,xamax
elektroshokun,retrospektivash
kalibër,njollat
refraktare,trapezeria
sfatul,patituçi
philharmoniker,mica
telashee,gramshi
dolenordest,afatëgjata
miriam,qepej
eksponentë,caldense
emulojnë,dyrrhachium
ralits,euzebi
burruse,markimi
prenga,urgjencat
autist,dendesi
bereas,hikizurin
sardenjës,taylortaylor
azere,kavabatës
kalamatas,katabira
sastry,kuislingët
aau,bisphosphate
nahu,polifest
sakulicës,meningeomi
ptis,nyssa
tigreshat,rabbit
chamundi,stilistikeduke
maciej,plaisance
biograf,monobaktamët
abstenicionistët,mëgjithatë
sene,hirotada
marengë,eksudati
yllësinë,vazdhuar
domitilianit,mbrëma
languri,pasig
mushi,nënndarjeve
husos,thraket
rregullua,smokthiniote
stërvitë,dylanit
venet,pëcaktuar
rigjen,fonderi
shpellekapelë,futures
rrembente,modekngei
varime,skorzenyt
kretaceun,grundtvig
vodno,geoffroy
lufirin,pergatiteshit
maxhunit,automatizuar
tetëdhjetëta,gallderëmë
morenat,konifere
pozicionimit,shoqnoj
rijnë,kozxhuollut
paralajmerim,hackerash
mësyjeni,shtërnguara
ndërdisiplinare,mutacionesh
fantazëm,kachintë
aksesh,skeneri
përfundimish,skahënë
hajdinit,lucerito
meinberg,lune
invalidëve,përnjëhershme
pdf,propria
perdoruesve,grija
çudibërëse,didaktikën
albane,lokes
pandryshueshem,claudiopolis
renji,ujëvarash
ovidios,rugina
albanie,shtyrëse
shoshani,amerikanogjermane
kmrreth,pulsacioneve
ekzone,kalitherium
corruption,perjashtohet
bedrush,ikëse
hierro,poezisës
folitë,guazzoni
tagemizmat,periskopitë
donner,azotizim
dragoni,thecken
ppdsë,perihelit
paletat,mjekadiktolog
urdhenuen,augustianëve
vlikhos,hamendjet
mastabat,ringjallurit
jashtëzakonshmen,copëtuese
shaktit,cove
zmajl,parameshvaravarman
shahidë,racizmi
paintballs,ffjala
minimi,poopsë
këkat,gradualism
sikhos,besëtarë
roia,kokobobo
roumllie,remit
bartk,mbrojne
kontrollimi,rese
ngoc,pastave
sallarevë,guizhou
stratopauza,headshells
hinda,humus
tomassoni,hinkave
pendues,cefta
leximagje,zonjushën
shqisë,computers
vajrapani,nyjat
panevojshëme,grille
eparodontopatisë,kryepeshkopatat
crisp,rinisa
alsayyid,melburn
leek,biokimiste
pazakonshme,pilosit
ekspresioniste,peoples
furçave,mahamallas
eng,ntës
inteligjentet,
bujani,
hof,
indikoterave,
mutlu,
protestantizmin,
boomers,
carthage,
themelorendërsa,
callisto,
mbretëreshave,
kapërcyell,
vëreheshin,
tëulët,
specifikojnë,
aligatorët,
shkaktarit,
grumbullua,
shkëpusnin,
fannan,
harperit,
fresno,
komandoi,
sahabe,
tkachev,
lau,
përmbaruesit,
kordt,
efraim,
demitizimi,
nenemadhja,
rft,
goditste,
kakarriq,
stoike,
coup,
luaneshave,
joefikasitetin,
alençon,
unmikun,
fields,
greyhound,
romeambicia,
kagery,
ndërtojne,
shtronin,
çnjerëzishme,
duhamel,
bisedore,
einsatzkommando,
lorient,
tufi,
epirotëve,
horkruksë,
quemada,
ngadalësojë,
borough,
pollio,
zsitki,
elona,
kopshtonte,
